Forest,BurnType,TakedownDate,TrapType,TreeNumber,TimePoint,TrapDestroyed,VialNumber,LabelCode,PrelimID,Order,Count,Family,LifeStage,SubfamilyOrTribe,Superfamily,Genus,Specimen ID,Guild,Sex,det,Preservation,Notes,
sgl322,recent,2025-06-09,clear vane,1,1,no,1,"322, CV 1, 2025-6-9, V1",zebra Ichneumonid,Hymenoptera,1,Ichneumonidae,,,,,,parasitoid,,,ethanol,,
sgl322,recent,2025-06-09,clear vane,1,1,no,1,"322, CV 1, 2025-6-9, V1",poss Augochlora pura,Hymenoptera,1,Halictidae,,,,,,pollinator,,,,,
sgl322,recent,2025-06-09,clear vane,1,1,no,1,"322, CV 1, 2025-6-9, V1",poss Cyrtolobus,Hemiptera,1,Membracidae,,,,,,herbivore,,,,,
sgl322,recent,2025-06-09,clear vane,1,1,no,1,"322, CV 1, 2025-6-9, V1",spongy moth,Lepidoptera,1,Erebidae,Juvenile,,,Lymantria,dispar,herbivore,,,,,
sgl322,recent,2025-06-09,clear vane,1,1,no,1,"322, CV 1, 2025-6-9, V1",Histerid adult,Coleoptera,1,Histeridae,,,,,,predator,,,,,
sgl322,recent,2025-06-09,clear vane,1,1,no,1,"322, CV 1, 2025-6-9, V1",tiny (3 mm or so) adult staphylind,Coleoptera,1,Staphylinidae,,,,,,?,,,,,
sgl322,recent,2025-06-09,clear vane,1,1,no,1,"322, CV 1, 2025-6-9, V1",carabid adult,Coleoptera,1,Carabidae,,,,,,predator,,,,,
sgl322,recent,2025-06-09,clear vane,1,1,no,1,"322, CV 1, 2025-6-9, V1",scarab adult,Coleoptera,1,Scarabaeidae,,,,,,herbivore,,,,,
sgl322,recent,2025-06-09,clear vane,1,1,no,1,"322, CV 1, 2025-6-9, V1",big scarab adult,Coleoptera,1,Scarabaeidae,,,,,,herbivore,,,,,
sgl322,recent,2025-06-09,clear vane,1,1,no,1,"322, CV 1, 2025-6-9, V1","aphid, winged",Hemiptera,1,Aphididae,,,,,,herbivore,,,,,
sgl322,recent,2025-06-09,clear vane,1,1,no,1,"322, CV 1, 2025-6-9, V1","bark louse adult, probably Psocomorpha",Psocodea,1,Unknown,,,,,,?,,,,,
sgl322,recent,2025-06-09,clear vane,1,1,no,1,"322, CV 1, 2025-6-9, V1",Phorid adult,Diptera,1,Phoridae,,,,,,decomposer?,,,,,
sgl322,recent,2025-06-09,clear vane,1,1,no,1,"322, CV 1, 2025-6-9, V1",thrips = 27,Thysanoptera,27,Unknown,,,,,,herbivore,,,,"not stuck on wings, floating in ethanol",
sgl322,recent,2025-06-09,clear vane,1,1,no,1,"322, CV 1, 2025-6-9, V1",thrips = 15,Thysanoptera,15,Unknown,,,,,,,,,,stuck on the wing of the sticky cicada,
sgl322,recent,2025-06-09,clear vane,1,1,no,1,"322, CV 1, 2025-6-9, V1",Phoridae adult stuck on wing,Diptera,1,Phoridae,,,,,,,,,,stuck on the wing of the sticky cicada,
sgl322,recent,2025-06-09,clear vane,1,1,no,1,"322, CV 1, 2025-6-9, V1",Staph adult,Coleoptera,1,Staphylinidae,,,,,,?,,,,stuck on the wing of the sticky cicada,
sgl322,recent,2025-06-09,clear vane,1,1,no,1,"322, CV 1, 2025-6-9, V1",Phylloxerid adult,Hemiptera,1,Phylloxeridae,,,,,,herbivore,,,,stuck on the wing of the sticky cicada,
sgl322,recent,2025-06-09,clear vane,1,1,no,1,"322, CV 1, 2025-6-9, V1",Magicicada adult,Hemiptera,1,Cicadidae,,,,Magicicada,,herbivore,,,,,
sgl322,recent,2025-06-09,clear vane,1,1,no,1,"322, CV 1, 2025-6-9, V1",Magicicada adult,Hemiptera,1,Cicadidae,,,,Magicicada,,herbivore,,,,,
sgl322,recent,2025-06-09,clear vane,1,1,no,1,"322, CV 1, 2025-6-9, V1",Magicicada adult,Hemiptera,1,Cicadidae,,,,Magicicada,,herbivore,,,,,
sgl322,recent,2025-06-09,clear vane,1,1,no,1,"322, CV 1, 2025-6-9, V1",Magicicada adult,Hemiptera,1,Cicadidae,,,,Magicicada,,herbivore,,,,,
sgl322,recent,2025-06-09,clear vane,1,1,no,1,"322, CV 1, 2025-6-9, V1",Magicicada adult,Hemiptera,1,Cicadidae,,,,Magicicada,,herbivore,,,,,
sgl322,recent,2025-06-09,clear vane,1,1,no,1,"322, CV 1, 2025-6-9, V1",Magicicada adult,Hemiptera,1,Cicadidae,,,,Magicicada,,herbivore,,,,,
sgl322,recent,2025-06-09,clear vane,1,1,no,1,"322, CV 1, 2025-6-9, V1",Magicicada adult,Hemiptera,1,Cicadidae,,,,Magicicada,,herbivore,,,,,
sgl322,recent,2025-06-09,clear vane,1,1,no,1,"322, CV 1, 2025-6-9, V1",unwinged ant,Hymenoptera,1,Formicidae,,,,,,?,,,,,
sgl322,recent,2025-06-09,clear vane,1,1,no,1,"322, CV 1, 2025-6-9, V1",shield bug,Hemiptera,1,Pentatomidae,,,,,,?,,,,,
sgl322,recent,2025-06-09,clear vane,1,1,no,1,"322, CV 1, 2025-6-9, V1",staph adult,Coleoptera,1,Staphylinidae,,,,,,?,,,,,
sgl322,recent,2025-06-09,clear vane,1,1,no,1,"322, CV 1, 2025-6-9, V1",scolytin adult,Coleoptera,1,Curculionidae,,Scolytinae,,,,herbivore,,,,scolytininae adult,
sgl322,recent,2025-06-09,clear vane,1,1,no,1,"322, CV 1, 2025-6-9, V1",scolytin adult,Coleoptera,1,Curculionidae,,Scolytinae,,,,herbivore,,,,scolytininae adult,
sgl322,recent,2025-06-09,clear vane,1,1,no,1,"322, CV 1, 2025-6-9, V1",mordellid adult,Coleoptera,1,Mordellidae,,,,,,?,,,,I think mordellids are herbivores,
sgl322,recent,2025-06-09,clear vane,1,1,no,1,"322, CV 1, 2025-6-9, V1",mites = 5,Acari,5,Unknown,,,,,,,,,,"4 found latched onto the Histerid beetle. 1 mite free floating, but it looked similar to the Histerid mites",
sgl322,recent,2025-06-09,clear vane,1,1,no,1,"322, CV 1, 2025-6-9, V1","aphid, winged",Hemiptera,1,Aphididae,,,,,,herbivore,,,,,
sgl322,recent,2025-06-09,clear vane,1,1,no,1,"322, CV 1, 2025-6-9, V1",Mycetophilid gnat,Diptera,1,Mycetophilidae,,,,,,?,,,,"decomposer? eat's fungus, so what is its functional role?",
sgl322,recent,2025-06-09,clear vane,1,1,no,1,"322, CV 1, 2025-6-9, V1",Mycetophilid gnat,Diptera,1,Mycetophilidae,,,,,,?,,,,,
,,,,,,,,,,,,,,,,,,,,,,beetle identified as a tetratomid and put into the fully identified vial 3,
,,,,,,,,,,,,,,,,,,,,,,fly put into the VDiptera vial,
,,,,,,,,,,,,,,,,,,,,,,,
,,,,,,,,,,,,,,,,,,,,,,,
,,,,,,,,,,,,,,,,,,,,,,,
,,,,,,,,,,,,,,,,,,,,,,,
,,,,,,,,,,,,,,,,,,,,,,,
,,,,,,,,,,,,,,,,,,,,,,,
,,,,,,,,,,,,,,,,,,,,,,,
,,,,,,,,,,,,,,,,,,,,,,,
,,,,,,,,,,,,,,,,,,,,,,,
sgl322,recent,2025-06-09,clear vane,1,1,no,2,"322, CV 1, 2025-6-9, V2",thrips = 8,Thysanoptera,8,Unknown,,,,,,,,,,,
sgl322,recent,2025-06-09,clear vane,1,1,no,2,"322, CV 1, 2025-6-9, V2",thrips on cicadas = 13,Thysanoptera,13,Unknown,,,,,,,,,,,
sgl322,recent,2025-06-09,clear vane,1,1,no,2,"322, CV 1, 2025-6-9, V2",cicada,Hemiptera,1,Cicadidae,,,,Magicicada,,herbivore,,,,,
sgl322,recent,2025-06-09,clear vane,1,1,no,2,"322, CV 1, 2025-6-9, V2",cicada,Hemiptera,1,Cicadidae,,,,Magicicada,,herbivore,,,,,
sgl322,recent,2025-06-09,clear vane,1,1,no,2,"322, CV 1, 2025-6-9, V2",cicada,Hemiptera,1,Cicadidae,,,,Magicicada,,herbivore,,,,,
sgl322,recent,2025-06-09,clear vane,1,1,no,2,"322, CV 1, 2025-6-9, V2",cicada,Hemiptera,1,Cicadidae,,,,Magicicada,,herbivore,,,,,
sgl322,recent,2025-06-09,clear vane,1,1,no,2,"322, CV 1, 2025-6-9, V2",cicada,Hemiptera,1,Cicadidae,,,,Magicicada,,herbivore,,,,,
sgl322,recent,2025-06-09,clear vane,1,1,no,2,"322, CV 1, 2025-6-9, V2",cicada,Hemiptera,1,Cicadidae,,,,Magicicada,,herbivore,,,,,
sgl322,recent,2025-06-09,clear vane,1,1,no,2,"322, CV 1, 2025-6-9, V2",cicada,Hemiptera,1,Cicadidae,,,,Magicicada,,herbivore,,,,,
sgl322,recent,2025-06-09,clear vane,1,1,no,2,"322, CV 1, 2025-6-9, V2","wood cockroach, winged adult",Blattodea,1,Ectobiidae,,,,Parcoblatta?,,?,,,,,
sgl322,recent,2025-06-09,clear vane,1,1,no,2,"322, CV 1, 2025-6-9, V2","aphid, winged",Hemiptera,1,Aphididae,,,,,,herbivore,,,,,
sgl322,recent,2025-06-09,clear vane,1,1,no,2,"322, CV 1, 2025-6-9, V2",aphid immature?,"Hemiptera, immature",1,Unknown,Juvenile,,,,,herbivore,,,,,
sgl322,recent,2025-06-09,clear vane,1,1,no,2,"322, CV 1, 2025-6-9, V2",bark louse adult,Psocodea,1,Unknown,,,,,,herbivore,,,,"head was removed and then found again. If the head is a correct match, then this is a bark louse",
sgl322,recent,2025-06-09,clear vane,1,1,no,2,"322, CV 1, 2025-6-9, V2",cicadellid adult,Hemiptera,1,Cicadellidae,,,,,,herbivore,,,,,
sgl322,recent,2025-06-09,clear vane,1,1,no,2,"322, CV 1, 2025-6-9, V2",psyllid adult,Hemiptera,1,Psyllidae,,,,,,herbivore,,,,,
sgl322,recent,2025-06-09,clear vane,1,1,no,2,"322, CV 1, 2025-6-9, V2","adult stink bug, BUT ACTUALLY a mirid. Look for the two closed cells and the cuneus",Hemiptera,1,Miridae,,,,,,herbivore,,,,,
sgl322,recent,2025-06-09,clear vane,1,1,no,2,"322, CV 1, 2025-6-9, V2","small, adult staphs (21 total)",Coleoptera,1,Staphylinidae,,,,,,?,,,,,
sgl322,recent,2025-06-09,clear vane,1,1,no,2,"322, CV 1, 2025-6-9, V2","small, adult staphs (21 total)",Coleoptera,1,Staphylinidae,,,,,,?,,,,,
sgl322,recent,2025-06-09,clear vane,1,1,no,2,"322, CV 1, 2025-6-9, V2","small, adult staphs (21 total)",Coleoptera,1,Staphylinidae,,,,,,?,,,,,
sgl322,recent,2025-06-09,clear vane,1,1,no,2,"322, CV 1, 2025-6-9, V2","small, adult staphs (21 total)",Coleoptera,1,Staphylinidae,,,,,,?,,,,,
sgl322,recent,2025-06-09,clear vane,1,1,no,2,"322, CV 1, 2025-6-9, V2","small, adult staphs (21 total)",Coleoptera,1,Staphylinidae,,,,,,?,,,,,
sgl322,recent,2025-06-09,clear vane,1,1,no,2,"322, CV 1, 2025-6-9, V2","small, adult staphs (21 total)",Coleoptera,1,Staphylinidae,,,,,,?,,,,,
sgl322,recent,2025-06-09,clear vane,1,1,no,2,"322, CV 1, 2025-6-9, V2","small, adult staphs (21 total)",Coleoptera,1,Staphylinidae,,,,,,?,,,,,
sgl322,recent,2025-06-09,clear vane,1,1,no,2,"322, CV 1, 2025-6-9, V2","small, adult staphs (21 total)",Coleoptera,1,Staphylinidae,,,,,,?,,,,,
sgl322,recent,2025-06-09,clear vane,1,1,no,2,"322, CV 1, 2025-6-9, V2","small, adult staphs (21 total)",Coleoptera,1,Staphylinidae,,,,,,?,,,,,
sgl322,recent,2025-06-09,clear vane,1,1,no,2,"322, CV 1, 2025-6-9, V2","small, adult staphs (21 total)",Coleoptera,1,Staphylinidae,,,,,,?,,,,,
sgl322,recent,2025-06-09,clear vane,1,1,no,2,"322, CV 1, 2025-6-9, V2","small, adult staphs (21 total)",Coleoptera,1,Staphylinidae,,,,,,?,,,,,
sgl322,recent,2025-06-09,clear vane,1,1,no,2,"322, CV 1, 2025-6-9, V2","small, adult staphs (21 total)",Coleoptera,1,Staphylinidae,,,,,,?,,,,,
sgl322,recent,2025-06-09,clear vane,1,1,no,2,"322, CV 1, 2025-6-9, V2","small, adult staphs (21 total)",Coleoptera,1,Staphylinidae,,,,,,?,,,,,
sgl322,recent,2025-06-09,clear vane,1,1,no,2,"322, CV 1, 2025-6-9, V2","small, adult staphs (21 total)",Coleoptera,1,Staphylinidae,,,,,,?,,,,,
sgl322,recent,2025-06-09,clear vane,1,1,no,2,"322, CV 1, 2025-6-9, V2","small, adult staphs (21 total)",Coleoptera,1,Staphylinidae,,,,,,?,,,,,
sgl322,recent,2025-06-09,clear vane,1,1,no,2,"322, CV 1, 2025-6-9, V2","small, adult staphs (21 total)",Coleoptera,1,Staphylinidae,,,,,,?,,,,,
sgl322,recent,2025-06-09,clear vane,1,1,no,2,"322, CV 1, 2025-6-9, V2","small, adult staphs (21 total)",Coleoptera,1,Staphylinidae,,,,,,?,,,,,
sgl322,recent,2025-06-09,clear vane,1,1,no,2,"322, CV 1, 2025-6-9, V2","small, adult staphs (21 total)",Coleoptera,1,Staphylinidae,,,,,,?,,,,,
sgl322,recent,2025-06-09,clear vane,1,1,no,2,"322, CV 1, 2025-6-9, V2","small, adult staphs (21 total)",Coleoptera,1,Staphylinidae,,,,,,?,,,,,
sgl322,recent,2025-06-09,clear vane,1,1,no,2,"322, CV 1, 2025-6-9, V2","small, adult staphs (21 total)",Coleoptera,1,Staphylinidae,,,,,,?,,,,,
sgl322,recent,2025-06-09,clear vane,1,1,no,2,"322, CV 1, 2025-6-9, V2","small, adult staphs (21 total)",Coleoptera,1,Staphylinidae,,,,,,?,,,,,
sgl322,recent,2025-06-09,clear vane,1,1,no,2,"322, CV 1, 2025-6-9, V2","slightly less small, adult staph",Coleoptera,1,Staphylinidae,,,,,,?,,,,,
sgl322,recent,2025-06-09,clear vane,1,1,no,2,"322, CV 1, 2025-6-9, V2",blue rove beetle,Coleoptera,1,Staphylinidae,,,,,,?,,,,probably a predator,
,,,,,,,,,,,,,,,,,,,,,,,
sgl322,recent,2025-06-09,clear vane,1,1,no,3,"322, CV 1, 2025-6-9, Vial 3",tan chafer scarab,Coleoptera,1,Scarabaeidae,,,,,,,,,,,
sgl322,recent,2025-06-09,clear vane,1,1,no,3,"322, CV 1, 2025-6-9, Vial 3",tan chafer scarab,Coleoptera,1,Scarabaeidae,,,,,,,,,,,
sgl322,recent,2025-06-09,clear vane,1,1,no,3,"322, CV 1, 2025-6-9, Vial 3",tan chafer scarab,Coleoptera,1,Scarabaeidae,,,,,,,,,,,
sgl322,recent,2025-06-09,clear vane,1,1,no,3,"322, CV 1, 2025-6-9, Vial 3",tan chafer scarab,Coleoptera,1,Scarabaeidae,,,,,,,,,,,
sgl322,recent,2025-06-09,clear vane,1,1,no,3,"322, CV 1, 2025-6-9, Vial 3",tan chafer scarab,Coleoptera,1,Scarabaeidae,,,,,,,,,,,
sgl322,recent,2025-06-09,clear vane,1,1,no,3,"322, CV 1, 2025-6-9, Vial 3",tan chafer scarab,Coleoptera,1,Scarabaeidae,,,,,,,,,,,
sgl322,recent,2025-06-09,clear vane,1,1,no,3,"322, CV 1, 2025-6-9, Vial 3",tan chafer scarab,Coleoptera,1,Scarabaeidae,,,,,,,,,,,
sgl322,recent,2025-06-09,clear vane,1,1,no,3,"322, CV 1, 2025-6-9, Vial 3",tan chafer scarab,Coleoptera,1,Scarabaeidae,,,,,,,,,,,
sgl322,recent,2025-06-09,clear vane,1,1,no,3,"322, CV 1, 2025-6-9, Vial 3",tan chafer scarab,Coleoptera,1,Scarabaeidae,,,,,,,,,,,
sgl322,recent,2025-06-09,clear vane,1,1,no,3,"322, CV 1, 2025-6-9, Vial 3",tan chafer scarab,Coleoptera,1,Scarabaeidae,,,,,,,,,,,
sgl322,recent,2025-06-09,clear vane,1,1,no,3,"322, CV 1, 2025-6-9, Vial 3",tan chafer scarab,Coleoptera,1,Scarabaeidae,,,,,,,,,,,
sgl322,recent,2025-06-09,clear vane,1,1,no,3,"322, CV 1, 2025-6-9, Vial 3",tan chafer scarab,Coleoptera,1,Scarabaeidae,,,,,,,,,,,
sgl322,recent,2025-06-09,clear vane,1,1,no,3,"322, CV 1, 2025-6-9, Vial 3","dark brown scarab, possibly Asiatic garden beetle",Coleoptera,1,Scarabaeidae,,,,,,,,,,,
sgl322,recent,2025-06-09,clear vane,1,1,no,3,"322, CV 1, 2025-6-9, Vial 3","probably red headed ash borer, Neoclytus acuminatus",Coleoptera,1,Cerambycidae,,,,,,,,,,,
sgl322,recent,2025-06-09,clear vane,1,1,no,3,"322, CV 1, 2025-6-9, Vial 3","probably red headed ash borer, Neoclytus acuminatus",Coleoptera,1,Cerambycidae,,,,,,,,,,,
sgl322,recent,2025-06-09,clear vane,1,1,no,3,"322, CV 1, 2025-6-9, Vial 3","probably red headed ash borer, Neoclytus acuminatus",Coleoptera,1,Cerambycidae,,,,,,,,,,,
sgl322,recent,2025-06-09,clear vane,1,1,no,3,"322, CV 1, 2025-6-9, Vial 3",probably lined longhorn beetle (Analeptura lineola),Coleoptera,1,Cerambycidae,,,,,,,,,,,
sgl322,recent,2025-06-09,clear vane,1,1,no,3,"322, CV 1, 2025-6-9, Vial 3",probably round-necked longhorn beetle (Clytus ruricola),Coleoptera,1,Cerambycidae,,,,,,,,,,,
sgl322,recent,2025-06-09,clear vane,1,1,no,3,"322, CV 1, 2025-6-9, Vial 3",probably round-necked longhorn beetle (Clytus ruricola),Coleoptera,1,Cerambycidae,,,,,,,,,,,
sgl322,recent,2025-06-09,clear vane,1,1,no,3,"322, CV 1, 2025-6-9, Vial 3",large black click beetle,Coleoptera,1,Elateridae,,,,,,,,,,,
sgl322,recent,2025-06-09,clear vane,1,1,no,3,"322, CV 1, 2025-6-9, Vial 3",brown click beetle,Coleoptera,1,Elateridae,,,,,,,,,,,
sgl322,recent,2025-06-09,clear vane,1,1,no,3,"322, CV 1, 2025-6-9, Vial 3","small, red-brown staphylinid adults (47 total)",Coleoptera,1,Staphylinidae,,,,,,,,,,,
sgl322,recent,2025-06-09,clear vane,1,1,no,3,"322, CV 1, 2025-6-9, Vial 3","small, red-brown staphylinid adults (47 total)",Coleoptera,1,Staphylinidae,,,,,,,,,,,
sgl322,recent,2025-06-09,clear vane,1,1,no,3,"322, CV 1, 2025-6-9, Vial 3","small, red-brown staphylinid adults (47 total)",Coleoptera,1,Staphylinidae,,,,,,,,,,,
sgl322,recent,2025-06-09,clear vane,1,1,no,3,"322, CV 1, 2025-6-9, Vial 3","small, red-brown staphylinid adults (47 total)",Coleoptera,1,Staphylinidae,,,,,,,,,,,
sgl322,recent,2025-06-09,clear vane,1,1,no,3,"322, CV 1, 2025-6-9, Vial 3","small, red-brown staphylinid adults (47 total)",Coleoptera,1,Staphylinidae,,,,,,,,,,,
sgl322,recent,2025-06-09,clear vane,1,1,no,3,"322, CV 1, 2025-6-9, Vial 3","small, red-brown staphylinid adults (47 total)",Coleoptera,1,Staphylinidae,,,,,,,,,,,
sgl322,recent,2025-06-09,clear vane,1,1,no,3,"322, CV 1, 2025-6-9, Vial 3","small, red-brown staphylinid adults (47 total)",Coleoptera,1,Staphylinidae,,,,,,,,,,,
sgl322,recent,2025-06-09,clear vane,1,1,no,3,"322, CV 1, 2025-6-9, Vial 3","small, red-brown staphylinid adults (47 total)",Coleoptera,1,Staphylinidae,,,,,,,,,,,
sgl322,recent,2025-06-09,clear vane,1,1,no,3,"322, CV 1, 2025-6-9, Vial 3","small, red-brown staphylinid adults (47 total)",Coleoptera,1,Staphylinidae,,,,,,,,,,,
sgl322,recent,2025-06-09,clear vane,1,1,no,3,"322, CV 1, 2025-6-9, Vial 3","small, red-brown staphylinid adults (47 total)",Coleoptera,1,Staphylinidae,,,,,,,,,,,
sgl322,recent,2025-06-09,clear vane,1,1,no,3,"322, CV 1, 2025-6-9, Vial 3","small, red-brown staphylinid adults (47 total)",Coleoptera,1,Staphylinidae,,,,,,,,,,,
sgl322,recent,2025-06-09,clear vane,1,1,no,3,"322, CV 1, 2025-6-9, Vial 3","small, red-brown staphylinid adults (47 total)",Coleoptera,1,Staphylinidae,,,,,,,,,,,
sgl322,recent,2025-06-09,clear vane,1,1,no,3,"322, CV 1, 2025-6-9, Vial 3","small, red-brown staphylinid adults (47 total)",Coleoptera,1,Staphylinidae,,,,,,,,,,2 flies mixed in with the thrips. They were put with the flies,
sgl322,recent,2025-06-09,clear vane,1,1,no,3,"322, CV 1, 2025-6-9, Vial 3","small, red-brown staphylinid adults (47 total)",Coleoptera,1,Staphylinidae,,,,,,,,,,,
sgl322,recent,2025-06-09,clear vane,1,1,no,3,"322, CV 1, 2025-6-9, Vial 3","small, red-brown staphylinid adults (47 total)",Coleoptera,1,Staphylinidae,,,,,,,,,,,
sgl322,recent,2025-06-09,clear vane,1,1,no,3,"322, CV 1, 2025-6-9, Vial 3","small, red-brown staphylinid adults (47 total)",Coleoptera,1,Staphylinidae,,,,,,,,,,,
sgl322,recent,2025-06-09,clear vane,1,1,no,3,"322, CV 1, 2025-6-9, Vial 3","small, red-brown staphylinid adults (47 total)",Coleoptera,1,Staphylinidae,,,,,,,,,,,
sgl322,recent,2025-06-09,clear vane,1,1,no,3,"322, CV 1, 2025-6-9, Vial 3","small, red-brown staphylinid adults (47 total)",Coleoptera,1,Staphylinidae,,,,,,,,,,,
sgl322,recent,2025-06-09,clear vane,1,1,no,3,"322, CV 1, 2025-6-9, Vial 3","small, red-brown staphylinid adults (47 total)",Coleoptera,1,Staphylinidae,,,,,,,,,,,
sgl322,recent,2025-06-09,clear vane,1,1,no,3,"322, CV 1, 2025-6-9, Vial 3","small, red-brown staphylinid adults (47 total)",Coleoptera,1,Staphylinidae,,,,,,,,,,,
sgl322,recent,2025-06-09,clear vane,1,1,no,3,"322, CV 1, 2025-6-9, Vial 3","small, red-brown staphylinid adults (47 total)",Coleoptera,1,Staphylinidae,,,,,,,,,,,
sgl322,recent,2025-06-09,clear vane,1,1,no,3,"322, CV 1, 2025-6-9, Vial 3","small, red-brown staphylinid adults (47 total)",Coleoptera,1,Staphylinidae,,,,,,,,,,,
sgl322,recent,2025-06-09,clear vane,1,1,no,3,"322, CV 1, 2025-6-9, Vial 3","small, red-brown staphylinid adults (47 total)",Coleoptera,1,Staphylinidae,,,,,,,,,,,
sgl322,recent,2025-06-09,clear vane,1,1,no,3,"322, CV 1, 2025-6-9, Vial 3","small, red-brown staphylinid adults (47 total)",Coleoptera,1,Staphylinidae,,,,,,,,,,,
sgl322,recent,2025-06-09,clear vane,1,1,no,3,"322, CV 1, 2025-6-9, Vial 3","small, red-brown staphylinid adults (47 total)",Coleoptera,1,Staphylinidae,,,,,,,,,,,
sgl322,recent,2025-06-09,clear vane,1,1,no,3,"322, CV 1, 2025-6-9, Vial 3","small, red-brown staphylinid adults (47 total)",Coleoptera,1,Staphylinidae,,,,,,,,,,,
sgl322,recent,2025-06-09,clear vane,1,1,no,3,"322, CV 1, 2025-6-9, Vial 3","small, red-brown staphylinid adults (47 total)",Coleoptera,1,Staphylinidae,,,,,,,,,,,
sgl322,recent,2025-06-09,clear vane,1,1,no,3,"322, CV 1, 2025-6-9, Vial 3","small, red-brown staphylinid adults (47 total)",Coleoptera,1,Staphylinidae,,,,,,,,,,,
sgl322,recent,2025-06-09,clear vane,1,1,no,3,"322, CV 1, 2025-6-9, Vial 3","small, red-brown staphylinid adults (47 total)",Coleoptera,1,Staphylinidae,,,,,,,,,,,
sgl322,recent,2025-06-09,clear vane,1,1,no,3,"322, CV 1, 2025-6-9, Vial 3","small, red-brown staphylinid adults (47 total)",Coleoptera,1,Staphylinidae,,,,,,,,,,,
sgl322,recent,2025-06-09,clear vane,1,1,no,3,"322, CV 1, 2025-6-9, Vial 3","small, red-brown staphylinid adults (47 total)",Coleoptera,1,Staphylinidae,,,,,,,,,,,
sgl322,recent,2025-06-09,clear vane,1,1,no,3,"322, CV 1, 2025-6-9, Vial 3","small, red-brown staphylinid adults (47 total)",Coleoptera,1,Staphylinidae,,,,,,,,,,,
sgl322,recent,2025-06-09,clear vane,1,1,no,3,"322, CV 1, 2025-6-9, Vial 3","small, red-brown staphylinid adults (47 total)",Coleoptera,1,Staphylinidae,,,,,,,,,,,
sgl322,recent,2025-06-09,clear vane,1,1,no,3,"322, CV 1, 2025-6-9, Vial 3","small, red-brown staphylinid adults (47 total)",Coleoptera,1,Staphylinidae,,,,,,,,,,,
sgl322,recent,2025-06-09,clear vane,1,1,no,3,"322, CV 1, 2025-6-9, Vial 3","small, red-brown staphylinid adults (47 total)",Coleoptera,1,Staphylinidae,,,,,,,,,,,
sgl322,recent,2025-06-09,clear vane,1,1,no,3,"322, CV 1, 2025-6-9, Vial 3","small, red-brown staphylinid adults (47 total)",Coleoptera,1,Staphylinidae,,,,,,,,,,,
sgl322,recent,2025-06-09,clear vane,1,1,no,3,"322, CV 1, 2025-6-9, Vial 3","small, red-brown staphylinid adults (47 total)",Coleoptera,1,Staphylinidae,,,,,,,,,,,
sgl322,recent,2025-06-09,clear vane,1,1,no,3,"322, CV 1, 2025-6-9, Vial 3","small, red-brown staphylinid adults (47 total)",Coleoptera,1,Staphylinidae,,,,,,,,,,,
sgl322,recent,2025-06-09,clear vane,1,1,no,3,"322, CV 1, 2025-6-9, Vial 3","small, red-brown staphylinid adults (47 total)",Coleoptera,1,Staphylinidae,,,,,,,,,,,
sgl322,recent,2025-06-09,clear vane,1,1,no,3,"322, CV 1, 2025-6-9, Vial 3","small, red-brown staphylinid adults (47 total)",Coleoptera,1,Staphylinidae,,,,,,,,,,,
sgl322,recent,2025-06-09,clear vane,1,1,no,3,"322, CV 1, 2025-6-9, Vial 3","small, red-brown staphylinid adults (47 total)",Coleoptera,1,Staphylinidae,,,,,,,,,,,
sgl322,recent,2025-06-09,clear vane,1,1,no,3,"322, CV 1, 2025-6-9, Vial 3","small, red-brown staphylinid adults (47 total)",Coleoptera,1,Staphylinidae,,,,,,,,,,,
sgl322,recent,2025-06-09,clear vane,1,1,no,3,"322, CV 1, 2025-6-9, Vial 3","small, red-brown staphylinid adults (47 total)",Coleoptera,1,Staphylinidae,,,,,,,,,,,
sgl322,recent,2025-06-09,clear vane,1,1,no,3,"322, CV 1, 2025-6-9, Vial 3","small, red-brown staphylinid adults (47 total)",Coleoptera,1,Staphylinidae,,,,,,,,,,,
sgl322,recent,2025-06-09,clear vane,1,1,no,3,"322, CV 1, 2025-6-9, Vial 3","small, red-brown staphylinid adults (47 total)",Coleoptera,1,Staphylinidae,,,,,,,,,,,
sgl322,recent,2025-06-09,clear vane,1,1,no,3,"322, CV 1, 2025-6-9, Vial 3","small, red-brown staphylinid adults (47 total)",Coleoptera,1,Staphylinidae,,,,,,,,,,,
sgl322,recent,2025-06-09,clear vane,1,1,no,3,"322, CV 1, 2025-6-9, Vial 3","small, red-brown staphylinid adults (47 total)",Coleoptera,1,Staphylinidae,,,,,,,,,,,
sgl322,recent,2025-06-09,clear vane,1,1,no,3,"322, CV 1, 2025-6-9, Vial 3","bark beetles, varying sizes and colors (50 total)",Coleoptera,1,Curculionidae,,Scolytinae,,,,,,,,,
sgl322,recent,2025-06-09,clear vane,1,1,no,3,"322, CV 1, 2025-6-9, Vial 3","bark beetles, varying sizes and colors (50 total)",Coleoptera,1,Curculionidae,,Scolytinae,,,,,,,,,
sgl322,recent,2025-06-09,clear vane,1,1,no,3,"322, CV 1, 2025-6-9, Vial 3","bark beetles, varying sizes and colors (50 total)",Coleoptera,1,Curculionidae,,Scolytinae,,,,,,,,,
sgl322,recent,2025-06-09,clear vane,1,1,no,3,"322, CV 1, 2025-6-9, Vial 3","bark beetles, varying sizes and colors (50 total)",Coleoptera,1,Curculionidae,,Scolytinae,,,,,,,,,
sgl322,recent,2025-06-09,clear vane,1,1,no,3,"322, CV 1, 2025-6-9, Vial 3","bark beetles, varying sizes and colors (50 total)",Coleoptera,1,Curculionidae,,Scolytinae,,,,,,,,,
sgl322,recent,2025-06-09,clear vane,1,1,no,3,"322, CV 1, 2025-6-9, Vial 3","bark beetles, varying sizes and colors (50 total)",Coleoptera,1,Curculionidae,,Scolytinae,,,,,,,,,
sgl322,recent,2025-06-09,clear vane,1,1,no,3,"322, CV 1, 2025-6-9, Vial 3","bark beetles, varying sizes and colors (50 total)",Coleoptera,1,Curculionidae,,Scolytinae,,,,,,,,,
sgl322,recent,2025-06-09,clear vane,1,1,no,3,"322, CV 1, 2025-6-9, Vial 3","bark beetles, varying sizes and colors (50 total)",Coleoptera,1,Curculionidae,,Scolytinae,,,,,,,,,
sgl322,recent,2025-06-09,clear vane,1,1,no,3,"322, CV 1, 2025-6-9, Vial 3","bark beetles, varying sizes and colors (50 total)",Coleoptera,1,Curculionidae,,Scolytinae,,,,,,,,,
sgl322,recent,2025-06-09,clear vane,1,1,no,3,"322, CV 1, 2025-6-9, Vial 3","bark beetles, varying sizes and colors (50 total)",Coleoptera,1,Curculionidae,,Scolytinae,,,,,,,,,
sgl322,recent,2025-06-09,clear vane,1,1,no,3,"322, CV 1, 2025-6-9, Vial 3","bark beetles, varying sizes and colors (50 total)",Coleoptera,1,Curculionidae,,Scolytinae,,,,,,,,,
sgl322,recent,2025-06-09,clear vane,1,1,no,3,"322, CV 1, 2025-6-9, Vial 3","bark beetles, varying sizes and colors (50 total)",Coleoptera,1,Curculionidae,,Scolytinae,,,,,,,,,
sgl322,recent,2025-06-09,clear vane,1,1,no,3,"322, CV 1, 2025-6-9, Vial 3","bark beetles, varying sizes and colors (50 total)",Coleoptera,1,Curculionidae,,Scolytinae,,,,,,,,,
sgl322,recent,2025-06-09,clear vane,1,1,no,3,"322, CV 1, 2025-6-9, Vial 3","bark beetles, varying sizes and colors (50 total)",Coleoptera,1,Curculionidae,,Scolytinae,,,,,,,,,
sgl322,recent,2025-06-09,clear vane,1,1,no,3,"322, CV 1, 2025-6-9, Vial 3","bark beetles, varying sizes and colors (50 total)",Coleoptera,1,Curculionidae,,Scolytinae,,,,,,,,,
sgl322,recent,2025-06-09,clear vane,1,1,no,3,"322, CV 1, 2025-6-9, Vial 3","bark beetles, varying sizes and colors (50 total)",Coleoptera,1,Curculionidae,,Scolytinae,,,,,,,,,
sgl322,recent,2025-06-09,clear vane,1,1,no,3,"322, CV 1, 2025-6-9, Vial 3","bark beetles, varying sizes and colors (50 total)",Coleoptera,1,Curculionidae,,Scolytinae,,,,,,,,,
sgl322,recent,2025-06-09,clear vane,1,1,no,3,"322, CV 1, 2025-6-9, Vial 3","bark beetles, varying sizes and colors (50 total)",Coleoptera,1,Curculionidae,,Scolytinae,,,,,,,,,
sgl322,recent,2025-06-09,clear vane,1,1,no,3,"322, CV 1, 2025-6-9, Vial 3","bark beetles, varying sizes and colors (50 total)",Coleoptera,1,Curculionidae,,Scolytinae,,,,,,,,,
sgl322,recent,2025-06-09,clear vane,1,1,no,3,"322, CV 1, 2025-6-9, Vial 3","bark beetles, varying sizes and colors (50 total)",Coleoptera,1,Curculionidae,,Scolytinae,,,,,,,,,
sgl322,recent,2025-06-09,clear vane,1,1,no,3,"322, CV 1, 2025-6-9, Vial 3","bark beetles, varying sizes and colors (50 total)",Coleoptera,1,Curculionidae,,Scolytinae,,,,,,,,,
sgl322,recent,2025-06-09,clear vane,1,1,no,3,"322, CV 1, 2025-6-9, Vial 3","bark beetles, varying sizes and colors (50 total)",Coleoptera,1,Curculionidae,,Scolytinae,,,,,,,,,
sgl322,recent,2025-06-09,clear vane,1,1,no,3,"322, CV 1, 2025-6-9, Vial 3","bark beetles, varying sizes and colors (50 total)",Coleoptera,1,Curculionidae,,Scolytinae,,,,,,,,,
sgl322,recent,2025-06-09,clear vane,1,1,no,3,"322, CV 1, 2025-6-9, Vial 3","bark beetles, varying sizes and colors (50 total)",Coleoptera,1,Curculionidae,,Scolytinae,,,,,,,,,
sgl322,recent,2025-06-09,clear vane,1,1,no,3,"322, CV 1, 2025-6-9, Vial 3","bark beetles, varying sizes and colors (50 total)",Coleoptera,1,Curculionidae,,Scolytinae,,,,,,,,,
sgl322,recent,2025-06-09,clear vane,1,1,no,3,"322, CV 1, 2025-6-9, Vial 3","bark beetles, varying sizes and colors (50 total)",Coleoptera,1,Curculionidae,,Scolytinae,,,,,,,,SO MANY THRIPS. Took me at least 2 hours to count them all.,
sgl322,recent,2025-06-09,clear vane,1,1,no,3,"322, CV 1, 2025-6-9, Vial 3","bark beetles, varying sizes and colors (50 total)",Coleoptera,1,Curculionidae,,Scolytinae,,,,,,,,,
sgl322,recent,2025-06-09,clear vane,1,1,no,3,"322, CV 1, 2025-6-9, Vial 3","bark beetles, varying sizes and colors (50 total)",Coleoptera,1,Curculionidae,,Scolytinae,,,,,,,,,
sgl322,recent,2025-06-09,clear vane,1,1,no,3,"322, CV 1, 2025-6-9, Vial 3","bark beetles, varying sizes and colors (50 total)",Coleoptera,1,Curculionidae,,Scolytinae,,,,,,,,,
sgl322,recent,2025-06-09,clear vane,1,1,no,3,"322, CV 1, 2025-6-9, Vial 3","bark beetles, varying sizes and colors (50 total)",Coleoptera,1,Curculionidae,,Scolytinae,,,,,,,,,
sgl322,recent,2025-06-09,clear vane,1,1,no,3,"322, CV 1, 2025-6-9, Vial 3","bark beetles, varying sizes and colors (50 total)",Coleoptera,1,Curculionidae,,Scolytinae,,,,,,,,,
sgl322,recent,2025-06-09,clear vane,1,1,no,3,"322, CV 1, 2025-6-9, Vial 3","bark beetles, varying sizes and colors (50 total)",Coleoptera,1,Curculionidae,,Scolytinae,,,,,,,,,
sgl322,recent,2025-06-09,clear vane,1,1,no,3,"322, CV 1, 2025-6-9, Vial 3","bark beetles, varying sizes and colors (50 total)",Coleoptera,1,Curculionidae,,Scolytinae,,,,,,,,,
sgl322,recent,2025-06-09,clear vane,1,1,no,3,"322, CV 1, 2025-6-9, Vial 3","bark beetles, varying sizes and colors (50 total)",Coleoptera,1,Curculionidae,,Scolytinae,,,,,,,,,
sgl322,recent,2025-06-09,clear vane,1,1,no,3,"322, CV 1, 2025-6-9, Vial 3","bark beetles, varying sizes and colors (50 total)",Coleoptera,1,Curculionidae,,Scolytinae,,,,,,,,,
sgl322,recent,2025-06-09,clear vane,1,1,no,3,"322, CV 1, 2025-6-9, Vial 3","bark beetles, varying sizes and colors (50 total)",Coleoptera,1,Curculionidae,,Scolytinae,,,,,,,,,
sgl322,recent,2025-06-09,clear vane,1,1,no,3,"322, CV 1, 2025-6-9, Vial 3","bark beetles, varying sizes and colors (50 total)",Coleoptera,1,Curculionidae,,Scolytinae,,,,,,,,,
sgl322,recent,2025-06-09,clear vane,1,1,no,3,"322, CV 1, 2025-6-9, Vial 3","bark beetles, varying sizes and colors (50 total)",Coleoptera,1,Curculionidae,,Scolytinae,,,,,,,,,
sgl322,recent,2025-06-09,clear vane,1,1,no,3,"322, CV 1, 2025-6-9, Vial 3","bark beetles, varying sizes and colors (50 total)",Coleoptera,1,Curculionidae,,Scolytinae,,,,,,,,,
sgl322,recent,2025-06-09,clear vane,1,1,no,3,"322, CV 1, 2025-6-9, Vial 3","bark beetles, varying sizes and colors (50 total)",Coleoptera,1,Curculionidae,,Scolytinae,,,,,,,,,
sgl322,recent,2025-06-09,clear vane,1,1,no,3,"322, CV 1, 2025-6-9, Vial 3","bark beetles, varying sizes and colors (50 total)",Coleoptera,1,Curculionidae,,Scolytinae,,,,,,,,,
sgl322,recent,2025-06-09,clear vane,1,1,no,3,"322, CV 1, 2025-6-9, Vial 3","bark beetles, varying sizes and colors (50 total)",Coleoptera,1,Curculionidae,,Scolytinae,,,,,,,,,
sgl322,recent,2025-06-09,clear vane,1,1,no,3,"322, CV 1, 2025-6-9, Vial 3","bark beetles, varying sizes and colors (50 total)",Coleoptera,1,Curculionidae,,Scolytinae,,,,,,,,,
sgl322,recent,2025-06-09,clear vane,1,1,no,3,"322, CV 1, 2025-6-9, Vial 3","bark beetles, varying sizes and colors (50 total)",Coleoptera,1,Curculionidae,,Scolytinae,,,,,,,,,
sgl322,recent,2025-06-09,clear vane,1,1,no,3,"322, CV 1, 2025-6-9, Vial 3","bark beetles, varying sizes and colors (50 total)",Coleoptera,1,Curculionidae,,Scolytinae,,,,,,,,,
sgl322,recent,2025-06-09,clear vane,1,1,no,3,"322, CV 1, 2025-6-9, Vial 3","bark beetles, varying sizes and colors (50 total)",Coleoptera,1,Curculionidae,,Scolytinae,,,,,,,,,
sgl322,recent,2025-06-09,clear vane,1,1,no,3,"322, CV 1, 2025-6-9, Vial 3","bark beetles, varying sizes and colors (50 total)",Coleoptera,1,Curculionidae,,Scolytinae,,,,,,,,,
sgl322,recent,2025-06-09,clear vane,1,1,no,3,"322, CV 1, 2025-6-9, Vial 3","bark beetles, varying sizes and colors (50 total)",Coleoptera,1,Curculionidae,,Scolytinae,,,,,,,,,
sgl322,recent,2025-06-09,clear vane,1,1,no,3,"322, CV 1, 2025-6-9, Vial 3","bark beetles, varying sizes and colors (50 total)",Coleoptera,1,Curculionidae,,Scolytinae,,,,,,,,,
sgl322,recent,2025-06-09,clear vane,1,1,no,3,"322, CV 1, 2025-6-9, Vial 3","bark beetles, varying sizes and colors (50 total)",Coleoptera,1,Curculionidae,,Scolytinae,,,,,,,,,
sgl322,recent,2025-06-09,clear vane,1,1,no,3,"322, CV 1, 2025-6-9, Vial 3",mordellid adult (7 total),Coleoptera,1,Mordellidae,,,,,,,,,,,
sgl322,recent,2025-06-09,clear vane,1,1,no,3,"322, CV 1, 2025-6-9, Vial 3",mordellid adult (7 total),Coleoptera,1,Mordellidae,,,,,,,,,,,
sgl322,recent,2025-06-09,clear vane,1,1,no,3,"322, CV 1, 2025-6-9, Vial 3",mordellid adult (7 total),Coleoptera,1,Mordellidae,,,,,,,,,,,
sgl322,recent,2025-06-09,clear vane,1,1,no,3,"322, CV 1, 2025-6-9, Vial 3",mordellid adult (7 total),Coleoptera,1,Mordellidae,,,,,,,,,,,
sgl322,recent,2025-06-09,clear vane,1,1,no,3,"322, CV 1, 2025-6-9, Vial 3",mordellid adult (7 total),Coleoptera,1,Mordellidae,,,,,,,,,,,
sgl322,recent,2025-06-09,clear vane,1,1,no,3,"322, CV 1, 2025-6-9, Vial 3",mordellid adult (7 total),Coleoptera,1,Mordellidae,,,,,,,,,,,
sgl322,recent,2025-06-09,clear vane,1,1,no,3,"322, CV 1, 2025-6-9, Vial 3",mordellid adult (7 total),Coleoptera,1,Mordellidae,,,,,,,,,,,
sgl322,recent,2025-06-09,clear vane,1,1,no,3,"322, CV 1, 2025-6-9, Vial 3",cigar shaped Eucnemid adults (5 total),Coleoptera,1,Eucnemidae,,,,,,,,,,,
sgl322,recent,2025-06-09,clear vane,1,1,no,3,"322, CV 1, 2025-6-9, Vial 3",cigar shaped Eucnemid adults (5 total),Coleoptera,1,Eucnemidae,,,,,,,,,,,
sgl322,recent,2025-06-09,clear vane,1,1,no,3,"322, CV 1, 2025-6-9, Vial 3",cigar shaped Eucnemid adults (5 total),Coleoptera,1,Eucnemidae,,,,,,,,,,,
sgl322,recent,2025-06-09,clear vane,1,1,no,3,"322, CV 1, 2025-6-9, Vial 3",cigar shaped Eucnemid adults (5 total),Coleoptera,1,Eucnemidae,,,,,,,,,,,
sgl322,recent,2025-06-09,clear vane,1,1,no,3,"322, CV 1, 2025-6-9, Vial 3",cigar shaped Eucnemid adults (5 total),Coleoptera,1,Eucnemidae,,,,,,,,,,,
sgl322,recent,2025-06-09,clear vane,1,1,no,3,"322, CV 1, 2025-6-9, Vial 3",twice-stabbed lady beetle-esque beetle,Coleoptera,1,Coccinellidae,,,,,,,,,,,
sgl322,recent,2025-06-09,clear vane,1,1,no,3,"322, CV 1, 2025-6-9, Vial 3",green and orange carabid,Coleoptera,1,Carabidae,,,,,,,,,,,
sgl322,recent,2025-06-09,clear vane,1,1,no,3,"322, CV 1, 2025-6-9, Vial 3",shiny blue-green-black Carabid,Coleoptera,1,Carabidae,,,,,,,,,,,
sgl322,recent,2025-06-09,clear vane,1,1,no,3,"322, CV 1, 2025-6-9, Vial 3",probably bloody sap beetle,Coleoptera,1,Nitidulidae,,,,,,,,,,,
sgl322,recent,2025-06-09,clear vane,1,1,no,3,"322, CV 1, 2025-6-9, Vial 3","thought this was a Byturid beetle, but probably Cryptophagid genus Telmatophilus (9 total)",Coleoptera,1,Cryptophagidae,,,,,,,,,,"potentially Tenebrionidae, couplet 128 of Key D",
sgl322,recent,2025-06-09,clear vane,1,1,no,3,"322, CV 1, 2025-6-9, Vial 3","thought this was a Byturid beetle, but probably Cryptophagid genus Telmatophilus (9 total)",Coleoptera,1,Cryptophagidae,,,,,,,,,,potential split at couplet 132,
sgl322,recent,2025-06-09,clear vane,1,1,no,3,"322, CV 1, 2025-6-9, Vial 3","thought this was a Byturid beetle, but probably Cryptophagid genus Telmatophilus (9 total)",Coleoptera,1,Cryptophagidae,,,,,,,,,,Biphyllidae????? But I don't see the lateral or femoral lines shown in the picture on page 356 or whatever,
sgl322,recent,2025-06-09,clear vane,1,1,no,3,"322, CV 1, 2025-6-9, Vial 3","thought this was a Byturid beetle, but probably Cryptophagid genus Telmatophilus (9 total)",Coleoptera,1,Cryptophagidae,,,,,,,,,,"FUCK couplet 162. Definitely could go either way. It looks like it isn't any family in 163 or 164, so move on to 165.",
sgl322,recent,2025-06-09,clear vane,1,1,no,3,"322, CV 1, 2025-6-9, Vial 3","thought this was a Byturid beetle, but probably Cryptophagid genus Telmatophilus (9 total)",Coleoptera,1,Cryptophagidae,,,,,,,,,,couplet 171 is a potential split. You went with 172 route,
sgl322,recent,2025-06-09,clear vane,1,1,no,3,"322, CV 1, 2025-6-9, Vial 3","thought this was a Byturid beetle, but probably Cryptophagid genus Telmatophilus (9 total)",Coleoptera,1,Cryptophagidae,,,,,,,,,,"Ugh, nothing good from the 172 route. I suppose you should start from another couplet now.\",
sgl322,recent,2025-06-09,clear vane,1,1,no,3,"322, CV 1, 2025-6-9, Vial 3","thought this was a Byturid beetle, but probably Cryptophagid genus Telmatophilus (9 total)",Coleoptera,1,Cryptophagidae,,,,,,,,,,"Day 2, you chose to go before the Tenebrionids. You are now at couplet 109, and you chose to go with 110 route since you think you see an exposed trochantin on the procoxa",
sgl322,recent,2025-06-09,clear vane,1,1,no,3,"322, CV 1, 2025-6-9, Vial 3","thought this was a Byturid beetle, but probably Cryptophagid genus Telmatophilus (9 total)",Coleoptera,1,Cryptophagidae,,,,,,,,,,potential split at couplet 110,
sgl322,recent,2025-06-09,clear vane,1,1,no,3,"322, CV 1, 2025-6-9, Vial 3","thought this was a Byturid beetle, but probably Cryptophagid genus Telmatophilus (9 total)",Coleoptera,1,Cryptophagidae,,,,,,,,,,Codey diagnosed it as Byturidae. I have to agree with her. Let's see where I went wrong on these couplets,
sgl322,recent,2025-06-09,clear vane,1,1,no,3,"322, CV 1, 2025-6-9, Vial 3","black, stippled, large scolytin",Coleoptera,1,Curculionidae,,Scolytinae,,,,,,,,Just a one segmented club,
sgl322,recent,2025-06-09,clear vane,1,1,no,3,"322, CV 1, 2025-6-9, Vial 3",maybe Xyloblaptus quadrispinosus,Coleoptera,1,Bostrichidae,,,,,,,,,,,
sgl322,recent,2025-06-09,clear vane,1,1,no,3,"322, CV 1, 2025-6-9, Vial 3",maybe genus Molorchus ,Coleoptera,1,Cerambycidae,,,,,,,,,,short elytra long horn beetle,
sgl322,recent,2025-06-09,clear vane,1,1,no,3,"322, CV 1, 2025-6-9, Vial 3",small brown-grey weevil,Coleoptera,1,Curculionidae,,,,,,,,,,,
sgl322,recent,2025-06-09,clear vane,1,1,no,3,"322, CV 1, 2025-6-9, Vial 3",small black Nitidulid,Coleoptera,1,Nitidulidae,,,,,,,,,,,
sgl322,recent,2025-06-09,clear vane,1,1,no,3,"322, CV 1, 2025-6-9, Vial 3",tan staph,Coleoptera,1,Staphylinidae,,,,,,,,,,,
sgl322,recent,2025-06-09,clear vane,1,1,no,3,"322, CV 1, 2025-6-9, Vial 3",black corylophid,Coleoptera,1,Corylophidae,,,,,,,,,,,
sgl322,recent,2025-06-09,clear vane,1,1,no,3,"322, CV 1, 2025-6-9, Vial 3",round Leiodid,Coleoptera,1,Leiodidae,,Agathidiini,,,,,,,,,
sgl322,recent,2025-06-09,clear vane,1,1,no,3,"322, CV 1, 2025-6-9, Vial 3",Cerylonids that took forever to ID (2 total),Coleoptera,1,Cerylonidae,,,,,,,,,,keying out as Nitidulidae,
sgl322,recent,2025-06-09,clear vane,1,1,no,3,"322, CV 1, 2025-6-9, Vial 3",Cerylonids that took forever to ID (2 total),Coleoptera,1,Cerylonidae,,,,,,,,,,potentiall zopheridae,
sgl322,recent,2025-06-09,clear vane,1,1,no,3,"322, CV 1, 2025-6-9, Vial 3",Nitidulids that look a lot like Cerylonids except for the 3 exposed abdominal segments of the pygidium (2 total),Coleoptera,1,Nitidulidae,,,,,,,,,,"potentially tenebrionidae, like flour beetles",
sgl322,recent,2025-06-09,clear vane,1,1,no,3,"322, CV 1, 2025-6-9, Vial 3",Nitidulids that look a lot like Cerylonids except for the 3 exposed abdominal segments of the pygidium (2 total),Coleoptera,1,Nitidulidae,,,,,,,,,,potentially nitidulidae,
sgl322,recent,2025-06-09,clear vane,1,1,no,3,"322, CV 1, 2025-6-9, Vial 3","small black, stippled weevil with head tucked into underside of pronotume",Coleoptera,1,Curculionidae,,,,,,,,,,VERY POSSIBLY MONOTOMIDAE,
sgl322,recent,2025-06-09,clear vane,1,1,no,3,"322, CV 1, 2025-6-9, Vial 3","ant-like staphylinid, red-brown head and thorax, blackish elytra and abdomen",Coleoptera,1,Staphylinidae,,,,,,,,,,maybe Histeridae,
sgl322,recent,2025-06-09,clear vane,1,1,no,3,"322, CV 1, 2025-6-9, Vial 3","long, pale tan staph (2 total)",Coleoptera,1,Staphylinidae,,,,,,,,,,big head beetle could be Laemophloeidae,
sgl322,recent,2025-06-09,clear vane,1,1,no,3,"322, CV 1, 2025-6-9, Vial 3","long, pale tan staph (2 total)",Coleoptera,1,Staphylinidae,,,,,,,,,,potential split at couplet 116,
sgl322,recent,2025-06-09,clear vane,1,1,no,3,"322, CV 1, 2025-6-9, Vial 3",Staphylind,Coleoptera,1,Staphylinidae,,,,,,,,,,Turned out to be Cerylonidae,
sgl322,recent,2025-06-09,clear vane,1,1,no,3,"322, CV 1, 2025-6-9, Vial 3",Staphylind,Coleoptera,1,Staphylinidae,,,,,,,,,,,
sgl322,recent,2025-06-09,clear vane,1,1,no,3,"322, CV 1, 2025-6-9, Vial 3",Staphylind,Coleoptera,1,Staphylinidae,,,,,,,,,,,
sgl322,recent,2025-06-09,clear vane,1,1,no,3,"322, CV 1, 2025-6-9, Vial 3",Staphylind,Coleoptera,1,Staphylinidae,,,,,,,,,,,
sgl322,recent,2025-06-09,clear vane,1,1,no,3,"322, CV 1, 2025-6-9, Vial 3",Latridiids (6 total),Coleoptera,1,Latridiidae,,,,,,,,,,"generic tan, hairy beetle",
sgl322,recent,2025-06-09,clear vane,1,1,no,3,"322, CV 1, 2025-6-9, Vial 3",Latridiids (6 total),Coleoptera,1,Latridiidae,,,,,,,,,,potential split at couplet 106,
sgl322,recent,2025-06-09,clear vane,1,1,no,3,"322, CV 1, 2025-6-9, Vial 3",Latridiids (6 total),Coleoptera,1,Latridiidae,,,,,,,,,,"potential split at couplet 110, you think there may be an exposed trochantin",
sgl322,recent,2025-06-09,clear vane,1,1,no,3,"322, CV 1, 2025-6-9, Vial 3",Latridiids (6 total),Coleoptera,1,Latridiidae,,,,,,,,,,keyed out to Kateretidae or Nitidulidae. I don't agree with either,
sgl322,recent,2025-06-09,clear vane,1,1,no,3,"322, CV 1, 2025-6-9, Vial 3",Latridiids (6 total),Coleoptera,1,Latridiidae,,,,,,,,,,potential split at couplet 133,
sgl322,recent,2025-06-09,clear vane,1,1,no,3,"322, CV 1, 2025-6-9, Vial 3",Latridiids (6 total),Coleoptera,1,Latridiidae,,,,,,,,,,keyed out to Cerylonidae or Bothrideridae. I don't agree with either. AGAIN,
sgl322,recent,2025-06-09,clear vane,1,1,no,3,"322, CV 1, 2025-6-9, Vial 3","Cryptophagid that looked A LOT like an Erotylid (used the slightly larger first ventrite [measured from the metacoxa, not the metacoxal process] as well as the fact that the outer edge elytral ridge does not reach all the way to the abdomen to separate this family from Erotylidae)",Coleoptera,1,Cryptophagidae,,,,,,,,,,potential split at couplet 140,
sgl322,recent,2025-06-09,clear vane,1,1,no,3,"322, CV 1, 2025-6-9, Vial 3",Corylophidae,Coleoptera,1,Corylophidae,,,,,,,,,,"keyed to Mycetophagidae. YES, COULD BE CORRECT!",
sgl322,recent,2025-06-09,clear vane,1,1,no,3,"322, CV 1, 2025-6-9, Vial 3","Laemophloeid, love this group",Coleoptera,1,Laemophloeidae,,,,,,,,,,"Nope, it's a Latridiid. 3-3-3 tarsal formula gives it away. And the body shape",
sgl322,recent,2025-06-09,clear vane,1,1,no,3,"322, CV 1, 2025-6-9, Vial 3",probably genus Mycetophagus (2 total),Coleoptera,1,Mycetophagidae,,,,,,,,,,,
sgl322,recent,2025-06-09,clear vane,1,1,no,3,"322, CV 1, 2025-6-9, Vial 3",probably genus Mycetophagus (2 total),Coleoptera,1,Mycetophagidae,,,,,,,,,,,
sgl322,recent,2025-06-09,clear vane,1,1,no,3,"322, CV 1, 2025-6-9, Vial 3","Leiodid with sharp points at edge of pronotum, clear 8th antennomere smaller than 7",Coleoptera,1,Leiodidae,,,,,,,,,,,
sgl322,recent,2025-06-09,clear vane,1,1,no,3,"322, CV 1, 2025-6-9, Vial 3",reddish brown Silvanid,Coleoptera,1,Silvanidae,,,,,,,,,,,
sgl322,recent,2025-06-09,clear vane,1,1,no,3,"322, CV 1, 2025-6-9, Vial 3","Monotomid that looks like a Silvanid, save for the shortened elytra, 10 antennomeres, and 1-segmented club",Coleoptera,1,Monotomidae,,,,,,,,,,,
sgl322,recent,2025-06-09,clear vane,1,1,no,3,"322, CV 1, 2025-6-9, Vial 3","Ptinid, compact and red brown",Coleoptera,1,Ptinidae,,,,,,,,,,,
sgl322,recent,2025-06-09,clear vane,1,1,no,3,"322, CV 1, 2025-6-9, Vial 3",probs genus Syzeton,Coleoptera,1,Aderidae,,,,,,,,,,,
sgl322,recent,2025-06-09,clear vane,1,1,no,3,"322, CV 1, 2025-6-9, Vial 3",tan corylophid. Maybe genus Arthrolips,Coleoptera,1,Corylophidae,,,,,,,,,,,
sgl322,recent,2025-06-09,clear vane,1,1,no,3,"322, CV 1, 2025-6-9, Vial 3","smooth, brown Erotylid. reminds me of a Monotomid but with no exposed pygidium and 11 antennomeres",Coleoptera,1,Erotylidae,,,,,,,,,,,
sgl322,recent,2025-06-09,clear vane,1,1,no,3,"322, CV 1, 2025-6-9, Vial 3",round black Hydrophilid. Just like the image in the powerpoint (2 total),Coleoptera,1,Hydrophilidae,,,,,,,,,,,
sgl322,recent,2025-06-09,clear vane,1,1,no,3,"322, CV 1, 2025-6-9, Vial 3","round black Hydrophilid, just like powerpoint image (2 total)",Coleoptera,1,Hydrophilidae,,,,,,,,,,,
sgl322,recent,2025-06-09,clear vane,1,1,no,3,"322, CV 1, 2025-6-9, Vial 3",latridiid with short elytra (~3 exposed tergites),Coleoptera,1,Latridiidae,,,,,,,,,,,
sgl322,recent,2025-06-09,clear vane,1,1,no,3,"322, CV 1, 2025-6-9, Vial 3","Aderid that appeared to have one exposed abdominal tergite, but the Lucid key excluded Aderidae because of that. Big key feature is that the first two ventrites are fused in Aderids. And their general body form.",Coleoptera,1,Aderidae,,,,,,,,,,,
sgl322,recent,2025-06-09,clear vane,1,1,no,3,"322, CV 1, 2025-6-9, Vial 3",Leiodid with Scraptiid shape. The 8th antennomere gives it away.,Coleoptera,1,Leiodidae,,,,,,,,,,,
sgl322,recent,2025-06-09,clear vane,1,1,no,3,"322, CV 1, 2025-6-9, Vial 3",latridiid,Coleoptera,1,Latridiidae,,,,,,,,,,,
sgl322,recent,2025-06-09,clear vane,1,1,no,3,"322, CV 1, 2025-6-9, Vial 3",tetratomid that looks like a Melandryid. But it has notched eyes and no tibial spur,Coleoptera,1,Tetratomidae,,,,,,,,,,,
sgl322,recent,2025-06-09,clear vane,1,1,no,3,"322, CV 1, 2025-6-9, Vial 3",latridiid,Coleoptera,1,Latridiidae,,,,,,,,,,,
sgl322,recent,2025-06-09,clear vane,1,1,no,3,"322, CV 1, 2025-6-9, Vial 3",Halictids (27 total),Hymenoptera,1,Halictidae,,,,,,,,,,,
sgl322,recent,2025-06-09,clear vane,1,1,no,3,"322, CV 1, 2025-6-9, Vial 3",Halictids (27 total),Hymenoptera,1,Halictidae,,,,,,,,,,,
sgl322,recent,2025-06-09,clear vane,1,1,no,3,"322, CV 1, 2025-6-9, Vial 3",Halictids (27 total),Hymenoptera,1,Halictidae,,,,,,,,,,,
sgl322,recent,2025-06-09,clear vane,1,1,no,3,"322, CV 1, 2025-6-9, Vial 3",Halictids (27 total),Hymenoptera,1,Halictidae,,,,,,,,,,,
sgl322,recent,2025-06-09,clear vane,1,1,no,3,"322, CV 1, 2025-6-9, Vial 3",Halictids (27 total),Hymenoptera,1,Halictidae,,,,,,,,,,,
sgl322,recent,2025-06-09,clear vane,1,1,no,3,"322, CV 1, 2025-6-9, Vial 3",Halictids (27 total),Hymenoptera,1,Halictidae,,,,,,,,,,,
sgl322,recent,2025-06-09,clear vane,1,1,no,3,"322, CV 1, 2025-6-9, Vial 3",Halictids (27 total),Hymenoptera,1,Halictidae,,,,,,,,,,,
sgl322,recent,2025-06-09,clear vane,1,1,no,3,"322, CV 1, 2025-6-9, Vial 3",Halictids (27 total),Hymenoptera,1,Halictidae,,,,,,,,,,,
sgl322,recent,2025-06-09,clear vane,1,1,no,3,"322, CV 1, 2025-6-9, Vial 3",Halictids (27 total),Hymenoptera,1,Halictidae,,,,,,,,,,,
sgl322,recent,2025-06-09,clear vane,1,1,no,3,"322, CV 1, 2025-6-9, Vial 3",Halictids (27 total),Hymenoptera,1,Halictidae,,,,,,,,,,,
sgl322,recent,2025-06-09,clear vane,1,1,no,3,"322, CV 1, 2025-6-9, Vial 3",Halictids (27 total),Hymenoptera,1,Halictidae,,,,,,,,,,,
sgl322,recent,2025-06-09,clear vane,1,1,no,3,"322, CV 1, 2025-6-9, Vial 3",Halictids (27 total),Hymenoptera,1,Halictidae,,,,,,,,,,,
sgl322,recent,2025-06-09,clear vane,1,1,no,3,"322, CV 1, 2025-6-9, Vial 3",Halictids (27 total),Hymenoptera,1,Halictidae,,,,,,,,,,,
sgl322,recent,2025-06-09,clear vane,1,1,no,3,"322, CV 1, 2025-6-9, Vial 3",Halictids (27 total),Hymenoptera,1,Halictidae,,,,,,,,,,,
sgl322,recent,2025-06-09,clear vane,1,1,no,3,"322, CV 1, 2025-6-9, Vial 3",Halictids (27 total),Hymenoptera,1,Halictidae,,,,,,,,,,,
sgl322,recent,2025-06-09,clear vane,1,1,no,3,"322, CV 1, 2025-6-9, Vial 3",Halictids (27 total),Hymenoptera,1,Halictidae,,,,,,,,,,,
sgl322,recent,2025-06-09,clear vane,1,1,no,3,"322, CV 1, 2025-6-9, Vial 3",Halictids (27 total),Hymenoptera,1,Halictidae,,,,,,,,,,,
sgl322,recent,2025-06-09,clear vane,1,1,no,3,"322, CV 1, 2025-6-9, Vial 3",Halictids (27 total),Hymenoptera,1,Halictidae,,,,,,,,,,,
sgl322,recent,2025-06-09,clear vane,1,1,no,3,"322, CV 1, 2025-6-9, Vial 3",Halictids (27 total),Hymenoptera,1,Halictidae,,,,,,,,,,,
sgl322,recent,2025-06-09,clear vane,1,1,no,3,"322, CV 1, 2025-6-9, Vial 3",Halictids (27 total),Hymenoptera,1,Halictidae,,,,,,,,,,,
sgl322,recent,2025-06-09,clear vane,1,1,no,3,"322, CV 1, 2025-6-9, Vial 3",Halictids (27 total),Hymenoptera,1,Halictidae,,,,,,,,,,,
sgl322,recent,2025-06-09,clear vane,1,1,no,3,"322, CV 1, 2025-6-9, Vial 3",Halictids (27 total),Hymenoptera,1,Halictidae,,,,,,,,,,,
sgl322,recent,2025-06-09,clear vane,1,1,no,3,"322, CV 1, 2025-6-9, Vial 3",Halictids (27 total),Hymenoptera,1,Halictidae,,,,,,,,,,,
sgl322,recent,2025-06-09,clear vane,1,1,no,3,"322, CV 1, 2025-6-9, Vial 3",Halictids (27 total),Hymenoptera,1,Halictidae,,,,,,,,,,,
sgl322,recent,2025-06-09,clear vane,1,1,no,3,"322, CV 1, 2025-6-9, Vial 3",Halictids (27 total),Hymenoptera,1,Halictidae,,,,,,,,,,,
sgl322,recent,2025-06-09,clear vane,1,1,no,3,"322, CV 1, 2025-6-9, Vial 3",Halictids (27 total),Hymenoptera,1,Halictidae,,,,,,,,,,,
sgl322,recent,2025-06-09,clear vane,1,1,no,3,"322, CV 1, 2025-6-9, Vial 3",Halictids (27 total),Hymenoptera,1,Halictidae,,,,,,,,,,,
sgl322,recent,2025-06-09,clear vane,1,1,no,3,"322, CV 1, 2025-6-9, Vial 3",probably bumble bee (4 total),Hymenoptera,1,Apidae,,,,,,,,,,,
sgl322,recent,2025-06-09,clear vane,1,1,no,3,"322, CV 1, 2025-6-9, Vial 3",probably bumble bee (4 total),Hymenoptera,1,Apidae,,,,,,,,,,,
sgl322,recent,2025-06-09,clear vane,1,1,no,3,"322, CV 1, 2025-6-9, Vial 3",probably bumble bee (4 total),Hymenoptera,1,Apidae,,,,,,,,,,,
sgl322,recent,2025-06-09,clear vane,1,1,no,3,"322, CV 1, 2025-6-9, Vial 3",probably bumble bee (4 total),Hymenoptera,1,Apidae,,,,,,,,,,,
sgl322,recent,2025-06-09,clear vane,1,1,no,3,"322, CV 1, 2025-6-9, Vial 3","maybe genus Lasioglossum, black halictid, keyed using the flat sclerotized submentum, pointed glossa, only one subantennal line coming down from each antennal",Hymenoptera,1,Halictidae,,,,,,,,,,,
sgl322,recent,2025-06-09,clear vane,1,1,no,3,"322, CV 1, 2025-6-9, Vial 3",maybe genus Lasioglossum,Hymenoptera,1,Halictidae,,,,,,,,,,,
sgl322,recent,2025-06-09,clear vane,1,1,no,3,"322, CV 1, 2025-6-9, Vial 3",maybe genus Lasioglossum,Hymenoptera,1,Halictidae,,,,,,,,,,,
sgl322,recent,2025-06-09,clear vane,1,1,no,3,"322, CV 1, 2025-6-9, Vial 3",maybe genus Lasioglossum,Hymenoptera,1,Halictidae,,,,,,,,,,,
sgl322,recent,2025-06-09,clear vane,1,1,no,3,"322, CV 1, 2025-6-9, Vial 3",ant (5 total),Hymenoptera,1,Formicidae,,,,,,,,,,,
sgl322,recent,2025-06-09,clear vane,1,1,no,3,"322, CV 1, 2025-6-9, Vial 3",ant (5 total),Hymenoptera,1,Formicidae,,,,,,,,,,,
sgl322,recent,2025-06-09,clear vane,1,1,no,3,"322, CV 1, 2025-6-9, Vial 3",ant (5 total),Hymenoptera,1,Formicidae,,,,,,,,,,,
sgl322,recent,2025-06-09,clear vane,1,1,no,3,"322, CV 1, 2025-6-9, Vial 3",ant (5 total),Hymenoptera,1,Formicidae,,,,,,,,,,,
sgl322,recent,2025-06-09,clear vane,1,1,no,3,"322, CV 1, 2025-6-9, Vial 3",ant (5 total),Hymenoptera,1,Formicidae,,,,,,,,,,,
sgl322,recent,2025-06-09,clear vane,1,1,no,3,"322, CV 1, 2025-6-9, Vial 3",black chalcidid,Hymenoptera,1,Chalcididae,,,Chalcidoidea,,,,,,,,
sgl322,recent,2025-06-09,clear vane,1,1,no,3,"322, CV 1, 2025-6-9, Vial 3",metallic greenish black microwasp with red eyes,Hymenoptera,1,Unknown,,,Chalcidoidea,,,,,,,,
sgl322,recent,2025-06-09,clear vane,1,1,no,3,"322, CV 1, 2025-6-9, Vial 3",metallic green microwasp with obvious ring-like flagellomere after pedicel,Hymenoptera,1,Unknown,,,Chalcidoidea,,,,,,,,
sgl322,recent,2025-06-09,clear vane,1,1,no,3,"322, CV 1, 2025-6-9, Vial 3","small, black pompilid. Obvious because of the suture along the mesopleuron just above the mesocoxa",Hymenoptera,1,Pompilidae,,,,,,,,,,,
sgl322,recent,2025-06-09,clear vane,1,1,no,3,"322, CV 1, 2025-6-9, Vial 3",periodical cicadas (2 total),Hemiptera,1,Cicadidae,,,,,,,,,,,
sgl322,recent,2025-06-09,clear vane,1,1,no,3,"322, CV 1, 2025-6-9, Vial 3",periodical cicadas (2 total),Hemiptera,1,Cicadidae,,,,,,,,,,,
sgl322,recent,2025-06-09,clear vane,1,1,no,3,"322, CV 1, 2025-6-9, Vial 3",Lycorma delicatula,Hemiptera,1,Fulgoridae,Juvenile,,,,,,,,,,
sgl322,recent,2025-06-09,clear vane,1,1,no,3,"322, CV 1, 2025-6-9, Vial 3",Lycorma delicatula,Hemiptera,1,Fulgoridae,Juvenile,,,,,,,,,,
sgl322,recent,2025-06-09,clear vane,1,1,no,3,"322, CV 1, 2025-6-9, Vial 3",thrips,Thysanoptera,1,Unknown,,,,,,,,,,,
sgl322,recent,2025-06-09,clear vane,1,1,no,3,"322, CV 1, 2025-6-9, Vial 3",probably Otiocerus coquebertii,Hemiptera,1,Derbidae,,,,,,,,,,,
sgl322,recent,2025-06-09,clear vane,1,1,no,3,"322, CV 1, 2025-6-9, Vial 3",brown cicadellid nymph (2 total),Hemiptera,1,Cicadellidae,Juvenile,,,,,,,,,,
sgl322,recent,2025-06-09,clear vane,1,1,no,3,"322, CV 1, 2025-6-9, Vial 3",brown cicadellid nymph (2 total),Hemiptera,1,Cicadellidae,Juvenile,,,,,,,,,,
sgl322,recent,2025-06-09,clear vane,1,1,no,3,"322, CV 1, 2025-6-9, Vial 3","brown, greenish-bluish pentatomid",Hemiptera,1,Pentatomidae,,,,,,,,,,,
sgl322,recent,2025-06-09,clear vane,1,1,no,3,"322, CV 1, 2025-6-9, Vial 3","Heteroptera nymph, maybe pentatomid",Hemiptera,1,Unknown,Juvenile,,Heteroptera,,,,,,,,
sgl322,recent,2025-06-09,clear vane,1,1,no,3,"322, CV 1, 2025-6-9, Vial 3",orange-ish mirid,Hemiptera,1,Miridae,,,,,,,,,,,
sgl322,recent,2025-06-09,clear vane,1,1,no,3,"322, CV 1, 2025-6-9, Vial 3",yellowish-tan mirid,Hemiptera,1,Miridae,,,,,,,,,,,
sgl322,recent,2025-06-09,clear vane,1,1,no,3,"322, CV 1, 2025-6-9, Vial 3",brown and yellow mirid,Hemiptera,1,Miridae,,,,,,,,,,,
sgl322,recent,2025-06-09,clear vane,1,1,no,3,"322, CV 1, 2025-6-9, Vial 3",pale true bug nymph,Hemiptera,1,Unknown,Juvenile,,Heteroptera,,,,,,,,
sgl322,recent,2025-06-09,clear vane,1,1,no,3,"322, CV 1, 2025-6-9, Vial 3","pale mirid (I think), cuneus difficult to see",Hemiptera,1,Miridae,,,,,,,,,,,
sgl322,recent,2025-06-09,clear vane,1,1,no,3,"322, CV 1, 2025-6-9, Vial 3",winged aphid (8 total),Hemiptera,1,Aphididae,,,,,,,,,,,
sgl322,recent,2025-06-09,clear vane,1,1,no,3,"322, CV 1, 2025-6-9, Vial 3",winged aphid (8 total),Hemiptera,1,Aphididae,,,,,,,,,,,
sgl322,recent,2025-06-09,clear vane,1,1,no,3,"322, CV 1, 2025-6-9, Vial 3",winged aphid (8 total),Hemiptera,1,Aphididae,,,,,,,,,,,
sgl322,recent,2025-06-09,clear vane,1,1,no,3,"322, CV 1, 2025-6-9, Vial 3",winged aphid (8 total),Hemiptera,1,Aphididae,,,,,,,,,,,
sgl322,recent,2025-06-09,clear vane,1,1,no,3,"322, CV 1, 2025-6-9, Vial 3",winged aphid (8 total),Hemiptera,1,Aphididae,,,,,,,,,,,
sgl322,recent,2025-06-09,clear vane,1,1,no,3,"322, CV 1, 2025-6-9, Vial 3",winged aphid (8 total),Hemiptera,1,Aphididae,,,,,,,,,,,
sgl322,recent,2025-06-09,clear vane,1,1,no,3,"322, CV 1, 2025-6-9, Vial 3",winged aphid (8 total),Hemiptera,1,Aphididae,,,,,,,,,,,
sgl322,recent,2025-06-09,clear vane,1,1,no,3,"322, CV 1, 2025-6-9, Vial 3",winged aphid (8 total),Hemiptera,1,Aphididae,,,,,,,,,,,
sgl322,recent,2025-06-09,clear vane,1,1,no,3,"322, CV 1, 2025-6-9, Vial 3",aphid with wing pads,Hemiptera,1,Aphididae,Juvenile,,,,,,,,,,
sgl322,recent,2025-06-09,clear vane,1,1,no,3,"322, CV 1, 2025-6-9, Vial 3",aphid without wings or wing pads,Hemiptera,1,Aphididae,Juvenile,,,,,,,,,,
sgl322,recent,2025-06-09,clear vane,1,1,no,3,"322, CV 1, 2025-6-9, Vial 3",maybe aphid,Hemiptera,1,Unknown,Juvenile,,Sternorrhyncha,,,,,,,,
sgl322,recent,2025-06-09,clear vane,1,1,no,3,"322, CV 1, 2025-6-9, Vial 3",cicadellid nymph,Hemiptera,1,Cicadellidae,Juvenile,,,,,,,,,,
sgl322,recent,2025-06-09,clear vane,1,1,no,3,"322, CV 1, 2025-6-9, Vial 3",crawler,Hemiptera,1,Unknown,Juvenile,,Sternorrhyncha,,,,,,,,
sgl322,recent,2025-06-09,clear vane,1,1,no,3,"322, CV 1, 2025-6-9, Vial 3",psyllid,Hemiptera,1,Psyllidae,,,,,,,,,,,
sgl322,recent,2025-06-09,clear vane,1,1,no,3,"322, CV 1, 2025-6-9, Vial 3",winged phylloxerids (6 total),Hemiptera,1,Phylloxeridae,,,,,,,,,,,
sgl322,recent,2025-06-09,clear vane,1,1,no,3,"322, CV 1, 2025-6-9, Vial 3",winged phylloxerids (6 total),Hemiptera,1,Phylloxeridae,,,,,,,,,,,
sgl322,recent,2025-06-09,clear vane,1,1,no,3,"322, CV 1, 2025-6-9, Vial 3",winged phylloxerids (6 total),Hemiptera,1,Phylloxeridae,,,,,,,,,,,
sgl322,recent,2025-06-09,clear vane,1,1,no,3,"322, CV 1, 2025-6-9, Vial 3",winged phylloxerids (6 total),Hemiptera,1,Phylloxeridae,,,,,,,,,,,
sgl322,recent,2025-06-09,clear vane,1,1,no,3,"322, CV 1, 2025-6-9, Vial 3",winged phylloxerids (6 total),Hemiptera,1,Phylloxeridae,,,,,,,,,,,
sgl322,recent,2025-06-09,clear vane,1,1,no,3,"322, CV 1, 2025-6-9, Vial 3",winged phylloxerids (6 total),Hemiptera,1,Phylloxeridae,,,,,,,,,,,
sgl322,recent,2025-06-09,clear vane,1,1,no,3,"322, CV 1, 2025-6-9, Vial 3",,,,,,,,,,,,,,,
,,,,,,,,,,,,,,,,,,,,,,,
sgl322,medium,2025-06-10,clear vane,7,1,no,1,"322, CV 7, 2025-6-10, Vial 1","winged, male phengodid",Coleoptera,1,Phengodidae,,,,,,,,,,,
sgl322,medium,2025-06-10,clear vane,7,1,no,1,"322, CV 7, 2025-6-10, Vial 1","burying beetle, many mites on it",Coleoptera,1,Staphylinidae,,Silphinae,,,,,,,,,
sgl322,medium,2025-06-10,clear vane,7,1,no,1,"322, CV 7, 2025-6-10, Vial 1",large black elaterid,Coleoptera,1,Elateridae,,,,,,,,,,,
sgl322,medium,2025-06-10,clear vane,7,1,no,1,"322, CV 7, 2025-6-10, Vial 1",orange and black elaterid,Coleoptera,1,Elateridae,,,,,,,,,,,
sgl322,medium,2025-06-10,clear vane,7,1,no,1,"322, CV 7, 2025-6-10, Vial 1","probably Isorhipis obliqua, black and slightly orange Eucnemid",Coleoptera,1,Eucnemidae,,,,,,,,,,,
sgl322,medium,2025-06-10,clear vane,7,1,no,1,"322, CV 7, 2025-6-10, Vial 1",orange and black elaterid,Coleoptera,1,Elateridae,,,,,,,,,,,
sgl322,medium,2025-06-10,clear vane,7,1,no,1,"322, CV 7, 2025-6-10, Vial 1","probs Isorhipis obliqua, with large pectinate antennae (male?)",Coleoptera,1,Eucnemidae,,,,,,,,,,,
sgl322,medium,2025-06-10,clear vane,7,1,no,1,"322, CV 7, 2025-6-10, Vial 1",probs Prometopia sexmaculata (2 total),Coleoptera,1,Nitidulidae,,,,,,,,,,,
sgl322,medium,2025-06-10,clear vane,7,1,no,1,"322, CV 7, 2025-6-10, Vial 1",probs Prometopia sexmaculata (2 total),Coleoptera,1,Nitidulidae,,,,,,,,,,,
sgl322,medium,2025-06-10,clear vane,7,1,no,1,"322, CV 7, 2025-6-10, Vial 1",possibly genus Stenolophus,Coleoptera,1,Carabidae,,,,,,,,,,,
sgl322,medium,2025-06-10,clear vane,7,1,no,1,"322, CV 7, 2025-6-10, Vial 1",shiny green carabid (3 total),Coleoptera,1,Carabidae,,,,,,,,,,,
sgl322,medium,2025-06-10,clear vane,7,1,no,1,"322, CV 7, 2025-6-10, Vial 1",shiny green carabid (3 total),Coleoptera,1,Carabidae,,,,,,,,,,,
sgl322,medium,2025-06-10,clear vane,7,1,no,1,"322, CV 7, 2025-6-10, Vial 1",shiny green carabid (3 total),Coleoptera,1,Carabidae,,,,,,,,,,,
sgl322,medium,2025-06-10,clear vane,7,1,no,1,"322, CV 7, 2025-6-10, Vial 1",tan scarabs (13 total),Coleoptera,1,Scarabaeidae,,,,,,,,,,,
sgl322,medium,2025-06-10,clear vane,7,1,no,1,"322, CV 7, 2025-6-10, Vial 1",tan scarabs (13 total),Coleoptera,1,Scarabaeidae,,,,,,,,,,,
sgl322,medium,2025-06-10,clear vane,7,1,no,1,"322, CV 7, 2025-6-10, Vial 1",tan scarabs (13 total),Coleoptera,1,Scarabaeidae,,,,,,,,,,,
sgl322,medium,2025-06-10,clear vane,7,1,no,1,"322, CV 7, 2025-6-10, Vial 1",tan scarabs (13 total),Coleoptera,1,Scarabaeidae,,,,,,,,,,,
sgl322,medium,2025-06-10,clear vane,7,1,no,1,"322, CV 7, 2025-6-10, Vial 1",tan scarabs (13 total),Coleoptera,1,Scarabaeidae,,,,,,,,,,,
sgl322,medium,2025-06-10,clear vane,7,1,no,1,"322, CV 7, 2025-6-10, Vial 1",tan scarabs (13 total),Coleoptera,1,Scarabaeidae,,,,,,,,,,,
sgl322,medium,2025-06-10,clear vane,7,1,no,1,"322, CV 7, 2025-6-10, Vial 1",tan scarabs (13 total),Coleoptera,1,Scarabaeidae,,,,,,,,,,,
sgl322,medium,2025-06-10,clear vane,7,1,no,1,"322, CV 7, 2025-6-10, Vial 1",tan scarabs (13 total),Coleoptera,1,Scarabaeidae,,,,,,,,,,,
sgl322,medium,2025-06-10,clear vane,7,1,no,1,"322, CV 7, 2025-6-10, Vial 1",tan scarabs (13 total),Coleoptera,1,Scarabaeidae,,,,,,,,,,,
sgl322,medium,2025-06-10,clear vane,7,1,no,1,"322, CV 7, 2025-6-10, Vial 1",tan scarabs (13 total),Coleoptera,1,Scarabaeidae,,,,,,,,,,,
sgl322,medium,2025-06-10,clear vane,7,1,no,1,"322, CV 7, 2025-6-10, Vial 1",tan scarabs (13 total),Coleoptera,1,Scarabaeidae,,,,,,,,,,,
sgl322,medium,2025-06-10,clear vane,7,1,no,1,"322, CV 7, 2025-6-10, Vial 1",tan scarabs (13 total),Coleoptera,1,Scarabaeidae,,,,,,,,,,,
sgl322,medium,2025-06-10,clear vane,7,1,no,1,"322, CV 7, 2025-6-10, Vial 1",tan scarabs (13 total),Coleoptera,1,Scarabaeidae,,,,,,,,,,,
sgl322,medium,2025-06-10,clear vane,7,1,no,1,"322, CV 7, 2025-6-10, Vial 1",large brown elaterid,Coleoptera,1,Elateridae,,,,,,,,,,,
sgl322,medium,2025-06-10,clear vane,7,1,no,1,"322, CV 7, 2025-6-10, Vial 1",large black elaterid,Coleoptera,1,Elateridae,,,,,,,,,,,
sgl322,medium,2025-06-10,clear vane,7,1,no,1,"322, CV 7, 2025-6-10, Vial 1",brown elaterid,Coleoptera,1,Elateridae,,,,,,,,,,,
sgl322,medium,2025-06-10,clear vane,7,1,no,1,"322, CV 7, 2025-6-10, Vial 1",shiny green carabid,Coleoptera,1,Carabidae,,,,,,,,,,,
sgl322,medium,2025-06-10,clear vane,7,1,no,1,"322, CV 7, 2025-6-10, Vial 1","probs Strophiona nitens, black and gold cerambycid",Coleoptera,1,Cerambycidae,,,,,,,,,,,
sgl322,medium,2025-06-10,clear vane,7,1,no,1,"322, CV 7, 2025-6-10, Vial 1",black eucnemid,Coleoptera,1,Eucnemidae,,,,,,,,,,,
sgl322,medium,2025-06-10,clear vane,7,1,no,1,"322, CV 7, 2025-6-10, Vial 1",brown eucnemid,Coleoptera,1,Eucnemidae,,,,,,,,,,,
sgl322,medium,2025-06-10,clear vane,7,1,no,1,"322, CV 7, 2025-6-10, Vial 1","smallish black elaterid, it looked like a eucnemid except for the slightly-flatter-than-cigar-shaped body and the everted reproductive part and the moveable 5th ventrite and the longer-than-it-is-wide middle section of thorax underside",Coleoptera,1,Elateridae,,,,,,,,,,,
sgl322,medium,2025-06-10,clear vane,7,1,no,1,"322, CV 7, 2025-6-10, Vial 1",probs Dircaea liturata,Coleoptera,1,Melandryidae,,,,,,,,,,,
sgl322,medium,2025-06-10,clear vane,7,1,no,1,"322, CV 7, 2025-6-10, Vial 1",throscid,Coleoptera,1,Throscidae,,,,,,,,,,,
sgl322,medium,2025-06-10,clear vane,7,1,no,1,"322, CV 7, 2025-6-10, Vial 1",brown staphylinid (2 total),Coleoptera,1,Staphylinidae,,,,,,,,,,,
sgl322,medium,2025-06-10,clear vane,7,1,no,1,"322, CV 7, 2025-6-10, Vial 1",brown staphylinid (3 total),Coleoptera,1,Staphylinidae,,,,,,,,,,,
sgl322,medium,2025-06-10,clear vane,7,1,no,1,"322, CV 7, 2025-6-10, Vial 1",brown staphylinid (3 total),Coleoptera,1,Staphylinidae,,,,,,,,,,,
sgl322,medium,2025-06-10,clear vane,7,1,no,1,"322, CV 7, 2025-6-10, Vial 1",mordellid (8 total),Coleoptera,1,Mordellidae,,,,,,,,,,,
sgl322,medium,2025-06-10,clear vane,7,1,no,1,"322, CV 7, 2025-6-10, Vial 1",mordellid (8 total),Coleoptera,1,Mordellidae,,,,,,,,,,,
sgl322,medium,2025-06-10,clear vane,7,1,no,1,"322, CV 7, 2025-6-10, Vial 1",mordellid (8 total),Coleoptera,1,Mordellidae,,,,,,,,,,,
sgl322,medium,2025-06-10,clear vane,7,1,no,1,"322, CV 7, 2025-6-10, Vial 1",mordellid (8 total),Coleoptera,1,Mordellidae,,,,,,,,,,,
sgl322,medium,2025-06-10,clear vane,7,1,no,1,"322, CV 7, 2025-6-10, Vial 1",mordellid (8 total),Coleoptera,1,Mordellidae,,,,,,,,,,,
sgl322,medium,2025-06-10,clear vane,7,1,no,1,"322, CV 7, 2025-6-10, Vial 1",mordellid (8 total),Coleoptera,1,Mordellidae,,,,,,,,,,,
sgl322,medium,2025-06-10,clear vane,7,1,no,1,"322, CV 7, 2025-6-10, Vial 1",mordellid (8 total),Coleoptera,1,Mordellidae,,,,,,,,,,,
sgl322,medium,2025-06-10,clear vane,7,1,no,1,"322, CV 7, 2025-6-10, Vial 1",mordellid (8 total),Coleoptera,1,Mordellidae,,,,,,,,,,,
sgl322,medium,2025-06-10,clear vane,7,1,no,1,"322, CV 7, 2025-6-10, Vial 1","thought this was a Byturid beetle, but probably Cryptophagid genus Telmatophilus (3 total)",Coleoptera,1,Cryptophagidae,,,,,,,,,,,
sgl322,medium,2025-06-10,clear vane,7,1,no,1,"322, CV 7, 2025-6-10, Vial 1","thought this was a Byturid beetle, but probably Cryptophagid genus Telmatophilus (3 total)",Coleoptera,1,Cryptophagidae,,,,,,,,,,,
sgl322,medium,2025-06-10,clear vane,7,1,no,1,"322, CV 7, 2025-6-10, Vial 1","thought this was a Byturid beetle, but probably Cryptophagid genus Telmatophilus (3 total)",Coleoptera,1,Cryptophagidae,,,,,,,,,,,
sgl322,medium,2025-06-10,clear vane,7,1,no,1,"322, CV 7, 2025-6-10, Vial 1",black staphylinid,Coleoptera,1,Staphylinidae,,,,,,,,,,,
sgl322,medium,2025-06-10,clear vane,7,1,no,1,"322, CV 7, 2025-6-10, Vial 1",tan staphylinid,Coleoptera,1,Staphylinidae,,,,,,,,,,,
sgl322,medium,2025-06-10,clear vane,7,1,no,1,"322, CV 7, 2025-6-10, Vial 1",small reddish-brown staphylinid (22 total),Coleoptera,1,Staphylinidae,,,,,,,,,,,
sgl322,medium,2025-06-10,clear vane,7,1,no,1,"322, CV 7, 2025-6-10, Vial 1",small reddish-brown staphylinid (22 total),Coleoptera,1,Staphylinidae,,,,,,,,,,,
sgl322,medium,2025-06-10,clear vane,7,1,no,1,"322, CV 7, 2025-6-10, Vial 1",small reddish-brown staphylinid (22 total),Coleoptera,1,Staphylinidae,,,,,,,,,,,
sgl322,medium,2025-06-10,clear vane,7,1,no,1,"322, CV 7, 2025-6-10, Vial 1",small reddish-brown staphylinid (22 total),Coleoptera,1,Staphylinidae,,,,,,,,,,,
sgl322,medium,2025-06-10,clear vane,7,1,no,1,"322, CV 7, 2025-6-10, Vial 1",small reddish-brown staphylinid (22 total),Coleoptera,1,Staphylinidae,,,,,,,,,,,
sgl322,medium,2025-06-10,clear vane,7,1,no,1,"322, CV 7, 2025-6-10, Vial 1",small reddish-brown staphylinid (22 total),Coleoptera,1,Staphylinidae,,,,,,,,,,,
sgl322,medium,2025-06-10,clear vane,7,1,no,1,"322, CV 7, 2025-6-10, Vial 1",small reddish-brown staphylinid (22 total),Coleoptera,1,Staphylinidae,,,,,,,,,,,
sgl322,medium,2025-06-10,clear vane,7,1,no,1,"322, CV 7, 2025-6-10, Vial 1",small reddish-brown staphylinid (22 total),Coleoptera,1,Staphylinidae,,,,,,,,,,,
sgl322,medium,2025-06-10,clear vane,7,1,no,1,"322, CV 7, 2025-6-10, Vial 1",small reddish-brown staphylinid (22 total),Coleoptera,1,Staphylinidae,,,,,,,,,,,
sgl322,medium,2025-06-10,clear vane,7,1,no,1,"322, CV 7, 2025-6-10, Vial 1",small reddish-brown staphylinid (22 total),Coleoptera,1,Staphylinidae,,,,,,,,,,,
sgl322,medium,2025-06-10,clear vane,7,1,no,1,"322, CV 7, 2025-6-10, Vial 1",small reddish-brown staphylinid (22 total),Coleoptera,1,Staphylinidae,,,,,,,,,,,
sgl322,medium,2025-06-10,clear vane,7,1,no,1,"322, CV 7, 2025-6-10, Vial 1",small reddish-brown staphylinid (22 total),Coleoptera,1,Staphylinidae,,,,,,,,,,,
sgl322,medium,2025-06-10,clear vane,7,1,no,1,"322, CV 7, 2025-6-10, Vial 1",small reddish-brown staphylinid (22 total),Coleoptera,1,Staphylinidae,,,,,,,,,,,
sgl322,medium,2025-06-10,clear vane,7,1,no,1,"322, CV 7, 2025-6-10, Vial 1",small reddish-brown staphylinid (22 total),Coleoptera,1,Staphylinidae,,,,,,,,,,,
sgl322,medium,2025-06-10,clear vane,7,1,no,1,"322, CV 7, 2025-6-10, Vial 1",small reddish-brown staphylinid (22 total),Coleoptera,1,Staphylinidae,,,,,,,,,,,
sgl322,medium,2025-06-10,clear vane,7,1,no,1,"322, CV 7, 2025-6-10, Vial 1",small reddish-brown staphylinid (22 total),Coleoptera,1,Staphylinidae,,,,,,,,,,,
sgl322,medium,2025-06-10,clear vane,7,1,no,1,"322, CV 7, 2025-6-10, Vial 1",small reddish-brown staphylinid (22 total),Coleoptera,1,Staphylinidae,,,,,,,,,,,
sgl322,medium,2025-06-10,clear vane,7,1,no,1,"322, CV 7, 2025-6-10, Vial 1",small reddish-brown staphylinid (22 total),Coleoptera,1,Staphylinidae,,,,,,,,,,,
sgl322,medium,2025-06-10,clear vane,7,1,no,1,"322, CV 7, 2025-6-10, Vial 1",small reddish-brown staphylinid (22 total),Coleoptera,1,Staphylinidae,,,,,,,,,,,
sgl322,medium,2025-06-10,clear vane,7,1,no,1,"322, CV 7, 2025-6-10, Vial 1",small reddish-brown staphylinid (22 total),Coleoptera,1,Staphylinidae,,,,,,,,,,,
sgl322,medium,2025-06-10,clear vane,7,1,no,1,"322, CV 7, 2025-6-10, Vial 1",small reddish-brown staphylinid (22 total),Coleoptera,1,Staphylinidae,,,,,,,,,,,
sgl322,medium,2025-06-10,clear vane,7,1,no,1,"322, CV 7, 2025-6-10, Vial 1",small reddish-brown staphylinid (22 total),Coleoptera,1,Staphylinidae,,,,,,,,,,,
sgl322,medium,2025-06-10,clear vane,7,1,no,1,"322, CV 7, 2025-6-10, Vial 1","monotomid (identified by the 10-segmented antennae, 1-segmented club that looks a bit like a 3-tierd cone, exposed pygidium, flat body, smooth appearance, and larger ventrite 1 and 5)",Coleoptera,1,Monotomidae,,,,,,,,,,,
sgl322,medium,2025-06-10,clear vane,7,1,no,1,"322, CV 7, 2025-6-10, Vial 1","dermestid, maybe genus Anthrenus (identified by the grooves for the legs AND antennae, 1 median ocellus, scales all over body)",Coleoptera,1,Dermestidae,,,,,,,,,,,
sgl322,medium,2025-06-10,clear vane,7,1,no,1,"322, CV 7, 2025-6-10, Vial 1","dermestid, maybe genus Anthrenus  ",Coleoptera,1,Dermestidae,,,,,,,,,,,
sgl322,medium,2025-06-10,clear vane,7,1,no,1,"322, CV 7, 2025-6-10, Vial 1",monotomid  ,Coleoptera,1,Monotomidae,,,,,,,,,,,
sgl322,medium,2025-06-10,clear vane,7,1,no,1,"322, CV 7, 2025-6-10, Vial 1",monotomid,Coleoptera,1,Monotomidae,,,,,,,,,,,
sgl322,medium,2025-06-10,clear vane,7,1,no,Separate small vial,"322, CV 7, 2025-6-10, Separate Vial",triungulin,Coleoptera,1,Unknown,Juvenile,,,,,,,,,,
sgl322,medium,2025-06-10,clear vane,7,1,no,1,"322, CV 7, 2025-6-10, Vial 1",tiny black Curculionid,Coleoptera,1,Curculionidae,,,,,,,,,,,
sgl322,medium,2025-06-10,clear vane,7,1,no,1,"322, CV 7, 2025-6-10, Vial 1",genus Mycetophagus (2 total),Coleoptera,1,Mycetophagidae,,,,,,,,,,,
sgl322,medium,2025-06-10,clear vane,7,1,no,1,"322, CV 7, 2025-6-10, Vial 1",genus Mycetophagus (2 total),Coleoptera,1,Mycetophagidae,,,,,,,,,,,
sgl322,medium,2025-06-10,clear vane,7,1,no,1,"322, CV 7, 2025-6-10, Vial 1",throscid (identified by click mechanism and appendanges fit into grooves),Coleoptera,1,Throscidae,,,,,,,,,,,
sgl322,medium,2025-06-10,clear vane,7,1,no,1,"322, CV 7, 2025-6-10, Vial 1","black/dark brown nitidulid (can tell from Kateridae because it has teeth along the edge of the protibia, and the club is strong)",Coleoptera,1,Nitidulidae,,,,,,,,,,,
sgl322,medium,2025-06-10,clear vane,7,1,no,1,"322, CV 7, 2025-6-10, Vial 1",probs genus Synchita (4 total),Coleoptera,1,Zopheridae,,,,,,,,,,,
sgl322,medium,2025-06-10,clear vane,7,1,no,1,"322, CV 7, 2025-6-10, Vial 1",probs genus Synchita (4 total),Coleoptera,1,Zopheridae,,,,,,,,,,,
sgl322,medium,2025-06-10,clear vane,7,1,no,1,"322, CV 7, 2025-6-10, Vial 1",probs genus Synchita (4 total),Coleoptera,1,Zopheridae,,,,,,,,,,,
sgl322,medium,2025-06-10,clear vane,7,1,no,1,"322, CV 7, 2025-6-10, Vial 1",probs genus Synchita (4 total),Coleoptera,1,Zopheridae,,,,,,,,,,,
sgl322,medium,2025-06-10,clear vane,7,1,no,1,"322, CV 7, 2025-6-10, Vial 1",corylophid,Coleoptera,1,Corylophidae,,,,,,,,,,,
sgl322,medium,2025-06-10,clear vane,7,1,no,1,"322, CV 7, 2025-6-10, Vial 1",phalacrid,Coleoptera,1,Phalacridae,,,,,,,,,,,
sgl322,medium,2025-06-10,clear vane,7,1,no,1,"322, CV 7, 2025-6-10, Vial 1","tiny staphylinids, probs tribe Euplectini, maybe genus Leptoplectus (3 total)",Coleoptera,1,Staphylinidae,,,,,,,,,,,
sgl322,medium,2025-06-10,clear vane,7,1,no,1,"322, CV 7, 2025-6-10, Vial 1","tiny staphylinids, probs tribe Euplectini, maybe genus Leptoplectus (3 total)",Coleoptera,1,Staphylinidae,,,,,,,,,,,
sgl322,medium,2025-06-10,clear vane,7,1,no,1,"322, CV 7, 2025-6-10, Vial 1","tiny staphylinids, probs tribe Euplectini, maybe genus Leptoplectus (3 total)",Coleoptera,1,Staphylinidae,,,,,,,,,,,
sgl322,medium,2025-06-10,clear vane,7,1,no,1,"322, CV 7, 2025-6-10, Vial 1","probs tribe Scaphisomatini, maybe genus Baeocera",Coleoptera,1,Staphylinidae,,,,,,,,,,,
sgl322,medium,2025-06-10,clear vane,7,1,no,1,"322, CV 7, 2025-6-10, Vial 1",round Agathidiini beetles (2 total),Coleoptera,1,Leiodidae,,Agathidiini,,,,,,,,,
sgl322,medium,2025-06-10,clear vane,7,1,no,1,"322, CV 7, 2025-6-10, Vial 1",round Agathidiini beetles (2 total),Coleoptera,1,Leiodidae,,Agathidiini,,,,,,,,,
sgl322,medium,2025-06-10,clear vane,7,1,no,1,"322, CV 7, 2025-6-10, Vial 1",maybe Phymaphora pulchella,Coleoptera,1,Endomychidae,,,,,,,,,,,
sgl322,medium,2025-06-10,clear vane,7,1,no,1,"322, CV 7, 2025-6-10, Vial 1",ant-like rove beetle,Coleoptera,1,Staphylinidae,,Pselaphinae,,,,,,,,,
sgl322,medium,2025-06-10,clear vane,7,1,no,1,"322, CV 7, 2025-6-10, Vial 1","genus Clypastraea, I could tell it was a Corylophid because of the unique antennae and the small head. BUT, I did think it was a Nitidulid because of the color and exposed pygidium",Coleoptera,1,Corylophidae,,,,,,,,,,,
sgl322,medium,2025-06-10,clear vane,7,1,no,1,"322, CV 7, 2025-6-10, Vial 1",genus Sepedophilus,Coleoptera,1,Staphylinidae,,,,,,,,,,,
sgl322,medium,2025-06-10,clear vane,7,1,no,1,"322, CV 7, 2025-6-10, Vial 1",genus Sepedophilus,Coleoptera,1,Staphylinidae,,,,,,,,,,,
sgl322,medium,2025-06-10,clear vane,7,1,no,1,"322, CV 7, 2025-6-10, Vial 1",tan latridiid (3 total),Coleoptera,1,Latridiidae,,,,,,,,,,,
sgl322,medium,2025-06-10,clear vane,7,1,no,1,"322, CV 7, 2025-6-10, Vial 1",tan latridiid (3 total),Coleoptera,1,Latridiidae,,,,,,,,,,,
sgl322,medium,2025-06-10,clear vane,7,1,no,1,"322, CV 7, 2025-6-10, Vial 1",tan latridiid (3 total),Coleoptera,1,Latridiidae,,,,,,,,,,,
sgl322,medium,2025-06-10,clear vane,7,1,no,1,"322, CV 7, 2025-6-10, Vial 1","probs Microtonus sericans, noticeable, clubbed palps, notched eyes, two connate ventrites, long first tarsomere",Coleoptera,1,Melandryidae,,,,,,,,,,,
sgl322,medium,2025-06-10,clear vane,7,1,no,1,"322, CV 7, 2025-6-10, Vial 1","brown tenebrionid, maybe genus Isomira, has epistoma and tooth tarsal claws",Coleoptera,1,Tenebrionidae,,,,,,,,,,,
sgl322,medium,2025-06-10,clear vane,7,1,no,1,"322, CV 7, 2025-6-10, Vial 1",maybe Canifa plagiata,Coleoptera,1,Scraptiidae,,Scraptiinae,,,,,,,,,
sgl322,medium,2025-06-10,clear vane,7,1,no,1,"322, CV 7, 2025-6-10, Vial 1","genus Litargus or Mycetophagus, the ID feature was the obivously open procoxal cavities; The elytra seemed to expose the abdomen in the dead specimens, although pictures of living specimens show no exposed abdomen",Coleoptera,1,Mycetophagidae,,,,,,,,,,,
sgl322,medium,2025-06-10,clear vane,7,1,no,1,"322, CV 7, 2025-6-10, Vial 1","genus Litargus or Mycetophagus, the ID feature was the obivously open procoxal cavities; The elytra seemed to expose the abdomen in the dead specimens, although pictures of living specimens show no exposed abdomen",Coleoptera,1,Mycetophagidae,,,,,,,,,,,
sgl322,medium,2025-06-10,clear vane,7,1,no,1,"322, CV 7, 2025-6-10, Vial 1",genus Diplocoelus,Coleoptera,1,Biphyllidae,,,,,,,,,,,
sgl322,medium,2025-06-10,clear vane,7,1,no,1,"322, CV 7, 2025-6-10, Vial 1",black nitidulid,Coleoptera,1,Nitidulidae,,,,,,,,,,,
sgl322,medium,2025-06-10,clear vane,7,1,no,1,"322, CV 7, 2025-6-10, Vial 1",bark beetles (132 total),Coleoptera,1,Curculionidae,,Scolytinae,,,,,,,,,
sgl322,medium,2025-06-10,clear vane,7,1,no,1,"322, CV 7, 2025-6-10, Vial 1",bark beetles (132 total),Coleoptera,1,Curculionidae,,Scolytinae,,,,,,,,,
sgl322,medium,2025-06-10,clear vane,7,1,no,1,"322, CV 7, 2025-6-10, Vial 1",bark beetles (132 total),Coleoptera,1,Curculionidae,,Scolytinae,,,,,,,,,
sgl322,medium,2025-06-10,clear vane,7,1,no,1,"322, CV 7, 2025-6-10, Vial 1",bark beetles (132 total),Coleoptera,1,Curculionidae,,Scolytinae,,,,,,,,,
sgl322,medium,2025-06-10,clear vane,7,1,no,1,"322, CV 7, 2025-6-10, Vial 1",bark beetles (132 total),Coleoptera,1,Curculionidae,,Scolytinae,,,,,,,,,
sgl322,medium,2025-06-10,clear vane,7,1,no,1,"322, CV 7, 2025-6-10, Vial 1",bark beetles (132 total),Coleoptera,1,Curculionidae,,Scolytinae,,,,,,,,,
sgl322,medium,2025-06-10,clear vane,7,1,no,1,"322, CV 7, 2025-6-10, Vial 1",bark beetles (132 total),Coleoptera,1,Curculionidae,,Scolytinae,,,,,,,,,
sgl322,medium,2025-06-10,clear vane,7,1,no,1,"322, CV 7, 2025-6-10, Vial 1",bark beetles (132 total),Coleoptera,1,Curculionidae,,Scolytinae,,,,,,,,,
sgl322,medium,2025-06-10,clear vane,7,1,no,1,"322, CV 7, 2025-6-10, Vial 1",bark beetles (132 total),Coleoptera,1,Curculionidae,,Scolytinae,,,,,,,,,
sgl322,medium,2025-06-10,clear vane,7,1,no,1,"322, CV 7, 2025-6-10, Vial 1",bark beetles (132 total),Coleoptera,1,Curculionidae,,Scolytinae,,,,,,,,,
sgl322,medium,2025-06-10,clear vane,7,1,no,1,"322, CV 7, 2025-6-10, Vial 1",bark beetles (132 total),Coleoptera,1,Curculionidae,,Scolytinae,,,,,,,,,
sgl322,medium,2025-06-10,clear vane,7,1,no,1,"322, CV 7, 2025-6-10, Vial 1",bark beetles (132 total),Coleoptera,1,Curculionidae,,Scolytinae,,,,,,,,,
sgl322,medium,2025-06-10,clear vane,7,1,no,1,"322, CV 7, 2025-6-10, Vial 1",bark beetles (132 total),Coleoptera,1,Curculionidae,,Scolytinae,,,,,,,,,
sgl322,medium,2025-06-10,clear vane,7,1,no,1,"322, CV 7, 2025-6-10, Vial 1",bark beetles (132 total),Coleoptera,1,Curculionidae,,Scolytinae,,,,,,,,,
sgl322,medium,2025-06-10,clear vane,7,1,no,1,"322, CV 7, 2025-6-10, Vial 1",bark beetles (132 total),Coleoptera,1,Curculionidae,,Scolytinae,,,,,,,,,
sgl322,medium,2025-06-10,clear vane,7,1,no,1,"322, CV 7, 2025-6-10, Vial 1",bark beetles (132 total),Coleoptera,1,Curculionidae,,Scolytinae,,,,,,,,,
sgl322,medium,2025-06-10,clear vane,7,1,no,1,"322, CV 7, 2025-6-10, Vial 1",bark beetles (132 total),Coleoptera,1,Curculionidae,,Scolytinae,,,,,,,,,
sgl322,medium,2025-06-10,clear vane,7,1,no,1,"322, CV 7, 2025-6-10, Vial 1",bark beetles (132 total),Coleoptera,1,Curculionidae,,Scolytinae,,,,,,,,,
sgl322,medium,2025-06-10,clear vane,7,1,no,1,"322, CV 7, 2025-6-10, Vial 1",bark beetles (132 total),Coleoptera,1,Curculionidae,,Scolytinae,,,,,,,,,
sgl322,medium,2025-06-10,clear vane,7,1,no,1,"322, CV 7, 2025-6-10, Vial 1",bark beetles (132 total),Coleoptera,1,Curculionidae,,Scolytinae,,,,,,,,,
sgl322,medium,2025-06-10,clear vane,7,1,no,1,"322, CV 7, 2025-6-10, Vial 1",bark beetles (132 total),Coleoptera,1,Curculionidae,,Scolytinae,,,,,,,,,
sgl322,medium,2025-06-10,clear vane,7,1,no,1,"322, CV 7, 2025-6-10, Vial 1",bark beetles (132 total),Coleoptera,1,Curculionidae,,Scolytinae,,,,,,,,,
sgl322,medium,2025-06-10,clear vane,7,1,no,1,"322, CV 7, 2025-6-10, Vial 1",bark beetles (132 total),Coleoptera,1,Curculionidae,,Scolytinae,,,,,,,,,
sgl322,medium,2025-06-10,clear vane,7,1,no,1,"322, CV 7, 2025-6-10, Vial 1",bark beetles (132 total),Coleoptera,1,Curculionidae,,Scolytinae,,,,,,,,,
sgl322,medium,2025-06-10,clear vane,7,1,no,1,"322, CV 7, 2025-6-10, Vial 1",bark beetles (132 total),Coleoptera,1,Curculionidae,,Scolytinae,,,,,,,,,
sgl322,medium,2025-06-10,clear vane,7,1,no,1,"322, CV 7, 2025-6-10, Vial 1",bark beetles (132 total),Coleoptera,1,Curculionidae,,Scolytinae,,,,,,,,,
sgl322,medium,2025-06-10,clear vane,7,1,no,1,"322, CV 7, 2025-6-10, Vial 1",bark beetles (132 total),Coleoptera,1,Curculionidae,,Scolytinae,,,,,,,,,
sgl322,medium,2025-06-10,clear vane,7,1,no,1,"322, CV 7, 2025-6-10, Vial 1",bark beetles (132 total),Coleoptera,1,Curculionidae,,Scolytinae,,,,,,,,,
sgl322,medium,2025-06-10,clear vane,7,1,no,1,"322, CV 7, 2025-6-10, Vial 1",bark beetles (132 total),Coleoptera,1,Curculionidae,,Scolytinae,,,,,,,,,
sgl322,medium,2025-06-10,clear vane,7,1,no,1,"322, CV 7, 2025-6-10, Vial 1",bark beetles (132 total),Coleoptera,1,Curculionidae,,Scolytinae,,,,,,,,,
sgl322,medium,2025-06-10,clear vane,7,1,no,1,"322, CV 7, 2025-6-10, Vial 1",bark beetles (132 total),Coleoptera,1,Curculionidae,,Scolytinae,,,,,,,,,
sgl322,medium,2025-06-10,clear vane,7,1,no,1,"322, CV 7, 2025-6-10, Vial 1",bark beetles (132 total),Coleoptera,1,Curculionidae,,Scolytinae,,,,,,,,,
sgl322,medium,2025-06-10,clear vane,7,1,no,1,"322, CV 7, 2025-6-10, Vial 1",bark beetles (132 total),Coleoptera,1,Curculionidae,,Scolytinae,,,,,,,,,
sgl322,medium,2025-06-10,clear vane,7,1,no,1,"322, CV 7, 2025-6-10, Vial 1",bark beetles (132 total),Coleoptera,1,Curculionidae,,Scolytinae,,,,,,,,,
sgl322,medium,2025-06-10,clear vane,7,1,no,1,"322, CV 7, 2025-6-10, Vial 1",bark beetles (132 total),Coleoptera,1,Curculionidae,,Scolytinae,,,,,,,,,
sgl322,medium,2025-06-10,clear vane,7,1,no,1,"322, CV 7, 2025-6-10, Vial 1",bark beetles (132 total),Coleoptera,1,Curculionidae,,Scolytinae,,,,,,,,,
sgl322,medium,2025-06-10,clear vane,7,1,no,1,"322, CV 7, 2025-6-10, Vial 1",bark beetles (132 total),Coleoptera,1,Curculionidae,,Scolytinae,,,,,,,,,
sgl322,medium,2025-06-10,clear vane,7,1,no,1,"322, CV 7, 2025-6-10, Vial 1",bark beetles (132 total),Coleoptera,1,Curculionidae,,Scolytinae,,,,,,,,,
sgl322,medium,2025-06-10,clear vane,7,1,no,1,"322, CV 7, 2025-6-10, Vial 1",bark beetles (132 total),Coleoptera,1,Curculionidae,,Scolytinae,,,,,,,,,
sgl322,medium,2025-06-10,clear vane,7,1,no,1,"322, CV 7, 2025-6-10, Vial 1",bark beetles (132 total),Coleoptera,1,Curculionidae,,Scolytinae,,,,,,,,,
sgl322,medium,2025-06-10,clear vane,7,1,no,1,"322, CV 7, 2025-6-10, Vial 1",bark beetles (132 total),Coleoptera,1,Curculionidae,,Scolytinae,,,,,,,,,
sgl322,medium,2025-06-10,clear vane,7,1,no,1,"322, CV 7, 2025-6-10, Vial 1",bark beetles (132 total),Coleoptera,1,Curculionidae,,Scolytinae,,,,,,,,,
sgl322,medium,2025-06-10,clear vane,7,1,no,1,"322, CV 7, 2025-6-10, Vial 1",bark beetles (132 total),Coleoptera,1,Curculionidae,,Scolytinae,,,,,,,,,
sgl322,medium,2025-06-10,clear vane,7,1,no,1,"322, CV 7, 2025-6-10, Vial 1",bark beetles (132 total),Coleoptera,1,Curculionidae,,Scolytinae,,,,,,,,,
sgl322,medium,2025-06-10,clear vane,7,1,no,1,"322, CV 7, 2025-6-10, Vial 1",bark beetles (132 total),Coleoptera,1,Curculionidae,,Scolytinae,,,,,,,,,
sgl322,medium,2025-06-10,clear vane,7,1,no,1,"322, CV 7, 2025-6-10, Vial 1",bark beetles (132 total),Coleoptera,1,Curculionidae,,Scolytinae,,,,,,,,,
sgl322,medium,2025-06-10,clear vane,7,1,no,1,"322, CV 7, 2025-6-10, Vial 1",bark beetles (132 total),Coleoptera,1,Curculionidae,,Scolytinae,,,,,,,,,
sgl322,medium,2025-06-10,clear vane,7,1,no,1,"322, CV 7, 2025-6-10, Vial 1",bark beetles (132 total),Coleoptera,1,Curculionidae,,Scolytinae,,,,,,,,,
sgl322,medium,2025-06-10,clear vane,7,1,no,1,"322, CV 7, 2025-6-10, Vial 1",bark beetles (132 total),Coleoptera,1,Curculionidae,,Scolytinae,,,,,,,,,
sgl322,medium,2025-06-10,clear vane,7,1,no,1,"322, CV 7, 2025-6-10, Vial 1",bark beetles (132 total),Coleoptera,1,Curculionidae,,Scolytinae,,,,,,,,,
sgl322,medium,2025-06-10,clear vane,7,1,no,1,"322, CV 7, 2025-6-10, Vial 1",bark beetles (132 total),Coleoptera,1,Curculionidae,,Scolytinae,,,,,,,,,
sgl322,medium,2025-06-10,clear vane,7,1,no,1,"322, CV 7, 2025-6-10, Vial 1",bark beetles (132 total),Coleoptera,1,Curculionidae,,Scolytinae,,,,,,,,,
sgl322,medium,2025-06-10,clear vane,7,1,no,1,"322, CV 7, 2025-6-10, Vial 1",bark beetles (132 total),Coleoptera,1,Curculionidae,,Scolytinae,,,,,,,,,
sgl322,medium,2025-06-10,clear vane,7,1,no,1,"322, CV 7, 2025-6-10, Vial 1",bark beetles (132 total),Coleoptera,1,Curculionidae,,Scolytinae,,,,,,,,,
sgl322,medium,2025-06-10,clear vane,7,1,no,1,"322, CV 7, 2025-6-10, Vial 1",bark beetles (132 total),Coleoptera,1,Curculionidae,,Scolytinae,,,,,,,,,
sgl322,medium,2025-06-10,clear vane,7,1,no,1,"322, CV 7, 2025-6-10, Vial 1",bark beetles (132 total),Coleoptera,1,Curculionidae,,Scolytinae,,,,,,,,,
sgl322,medium,2025-06-10,clear vane,7,1,no,1,"322, CV 7, 2025-6-10, Vial 1",bark beetles (132 total),Coleoptera,1,Curculionidae,,Scolytinae,,,,,,,,,
sgl322,medium,2025-06-10,clear vane,7,1,no,1,"322, CV 7, 2025-6-10, Vial 1",bark beetles (132 total),Coleoptera,1,Curculionidae,,Scolytinae,,,,,,,,,
sgl322,medium,2025-06-10,clear vane,7,1,no,1,"322, CV 7, 2025-6-10, Vial 1",bark beetles (132 total),Coleoptera,1,Curculionidae,,Scolytinae,,,,,,,,,
sgl322,medium,2025-06-10,clear vane,7,1,no,1,"322, CV 7, 2025-6-10, Vial 1",bark beetles (132 total),Coleoptera,1,Curculionidae,,Scolytinae,,,,,,,,,
sgl322,medium,2025-06-10,clear vane,7,1,no,1,"322, CV 7, 2025-6-10, Vial 1",bark beetles (132 total),Coleoptera,1,Curculionidae,,Scolytinae,,,,,,,,,
sgl322,medium,2025-06-10,clear vane,7,1,no,1,"322, CV 7, 2025-6-10, Vial 1",bark beetles (132 total),Coleoptera,1,Curculionidae,,Scolytinae,,,,,,,,,
sgl322,medium,2025-06-10,clear vane,7,1,no,1,"322, CV 7, 2025-6-10, Vial 1",bark beetles (132 total),Coleoptera,1,Curculionidae,,Scolytinae,,,,,,,,,
sgl322,medium,2025-06-10,clear vane,7,1,no,1,"322, CV 7, 2025-6-10, Vial 1",bark beetles (132 total),Coleoptera,1,Curculionidae,,Scolytinae,,,,,,,,,
sgl322,medium,2025-06-10,clear vane,7,1,no,1,"322, CV 7, 2025-6-10, Vial 1",bark beetles (132 total),Coleoptera,1,Curculionidae,,Scolytinae,,,,,,,,,
sgl322,medium,2025-06-10,clear vane,7,1,no,1,"322, CV 7, 2025-6-10, Vial 1",bark beetles (132 total),Coleoptera,1,Curculionidae,,Scolytinae,,,,,,,,,
sgl322,medium,2025-06-10,clear vane,7,1,no,1,"322, CV 7, 2025-6-10, Vial 1",bark beetles (132 total),Coleoptera,1,Curculionidae,,Scolytinae,,,,,,,,,
sgl322,medium,2025-06-10,clear vane,7,1,no,1,"322, CV 7, 2025-6-10, Vial 1",bark beetles (132 total),Coleoptera,1,Curculionidae,,Scolytinae,,,,,,,,,
sgl322,medium,2025-06-10,clear vane,7,1,no,1,"322, CV 7, 2025-6-10, Vial 1",bark beetles (132 total),Coleoptera,1,Curculionidae,,Scolytinae,,,,,,,,,
sgl322,medium,2025-06-10,clear vane,7,1,no,1,"322, CV 7, 2025-6-10, Vial 1",bark beetles (132 total),Coleoptera,1,Curculionidae,,Scolytinae,,,,,,,,,
sgl322,medium,2025-06-10,clear vane,7,1,no,1,"322, CV 7, 2025-6-10, Vial 1",bark beetles (132 total),Coleoptera,1,Curculionidae,,Scolytinae,,,,,,,,,
sgl322,medium,2025-06-10,clear vane,7,1,no,1,"322, CV 7, 2025-6-10, Vial 1",bark beetles (132 total),Coleoptera,1,Curculionidae,,Scolytinae,,,,,,,,,
sgl322,medium,2025-06-10,clear vane,7,1,no,1,"322, CV 7, 2025-6-10, Vial 1",bark beetles (132 total),Coleoptera,1,Curculionidae,,Scolytinae,,,,,,,,,
sgl322,medium,2025-06-10,clear vane,7,1,no,1,"322, CV 7, 2025-6-10, Vial 1",bark beetles (132 total),Coleoptera,1,Curculionidae,,Scolytinae,,,,,,,,,
sgl322,medium,2025-06-10,clear vane,7,1,no,1,"322, CV 7, 2025-6-10, Vial 1",bark beetles (132 total),Coleoptera,1,Curculionidae,,Scolytinae,,,,,,,,,
sgl322,medium,2025-06-10,clear vane,7,1,no,1,"322, CV 7, 2025-6-10, Vial 1",bark beetles (132 total),Coleoptera,1,Curculionidae,,Scolytinae,,,,,,,,,
sgl322,medium,2025-06-10,clear vane,7,1,no,1,"322, CV 7, 2025-6-10, Vial 1",bark beetles (132 total),Coleoptera,1,Curculionidae,,Scolytinae,,,,,,,,,
sgl322,medium,2025-06-10,clear vane,7,1,no,1,"322, CV 7, 2025-6-10, Vial 1",bark beetles (132 total),Coleoptera,1,Curculionidae,,Scolytinae,,,,,,,,,
sgl322,medium,2025-06-10,clear vane,7,1,no,1,"322, CV 7, 2025-6-10, Vial 1",bark beetles (132 total),Coleoptera,1,Curculionidae,,Scolytinae,,,,,,,,,
sgl322,medium,2025-06-10,clear vane,7,1,no,1,"322, CV 7, 2025-6-10, Vial 1",bark beetles (132 total),Coleoptera,1,Curculionidae,,Scolytinae,,,,,,,,,
sgl322,medium,2025-06-10,clear vane,7,1,no,1,"322, CV 7, 2025-6-10, Vial 1",bark beetles (132 total),Coleoptera,1,Curculionidae,,Scolytinae,,,,,,,,,
sgl322,medium,2025-06-10,clear vane,7,1,no,1,"322, CV 7, 2025-6-10, Vial 1",bark beetles (132 total),Coleoptera,1,Curculionidae,,Scolytinae,,,,,,,,,
sgl322,medium,2025-06-10,clear vane,7,1,no,1,"322, CV 7, 2025-6-10, Vial 1",bark beetles (132 total),Coleoptera,1,Curculionidae,,Scolytinae,,,,,,,,,
sgl322,medium,2025-06-10,clear vane,7,1,no,1,"322, CV 7, 2025-6-10, Vial 1",bark beetles (132 total),Coleoptera,1,Curculionidae,,Scolytinae,,,,,,,,,
sgl322,medium,2025-06-10,clear vane,7,1,no,1,"322, CV 7, 2025-6-10, Vial 1",bark beetles (132 total),Coleoptera,1,Curculionidae,,Scolytinae,,,,,,,,,
sgl322,medium,2025-06-10,clear vane,7,1,no,1,"322, CV 7, 2025-6-10, Vial 1",bark beetles (132 total),Coleoptera,1,Curculionidae,,Scolytinae,,,,,,,,,
sgl322,medium,2025-06-10,clear vane,7,1,no,1,"322, CV 7, 2025-6-10, Vial 1",bark beetles (132 total),Coleoptera,1,Curculionidae,,Scolytinae,,,,,,,,,
sgl322,medium,2025-06-10,clear vane,7,1,no,1,"322, CV 7, 2025-6-10, Vial 1",bark beetles (132 total),Coleoptera,1,Curculionidae,,Scolytinae,,,,,,,,,
sgl322,medium,2025-06-10,clear vane,7,1,no,1,"322, CV 7, 2025-6-10, Vial 1",bark beetles (132 total),Coleoptera,1,Curculionidae,,Scolytinae,,,,,,,,,
sgl322,medium,2025-06-10,clear vane,7,1,no,1,"322, CV 7, 2025-6-10, Vial 1",bark beetles (132 total),Coleoptera,1,Curculionidae,,Scolytinae,,,,,,,,,
sgl322,medium,2025-06-10,clear vane,7,1,no,1,"322, CV 7, 2025-6-10, Vial 1",bark beetles (132 total),Coleoptera,1,Curculionidae,,Scolytinae,,,,,,,,,
sgl322,medium,2025-06-10,clear vane,7,1,no,1,"322, CV 7, 2025-6-10, Vial 1",bark beetles (132 total),Coleoptera,1,Curculionidae,,Scolytinae,,,,,,,,,
sgl322,medium,2025-06-10,clear vane,7,1,no,1,"322, CV 7, 2025-6-10, Vial 1",bark beetles (132 total),Coleoptera,1,Curculionidae,,Scolytinae,,,,,,,,,
sgl322,medium,2025-06-10,clear vane,7,1,no,1,"322, CV 7, 2025-6-10, Vial 1",bark beetles (132 total),Coleoptera,1,Curculionidae,,Scolytinae,,,,,,,,,
sgl322,medium,2025-06-10,clear vane,7,1,no,1,"322, CV 7, 2025-6-10, Vial 1",bark beetles (132 total),Coleoptera,1,Curculionidae,,Scolytinae,,,,,,,,,
sgl322,medium,2025-06-10,clear vane,7,1,no,1,"322, CV 7, 2025-6-10, Vial 1",bark beetles (132 total),Coleoptera,1,Curculionidae,,Scolytinae,,,,,,,,,
sgl322,medium,2025-06-10,clear vane,7,1,no,1,"322, CV 7, 2025-6-10, Vial 1",bark beetles (132 total),Coleoptera,1,Curculionidae,,Scolytinae,,,,,,,,,
sgl322,medium,2025-06-10,clear vane,7,1,no,1,"322, CV 7, 2025-6-10, Vial 1",bark beetles (132 total),Coleoptera,1,Curculionidae,,Scolytinae,,,,,,,,,
sgl322,medium,2025-06-10,clear vane,7,1,no,1,"322, CV 7, 2025-6-10, Vial 1",bark beetles (132 total),Coleoptera,1,Curculionidae,,Scolytinae,,,,,,,,,
sgl322,medium,2025-06-10,clear vane,7,1,no,1,"322, CV 7, 2025-6-10, Vial 1",bark beetles (132 total),Coleoptera,1,Curculionidae,,Scolytinae,,,,,,,,,
sgl322,medium,2025-06-10,clear vane,7,1,no,1,"322, CV 7, 2025-6-10, Vial 1",bark beetles (132 total),Coleoptera,1,Curculionidae,,Scolytinae,,,,,,,,,
sgl322,medium,2025-06-10,clear vane,7,1,no,1,"322, CV 7, 2025-6-10, Vial 1",bark beetles (132 total),Coleoptera,1,Curculionidae,,Scolytinae,,,,,,,,,
sgl322,medium,2025-06-10,clear vane,7,1,no,1,"322, CV 7, 2025-6-10, Vial 1",bark beetles (132 total),Coleoptera,1,Curculionidae,,Scolytinae,,,,,,,,,
sgl322,medium,2025-06-10,clear vane,7,1,no,1,"322, CV 7, 2025-6-10, Vial 1",bark beetles (132 total),Coleoptera,1,Curculionidae,,Scolytinae,,,,,,,,,
sgl322,medium,2025-06-10,clear vane,7,1,no,1,"322, CV 7, 2025-6-10, Vial 1",bark beetles (132 total),Coleoptera,1,Curculionidae,,Scolytinae,,,,,,,,,
sgl322,medium,2025-06-10,clear vane,7,1,no,1,"322, CV 7, 2025-6-10, Vial 1",bark beetles (132 total),Coleoptera,1,Curculionidae,,Scolytinae,,,,,,,,,
sgl322,medium,2025-06-10,clear vane,7,1,no,1,"322, CV 7, 2025-6-10, Vial 1",bark beetles (132 total),Coleoptera,1,Curculionidae,,Scolytinae,,,,,,,,,
sgl322,medium,2025-06-10,clear vane,7,1,no,1,"322, CV 7, 2025-6-10, Vial 1",bark beetles (132 total),Coleoptera,1,Curculionidae,,Scolytinae,,,,,,,,,
sgl322,medium,2025-06-10,clear vane,7,1,no,1,"322, CV 7, 2025-6-10, Vial 1",bark beetles (132 total),Coleoptera,1,Curculionidae,,Scolytinae,,,,,,,,,
sgl322,medium,2025-06-10,clear vane,7,1,no,1,"322, CV 7, 2025-6-10, Vial 1",bark beetles (132 total),Coleoptera,1,Curculionidae,,Scolytinae,,,,,,,,,
sgl322,medium,2025-06-10,clear vane,7,1,no,1,"322, CV 7, 2025-6-10, Vial 1",bark beetles (132 total),Coleoptera,1,Curculionidae,,Scolytinae,,,,,,,,,
sgl322,medium,2025-06-10,clear vane,7,1,no,1,"322, CV 7, 2025-6-10, Vial 1",bark beetles (132 total),Coleoptera,1,Curculionidae,,Scolytinae,,,,,,,,,
sgl322,medium,2025-06-10,clear vane,7,1,no,1,"322, CV 7, 2025-6-10, Vial 1",bark beetles (132 total),Coleoptera,1,Curculionidae,,Scolytinae,,,,,,,,,
sgl322,medium,2025-06-10,clear vane,7,1,no,1,"322, CV 7, 2025-6-10, Vial 1",bark beetles (132 total),Coleoptera,1,Curculionidae,,Scolytinae,,,,,,,,,
sgl322,medium,2025-06-10,clear vane,7,1,no,1,"322, CV 7, 2025-6-10, Vial 1",bark beetles (132 total),Coleoptera,1,Curculionidae,,Scolytinae,,,,,,,,,
sgl322,medium,2025-06-10,clear vane,7,1,no,1,"322, CV 7, 2025-6-10, Vial 1",bark beetles (132 total),Coleoptera,1,Curculionidae,,Scolytinae,,,,,,,,,
sgl322,medium,2025-06-10,clear vane,7,1,no,1,"322, CV 7, 2025-6-10, Vial 1",bark beetles (132 total),Coleoptera,1,Curculionidae,,Scolytinae,,,,,,,,,
sgl322,medium,2025-06-10,clear vane,7,1,no,1,"322, CV 7, 2025-6-10, Vial 1",bark beetles (132 total),Coleoptera,1,Curculionidae,,Scolytinae,,,,,,,,,
sgl322,medium,2025-06-10,clear vane,7,1,no,1,"322, CV 7, 2025-6-10, Vial 1",bark beetles (132 total),Coleoptera,1,Curculionidae,,Scolytinae,,,,,,,,,
sgl322,medium,2025-06-10,clear vane,7,1,no,1,"322, CV 7, 2025-6-10, Vial 1",bark beetles (132 total),Coleoptera,1,Curculionidae,,Scolytinae,,,,,,,,,
sgl322,medium,2025-06-10,clear vane,7,1,no,1,"322, CV 7, 2025-6-10, Vial 1",bark beetles (132 total),Coleoptera,1,Curculionidae,,Scolytinae,,,,,,,,,
sgl322,medium,2025-06-10,clear vane,7,1,no,1,"322, CV 7, 2025-6-10, Vial 1",bark beetles (132 total),Coleoptera,1,Curculionidae,,Scolytinae,,,,,,,,,
sgl322,medium,2025-06-10,clear vane,7,1,no,1,"322, CV 7, 2025-6-10, Vial 1",bark beetles (132 total),Coleoptera,1,Curculionidae,,Scolytinae,,,,,,,,,
sgl322,medium,2025-06-10,clear vane,7,1,no,1,"322, CV 7, 2025-6-10, Vial 1",bark beetles (132 total),Coleoptera,1,Curculionidae,,Scolytinae,,,,,,,,,
sgl322,medium,2025-06-10,clear vane,7,1,no,1,"322, CV 7, 2025-6-10, Vial 1",bark beetles (132 total),Coleoptera,1,Curculionidae,,Scolytinae,,,,,,,,,
sgl322,medium,2025-06-10,clear vane,7,1,no,1,"322, CV 7, 2025-6-10, Vial 1",bark beetles (132 total),Coleoptera,1,Curculionidae,,Scolytinae,,,,,,,,,
sgl322,medium,2025-06-10,clear vane,7,1,no,1,"322, CV 7, 2025-6-10, Vial 1",bark beetles (132 total),Coleoptera,1,Curculionidae,,Scolytinae,,,,,,,,,
sgl322,medium,2025-06-10,clear vane,7,1,no,1,"322, CV 7, 2025-6-10, Vial 1",bark beetles (132 total),Coleoptera,1,Curculionidae,,Scolytinae,,,,,,,,,
sgl322,medium,2025-06-10,clear vane,7,1,no,1,"322, CV 7, 2025-6-10, Vial 1",bark beetles (132 total),Coleoptera,1,Curculionidae,,Scolytinae,,,,,,,,,
sgl322,medium,2025-06-10,clear vane,7,1,no,1,"322, CV 7, 2025-6-10, Vial 1",bark beetles (132 total),Coleoptera,1,Curculionidae,,Scolytinae,,,,,,,,,
sgl322,medium,2025-06-10,clear vane,7,1,no,1,"322, CV 7, 2025-6-10, Vial 1",bark beetles (132 total),Coleoptera,1,Curculionidae,,Scolytinae,,,,,,,,,
sgl322,medium,2025-06-10,clear vane,7,1,no,1,"322, CV 7, 2025-6-10, Vial 1",bark beetles (132 total),Coleoptera,1,Curculionidae,,Scolytinae,,,,,,,,,
sgl322,medium,2025-06-10,clear vane,7,1,no,separate small vial,"322, CV 7, 2025-6-10, Vial 1","2-segmented clubbed antennae. maybe Cryptophagidae, Erotylidae, genus Cryptophilus, Mycetophagidae (genus Berginus), Zopheridae ",Coleoptera,1,Sphindidae,,,,,,,,,,"Maybe a Zopherid, Berytid, Mycetophagid (genus Berginus), Silvanid, and more",
sgl322,medium,2025-06-10,clear vane,7,1,no,separate small vial,"322, CV 7, 2025-6-10, Vial 1","2-segmented clubbed antennae. maybe Cryptophagidae, Erotylidae, genus Cryptophilus, Mycetophagidae (genus Berginus), Zopheridae ",Coleoptera,1,Sphindidae,,,,,,,,,,"Maybe a Zopherid, Berytid, Mycetophagid (genus Berginus), Silvanid, and more",
,,,,,,,,,,,,,,,,,,,,,,,
sgl322,unburned,2025-06-10,clear vane,13,1,no,1,"322, CV 13, 2025-6-10, Vial 1","long pronotum beetle, maybe Colydium lineola",Coleoptera,1,Zopheridae,,,,,,,,,,,
sgl322,unburned,2025-06-10,clear vane,13,1,no,1,"322, CV 13, 2025-6-10, Vial 1",probably genus Pycnomerus (5 total),Coleoptera,1,Zopheridae,,,,,,,,,,,
sgl322,unburned,2025-06-10,clear vane,13,1,no,1,"322, CV 13, 2025-6-10, Vial 1",probably genus Pycnomerus (5 total),Coleoptera,1,Zopheridae,,,,,,,,,,,
sgl322,unburned,2025-06-10,clear vane,13,1,no,1,"322, CV 13, 2025-6-10, Vial 1",probably genus Pycnomerus (5 total),Coleoptera,1,Zopheridae,,,,,,,,,,,
sgl322,unburned,2025-06-10,clear vane,13,1,no,1,"322, CV 13, 2025-6-10, Vial 1",probably genus Pycnomerus (5 total),Coleoptera,1,Zopheridae,,,,,,,,,,,
sgl322,unburned,2025-06-10,clear vane,13,1,no,1,"322, CV 13, 2025-6-10, Vial 1",probably genus Pycnomerus (5 total),Coleoptera,1,Zopheridae,,,,,,,,,,,
sgl322,unburned,2025-06-10,clear vane,13,1,no,1,"322, CV 13, 2025-6-10, Vial 1",eucnemids (13 total),Coleoptera,1,Eucnemidae,,,,,,,,,,,
sgl322,unburned,2025-06-10,clear vane,13,1,no,1,"322, CV 13, 2025-6-10, Vial 1",eucnemids (13 total),Coleoptera,1,Eucnemidae,,,,,,,,,,,
sgl322,unburned,2025-06-10,clear vane,13,1,no,1,"322, CV 13, 2025-6-10, Vial 1",eucnemids (13 total),Coleoptera,1,Eucnemidae,,,,,,,,,,,
sgl322,unburned,2025-06-10,clear vane,13,1,no,1,"322, CV 13, 2025-6-10, Vial 1",eucnemids (13 total),Coleoptera,1,Eucnemidae,,,,,,,,,,,
sgl322,unburned,2025-06-10,clear vane,13,1,no,1,"322, CV 13, 2025-6-10, Vial 1",eucnemids (13 total),Coleoptera,1,Eucnemidae,,,,,,,,,,,
sgl322,unburned,2025-06-10,clear vane,13,1,no,1,"322, CV 13, 2025-6-10, Vial 1",eucnemids (13 total),Coleoptera,1,Eucnemidae,,,,,,,,,,,
sgl322,unburned,2025-06-10,clear vane,13,1,no,1,"322, CV 13, 2025-6-10, Vial 1",eucnemids (13 total),Coleoptera,1,Eucnemidae,,,,,,,,,,,
sgl322,unburned,2025-06-10,clear vane,13,1,no,1,"322, CV 13, 2025-6-10, Vial 1",eucnemids (13 total),Coleoptera,1,Eucnemidae,,,,,,,,,,,
sgl322,unburned,2025-06-10,clear vane,13,1,no,1,"322, CV 13, 2025-6-10, Vial 1",eucnemids (13 total),Coleoptera,1,Eucnemidae,,,,,,,,,,,
sgl322,unburned,2025-06-10,clear vane,13,1,no,1,"322, CV 13, 2025-6-10, Vial 1",eucnemids (13 total),Coleoptera,1,Eucnemidae,,,,,,,,,,,
sgl322,unburned,2025-06-10,clear vane,13,1,no,1,"322, CV 13, 2025-6-10, Vial 1",eucnemids (13 total),Coleoptera,1,Eucnemidae,,,,,,,,,,,
sgl322,unburned,2025-06-10,clear vane,13,1,no,1,"322, CV 13, 2025-6-10, Vial 1",eucnemids (13 total),Coleoptera,1,Eucnemidae,,,,,,,,,,,
sgl322,unburned,2025-06-10,clear vane,13,1,no,1,"322, CV 13, 2025-6-10, Vial 1",eucnemids (13 total),Coleoptera,1,Eucnemidae,,,,,,,,,,,
sgl322,unburned,2025-06-10,clear vane,13,1,no,1,"322, CV 13, 2025-6-10, Vial 1",Prometopia sexmaculata (2 total),Coleoptera,1,Nitidulidae,,,,,,,,,,,
sgl322,unburned,2025-06-10,clear vane,13,1,no,1,"322, CV 13, 2025-6-10, Vial 1",Prometopia sexmaculata (2 total),Coleoptera,1,Nitidulidae,,,,,,,,,,,
sgl322,unburned,2025-06-10,clear vane,13,1,no,1,"322, CV 13, 2025-6-10, Vial 1",black and brown elaterid,Coleoptera,1,Elateridae,,,,,,,,,,,
sgl322,unburned,2025-06-10,clear vane,13,1,no,1,"322, CV 13, 2025-6-10, Vial 1",brown longhorn beetle,Coleoptera,1,Cerambycidae,,,,,,,,,,,
sgl322,unburned,2025-06-10,clear vane,13,1,no,1,"322, CV 13, 2025-6-10, Vial 1",probs Glischrochilus sanguinolentus,Coleoptera,1,Nitidulidae,,,,,,,,,,,
sgl322,unburned,2025-06-10,clear vane,13,1,no,1,"322, CV 13, 2025-6-10, Vial 1",black mordellids (5 total),Coleoptera,1,Mordellidae,,,,,,,,,,,
sgl322,unburned,2025-06-10,clear vane,13,1,no,1,"322, CV 13, 2025-6-10, Vial 1",black mordellids (5 total),Coleoptera,1,Mordellidae,,,,,,,,,,,
sgl322,unburned,2025-06-10,clear vane,13,1,no,1,"322, CV 13, 2025-6-10, Vial 1",black mordellids (5 total),Coleoptera,1,Mordellidae,,,,,,,,,,,
sgl322,unburned,2025-06-10,clear vane,13,1,no,1,"322, CV 13, 2025-6-10, Vial 1",black mordellids (5 total),Coleoptera,1,Mordellidae,,,,,,,,,,,
sgl322,unburned,2025-06-10,clear vane,13,1,no,1,"322, CV 13, 2025-6-10, Vial 1",black mordellids (5 total),Coleoptera,1,Mordellidae,,,,,,,,,,,
sgl322,unburned,2025-06-10,clear vane,13,1,no,1,"322, CV 13, 2025-6-10, Vial 1",tan scarabs (2 total),Coleoptera,1,Scarabaeidae,,,,,,,,,,,
sgl322,unburned,2025-06-10,clear vane,13,1,no,1,"322, CV 13, 2025-6-10, Vial 1",tan scarabs (2 total),Coleoptera,1,Scarabaeidae,,,,,,,,,,,
sgl322,unburned,2025-06-10,clear vane,13,1,no,1,"322, CV 13, 2025-6-10, Vial 1",probs Clytus ruricola,Coleoptera,1,Cerambycidae,,,,,,,,,,,
sgl322,unburned,2025-06-10,clear vane,13,1,no,1,"322, CV 13, 2025-6-10, Vial 1","long, big mandible histerid (2 total)",Coleoptera,1,Histeridae,,,,,,,,,,,
sgl322,unburned,2025-06-10,clear vane,13,1,no,1,"322, CV 13, 2025-6-10, Vial 1","long, big mandible histerid (2 total)",Coleoptera,1,Histeridae,,,,,,,,,,,
sgl322,unburned,2025-06-10,clear vane,13,1,no,1,"322, CV 13, 2025-6-10, Vial 1",big brown elaterids (3 total),Coleoptera,1,Elateridae,,,,,,,,,,,
sgl322,unburned,2025-06-10,clear vane,13,1,no,1,"322, CV 13, 2025-6-10, Vial 1",big brown elaterids (3 total),Coleoptera,1,Elateridae,,,,,,,,,,,
sgl322,unburned,2025-06-10,clear vane,13,1,no,1,"322, CV 13, 2025-6-10, Vial 1",big brown elaterids (3 total),Coleoptera,1,Elateridae,,,,,,,,,,,
sgl322,unburned,2025-06-10,clear vane,13,1,no,1,"322, CV 13, 2025-6-10, Vial 1",big black elaterid,Coleoptera,1,Elateridae,,,,,,,,,,,
sgl322,unburned,2025-06-10,clear vane,13,1,no,1,"322, CV 13, 2025-6-10, Vial 1",black elaterid (2 total),Coleoptera,1,Elateridae,,,,,,,,,,,
sgl322,unburned,2025-06-10,clear vane,13,1,no,1,"322, CV 13, 2025-6-10, Vial 1",black elaterid (2 total),Coleoptera,1,Elateridae,,,,,,,,,,,
sgl322,unburned,2025-06-10,clear vane,13,1,no,1,"322, CV 13, 2025-6-10, Vial 1",probs genus Tenebroides,Coleoptera,1,Trogossitidae,,,,,,,,,,,
sgl322,unburned,2025-06-10,clear vane,13,1,no,1,"322, CV 13, 2025-6-10, Vial 1",orange and black elaterid,Coleoptera,1,Elateridae,,,,,,,,,,,
sgl322,unburned,2025-06-10,clear vane,13,1,no,1,"322, CV 13, 2025-6-10, Vial 1",green carabid (2 total),Coleoptera,1,Carabidae,,,,,,,,,,,
sgl322,unburned,2025-06-10,clear vane,13,1,no,1,"322, CV 13, 2025-6-10, Vial 1",green carabid (2 total),Coleoptera,1,Carabidae,,,,,,,,,,,
sgl322,unburned,2025-06-10,clear vane,13,1,no,1,"322, CV 13, 2025-6-10, Vial 1","black, elytra with striations, rounded, almost Scarab or Carabid-looking Tenebrionid (ID'd by 3 connate ventrites, ridge on face hiding antennae from top-down view (epistoma), 5-5-4 tarsi)",Coleoptera,1,Tenebrionidae,,,,,,,,,,,
sgl322,unburned,2025-06-10,clear vane,13,1,no,1,"322, CV 13, 2025-6-10, Vial 1",black elaterid  ,Coleoptera,1,Elateridae,,,,,,,,,,,
sgl322,unburned,2025-06-10,clear vane,13,1,no,1,"322, CV 13, 2025-6-10, Vial 1","plain brown Melandryid, maybe genus Phloiotrya",Coleoptera,1,Melandryidae,,,,,,,,,,,
sgl322,unburned,2025-06-10,clear vane,13,1,no,1,"322, CV 13, 2025-6-10, Vial 1",black cantharid with short elytra and a yellow and black collar,Coleoptera,1,Cantharidae,,,,,,,,,,,
sgl322,unburned,2025-06-10,clear vane,13,1,no,1,"322, CV 13, 2025-6-10, Vial 1",small black clerid with tan markings (3 total),Coleoptera,1,Cleridae,,,,,,,,,,,
sgl322,unburned,2025-06-10,clear vane,13,1,no,1,"322, CV 13, 2025-6-10, Vial 1",small black clerid with tan markings (3 total),Coleoptera,1,Cleridae,,,,,,,,,,,
sgl322,unburned,2025-06-10,clear vane,13,1,no,1,"322, CV 13, 2025-6-10, Vial 1",small black clerid with tan markings (3 total),Coleoptera,1,Cleridae,,,,,,,,,,,
sgl322,unburned,2025-06-10,clear vane,13,1,no,1,"322, CV 13, 2025-6-10, Vial 1","black clerid with orange-yellow and black collar, maybe Pyticeroides laticornis",Coleoptera,1,Cleridae,,,,,,,,,,,
sgl322,unburned,2025-06-10,clear vane,13,1,no,1,"322, CV 13, 2025-6-10, Vial 1","red clerid, probs genus Enoclerus",Coleoptera,1,Cleridae,,,,,,,,,,,
sgl322,unburned,2025-06-10,clear vane,13,1,no,1,"322, CV 13, 2025-6-10, Vial 1",black and yellow elaterid,Coleoptera,1,Elateridae,,,,,,,,,,,
sgl322,unburned,2025-06-10,clear vane,13,1,no,1,"322, CV 13, 2025-6-10, Vial 1",dark brown tenebrionid that looks a lot like a melandryid (specifically a melandryid in the genus Anisoxya); ID'd as tenebrionid because of the toothed tarsal claws and because the first hind tarsomere was noticeably shorter than the hind tibia,Coleoptera,1,Tenebrionidae,,,,,,,,,,,
sgl322,unburned,2025-06-10,clear vane,13,1,no,1,"322, CV 13, 2025-6-10, Vial 1","small, reddish brown staphylinids (17 total)",Coleoptera,1,Staphylinidae,,,,,,,,,,,
sgl322,unburned,2025-06-10,clear vane,13,1,no,1,"322, CV 13, 2025-6-10, Vial 1","small, reddish brown staphylinids (17 total)",Coleoptera,1,Staphylinidae,,,,,,,,,,,
sgl322,unburned,2025-06-10,clear vane,13,1,no,1,"322, CV 13, 2025-6-10, Vial 1","small, reddish brown staphylinids (17 total)",Coleoptera,1,Staphylinidae,,,,,,,,,,,
sgl322,unburned,2025-06-10,clear vane,13,1,no,1,"322, CV 13, 2025-6-10, Vial 1","small, reddish brown staphylinids (17 total)",Coleoptera,1,Staphylinidae,,,,,,,,,,,
sgl322,unburned,2025-06-10,clear vane,13,1,no,1,"322, CV 13, 2025-6-10, Vial 1","small, reddish brown staphylinids (17 total)",Coleoptera,1,Staphylinidae,,,,,,,,,,,
sgl322,unburned,2025-06-10,clear vane,13,1,no,1,"322, CV 13, 2025-6-10, Vial 1","small, reddish brown staphylinids (17 total)",Coleoptera,1,Staphylinidae,,,,,,,,,,,
sgl322,unburned,2025-06-10,clear vane,13,1,no,1,"322, CV 13, 2025-6-10, Vial 1","small, reddish brown staphylinids (17 total)",Coleoptera,1,Staphylinidae,,,,,,,,,,,
sgl322,unburned,2025-06-10,clear vane,13,1,no,1,"322, CV 13, 2025-6-10, Vial 1","small, reddish brown staphylinids (17 total)",Coleoptera,1,Staphylinidae,,,,,,,,,,,
sgl322,unburned,2025-06-10,clear vane,13,1,no,1,"322, CV 13, 2025-6-10, Vial 1","small, reddish brown staphylinids (17 total)",Coleoptera,1,Staphylinidae,,,,,,,,,,,
sgl322,unburned,2025-06-10,clear vane,13,1,no,1,"322, CV 13, 2025-6-10, Vial 1","small, reddish brown staphylinids (17 total)",Coleoptera,1,Staphylinidae,,,,,,,,,,,
sgl322,unburned,2025-06-10,clear vane,13,1,no,1,"322, CV 13, 2025-6-10, Vial 1","small, reddish brown staphylinids (17 total)",Coleoptera,1,Staphylinidae,,,,,,,,,,,
sgl322,unburned,2025-06-10,clear vane,13,1,no,1,"322, CV 13, 2025-6-10, Vial 1","small, reddish brown staphylinids (17 total)",Coleoptera,1,Staphylinidae,,,,,,,,,,,
sgl322,unburned,2025-06-10,clear vane,13,1,no,1,"322, CV 13, 2025-6-10, Vial 1","small, reddish brown staphylinids (17 total)",Coleoptera,1,Staphylinidae,,,,,,,,,,,
sgl322,unburned,2025-06-10,clear vane,13,1,no,1,"322, CV 13, 2025-6-10, Vial 1","small, reddish brown staphylinids (17 total)",Coleoptera,1,Staphylinidae,,,,,,,,,,,
sgl322,unburned,2025-06-10,clear vane,13,1,no,1,"322, CV 13, 2025-6-10, Vial 1","small, reddish brown staphylinids (17 total)",Coleoptera,1,Staphylinidae,,,,,,,,,,,
sgl322,unburned,2025-06-10,clear vane,13,1,no,1,"322, CV 13, 2025-6-10, Vial 1","small, reddish brown staphylinids (17 total)",Coleoptera,1,Staphylinidae,,,,,,,,,,,
sgl322,unburned,2025-06-10,clear vane,13,1,no,1,"322, CV 13, 2025-6-10, Vial 1","small, reddish brown staphylinids (17 total)",Coleoptera,1,Staphylinidae,,,,,,,,,,,
sgl322,unburned,2025-06-10,clear vane,13,1,no,1,"322, CV 13, 2025-6-10, Vial 1",tan staphylinids (3 total),Coleoptera,1,Staphylinidae,,,,,,,,,,,
sgl322,unburned,2025-06-10,clear vane,13,1,no,1,"322, CV 13, 2025-6-10, Vial 1",tan staphylinids (3 total),Coleoptera,1,Staphylinidae,,,,,,,,,,,
sgl322,unburned,2025-06-10,clear vane,13,1,no,1,"322, CV 13, 2025-6-10, Vial 1",tan staphylinids (3 total),Coleoptera,1,Staphylinidae,,,,,,,,,,,
sgl322,unburned,2025-06-10,clear vane,13,1,no,1,"322, CV 13, 2025-6-10, Vial 1",black staphylinid,Coleoptera,1,Staphylinidae,,,,,,,,,,,
sgl322,unburned,2025-06-10,clear vane,13,1,no,1,"322, CV 13, 2025-6-10, Vial 1",small black staphylinid,Coleoptera,1,Staphylinidae,,,,,,,,,,,
sgl322,unburned,2025-06-10,clear vane,13,1,no,1,"322, CV 13, 2025-6-10, Vial 1",a tiny tan ptiliid!!!,Coleoptera,1,Ptiliidae,,,,,,,,,,,
sgl322,unburned,2025-06-10,clear vane,13,1,no,1,"322, CV 13, 2025-6-10, Vial 1",maybe genus Laemophloeus,Coleoptera,1,Laemophloeidae,,,,,,,,,,,
sgl322,unburned,2025-06-10,clear vane,13,1,no,1,"322, CV 13, 2025-6-10, Vial 1",small black curulionid,Coleoptera,1,Curculionidae,,,,,,,,,,,
sgl322,unburned,2025-06-10,clear vane,13,1,no,1,"322, CV 13, 2025-6-10, Vial 1",black curculionid,Coleoptera,1,Curculionidae,,,,,,,,,,,
sgl322,unburned,2025-06-10,clear vane,13,1,no,1,"322, CV 13, 2025-6-10, Vial 1",small black curulionid,Coleoptera,1,Curculionidae,,,,,,,,,,,
sgl322,unburned,2025-06-10,clear vane,13,1,no,1,"322, CV 13, 2025-6-10, Vial 1",small black and tan clerid,Coleoptera,1,Cleridae,,,,,,,,,,,
sgl322,unburned,2025-06-10,clear vane,13,1,no,1,"322, CV 13, 2025-6-10, Vial 1","small zopherid, probs genus Synchita",Coleoptera,1,Zopheridae,,,,,,,,,,,
sgl322,unburned,2025-06-10,clear vane,13,1,no,1,"322, CV 13, 2025-6-10, Vial 1",wonderful monotomids (7 total),Coleoptera,1,Monotomidae,,,,,,,,,,,
sgl322,unburned,2025-06-10,clear vane,13,1,no,1,"322, CV 13, 2025-6-10, Vial 1",wonderful monotomids (7 total),Coleoptera,1,Monotomidae,,,,,,,,,,,
sgl322,unburned,2025-06-10,clear vane,13,1,no,1,"322, CV 13, 2025-6-10, Vial 1",wonderful monotomids (7 total),Coleoptera,1,Monotomidae,,,,,,,,,,,
sgl322,unburned,2025-06-10,clear vane,13,1,no,1,"322, CV 13, 2025-6-10, Vial 1",wonderful monotomids (7 total),Coleoptera,1,Monotomidae,,,,,,,,,,,
sgl322,unburned,2025-06-10,clear vane,13,1,no,1,"322, CV 13, 2025-6-10, Vial 1",wonderful monotomids (7 total),Coleoptera,1,Monotomidae,,,,,,,,,,,
sgl322,unburned,2025-06-10,clear vane,13,1,no,1,"322, CV 13, 2025-6-10, Vial 1",wonderful monotomids (7 total),Coleoptera,1,Monotomidae,,,,,,,,,,,
sgl322,unburned,2025-06-10,clear vane,13,1,no,1,"322, CV 13, 2025-6-10, Vial 1",wonderful monotomids (7 total),Coleoptera,1,Monotomidae,,,,,,,,,,,
sgl322,unburned,2025-06-10,clear vane,13,1,no,1,"322, CV 13, 2025-6-10, Vial 1","short elytra cantharid, maybe genus Malthodes",Coleoptera,1,Cantharidae,,,,,,,,,,,
sgl322,unburned,2025-06-10,clear vane,13,1,no,1,"322, CV 13, 2025-6-10, Vial 1",latridiid,Coleoptera,1,Latridiidae,,,,,,,,,,,
sgl322,unburned,2025-06-10,clear vane,13,1,no,1,"322, CV 13, 2025-6-10, Vial 1",biphyllid,Coleoptera,1,Biphyllidae,,,,,,,,,,,
sgl322,unburned,2025-06-10,clear vane,13,1,no,1,"322, CV 13, 2025-6-10, Vial 1",biphyllid,Coleoptera,1,Biphyllidae,,,,,,,,,,,
sgl322,unburned,2025-06-10,clear vane,13,1,no,1,"322, CV 13, 2025-6-10, Vial 1",probs genus Telmatophilus,Coleoptera,1,Cryptophagidae,,,,,,,,,,,
sgl322,unburned,2025-06-10,clear vane,13,1,no,1,"322, CV 13, 2025-6-10, Vial 1",brown and yellow-tan mycetophagid,Coleoptera,1,Mycetophagidae,,,,,,,,,,,
sgl322,unburned,2025-06-10,clear vane,13,1,no,1,"322, CV 13, 2025-6-10, Vial 1",small tan carabid,Coleoptera,1,Carabidae,,,,,,,,,,,
sgl322,unburned,2025-06-10,clear vane,13,1,no,1,"322, CV 13, 2025-6-10, Vial 1",throscid (4 total),Coleoptera,1,Throscidae,,,,,,,,,,,
sgl322,unburned,2025-06-10,clear vane,13,1,no,1,"322, CV 13, 2025-6-10, Vial 1",throscid (4 total),Coleoptera,1,Throscidae,,,,,,,,,,,
sgl322,unburned,2025-06-10,clear vane,13,1,no,1,"322, CV 13, 2025-6-10, Vial 1",throscid (4 total),Coleoptera,1,Throscidae,,,,,,,,,,,
sgl322,unburned,2025-06-10,clear vane,13,1,no,1,"322, CV 13, 2025-6-10, Vial 1",throscid (4 total),Coleoptera,1,Throscidae,,,,,,,,,,,
sgl322,unburned,2025-06-10,clear vane,13,1,no,1,"322, CV 13, 2025-6-10, Vial 1",silvanids (2 total),Coleoptera,1,Silvanidae,,,,,,,,,,,
sgl322,unburned,2025-06-10,clear vane,13,1,no,1,"322, CV 13, 2025-6-10, Vial 1",silvanids (2 total),Coleoptera,1,Silvanidae,,,,,,,,,,,
sgl322,unburned,2025-06-10,clear vane,13,1,no,1,"322, CV 13, 2025-6-10, Vial 1","small brown zopherid, ID'd as zopherid by the 10-segmented antennae and 1-segmented club",Coleoptera,1,Zopheridae,,,,,,,,,,,
sgl322,unburned,2025-06-10,clear vane,13,1,no,1,"322, CV 13, 2025-6-10, Vial 1",bark beetles (104 total),Coleoptera,1,Curculionidae,,Scolytinae,,,,,,,,,
sgl322,unburned,2025-06-10,clear vane,13,1,no,1,"322, CV 13, 2025-6-10, Vial 1",bark beetles (104 total),Coleoptera,1,Curculionidae,,Scolytinae,,,,,,,,,
sgl322,unburned,2025-06-10,clear vane,13,1,no,1,"322, CV 13, 2025-6-10, Vial 1",bark beetles (104 total),Coleoptera,1,Curculionidae,,Scolytinae,,,,,,,,,
sgl322,unburned,2025-06-10,clear vane,13,1,no,1,"322, CV 13, 2025-6-10, Vial 1",bark beetles (104 total),Coleoptera,1,Curculionidae,,Scolytinae,,,,,,,,,
sgl322,unburned,2025-06-10,clear vane,13,1,no,1,"322, CV 13, 2025-6-10, Vial 1",bark beetles (104 total),Coleoptera,1,Curculionidae,,Scolytinae,,,,,,,,,
sgl322,unburned,2025-06-10,clear vane,13,1,no,1,"322, CV 13, 2025-6-10, Vial 1",bark beetles (104 total),Coleoptera,1,Curculionidae,,Scolytinae,,,,,,,,,
sgl322,unburned,2025-06-10,clear vane,13,1,no,1,"322, CV 13, 2025-6-10, Vial 1",bark beetles (104 total),Coleoptera,1,Curculionidae,,Scolytinae,,,,,,,,,
sgl322,unburned,2025-06-10,clear vane,13,1,no,1,"322, CV 13, 2025-6-10, Vial 1",bark beetles (104 total),Coleoptera,1,Curculionidae,,Scolytinae,,,,,,,,,
sgl322,unburned,2025-06-10,clear vane,13,1,no,1,"322, CV 13, 2025-6-10, Vial 1",bark beetles (104 total),Coleoptera,1,Curculionidae,,Scolytinae,,,,,,,,,
sgl322,unburned,2025-06-10,clear vane,13,1,no,1,"322, CV 13, 2025-6-10, Vial 1",bark beetles (104 total),Coleoptera,1,Curculionidae,,Scolytinae,,,,,,,,,
sgl322,unburned,2025-06-10,clear vane,13,1,no,1,"322, CV 13, 2025-6-10, Vial 1",bark beetles (104 total),Coleoptera,1,Curculionidae,,Scolytinae,,,,,,,,,
sgl322,unburned,2025-06-10,clear vane,13,1,no,1,"322, CV 13, 2025-6-10, Vial 1",bark beetles (104 total),Coleoptera,1,Curculionidae,,Scolytinae,,,,,,,,,
sgl322,unburned,2025-06-10,clear vane,13,1,no,1,"322, CV 13, 2025-6-10, Vial 1",bark beetles (104 total),Coleoptera,1,Curculionidae,,Scolytinae,,,,,,,,,
sgl322,unburned,2025-06-10,clear vane,13,1,no,1,"322, CV 13, 2025-6-10, Vial 1",bark beetles (104 total),Coleoptera,1,Curculionidae,,Scolytinae,,,,,,,,,
sgl322,unburned,2025-06-10,clear vane,13,1,no,1,"322, CV 13, 2025-6-10, Vial 1",bark beetles (104 total),Coleoptera,1,Curculionidae,,Scolytinae,,,,,,,,,
sgl322,unburned,2025-06-10,clear vane,13,1,no,1,"322, CV 13, 2025-6-10, Vial 1",bark beetles (104 total),Coleoptera,1,Curculionidae,,Scolytinae,,,,,,,,,
sgl322,unburned,2025-06-10,clear vane,13,1,no,1,"322, CV 13, 2025-6-10, Vial 1",bark beetles (104 total),Coleoptera,1,Curculionidae,,Scolytinae,,,,,,,,,
sgl322,unburned,2025-06-10,clear vane,13,1,no,1,"322, CV 13, 2025-6-10, Vial 1",bark beetles (104 total),Coleoptera,1,Curculionidae,,Scolytinae,,,,,,,,,
sgl322,unburned,2025-06-10,clear vane,13,1,no,1,"322, CV 13, 2025-6-10, Vial 1",bark beetles (104 total),Coleoptera,1,Curculionidae,,Scolytinae,,,,,,,,,
sgl322,unburned,2025-06-10,clear vane,13,1,no,1,"322, CV 13, 2025-6-10, Vial 1",bark beetles (104 total),Coleoptera,1,Curculionidae,,Scolytinae,,,,,,,,,
sgl322,unburned,2025-06-10,clear vane,13,1,no,1,"322, CV 13, 2025-6-10, Vial 1",bark beetles (104 total),Coleoptera,1,Curculionidae,,Scolytinae,,,,,,,,,
sgl322,unburned,2025-06-10,clear vane,13,1,no,1,"322, CV 13, 2025-6-10, Vial 1",bark beetles (104 total),Coleoptera,1,Curculionidae,,Scolytinae,,,,,,,,,
sgl322,unburned,2025-06-10,clear vane,13,1,no,1,"322, CV 13, 2025-6-10, Vial 1",bark beetles (104 total),Coleoptera,1,Curculionidae,,Scolytinae,,,,,,,,,
sgl322,unburned,2025-06-10,clear vane,13,1,no,1,"322, CV 13, 2025-6-10, Vial 1",bark beetles (104 total),Coleoptera,1,Curculionidae,,Scolytinae,,,,,,,,,
sgl322,unburned,2025-06-10,clear vane,13,1,no,1,"322, CV 13, 2025-6-10, Vial 1",bark beetles (104 total),Coleoptera,1,Curculionidae,,Scolytinae,,,,,,,,,
sgl322,unburned,2025-06-10,clear vane,13,1,no,1,"322, CV 13, 2025-6-10, Vial 1",bark beetles (104 total),Coleoptera,1,Curculionidae,,Scolytinae,,,,,,,,,
sgl322,unburned,2025-06-10,clear vane,13,1,no,1,"322, CV 13, 2025-6-10, Vial 1",bark beetles (104 total),Coleoptera,1,Curculionidae,,Scolytinae,,,,,,,,,
sgl322,unburned,2025-06-10,clear vane,13,1,no,1,"322, CV 13, 2025-6-10, Vial 1",bark beetles (104 total),Coleoptera,1,Curculionidae,,Scolytinae,,,,,,,,,
sgl322,unburned,2025-06-10,clear vane,13,1,no,1,"322, CV 13, 2025-6-10, Vial 1",bark beetles (104 total),Coleoptera,1,Curculionidae,,Scolytinae,,,,,,,,,
sgl322,unburned,2025-06-10,clear vane,13,1,no,1,"322, CV 13, 2025-6-10, Vial 1",bark beetles (104 total),Coleoptera,1,Curculionidae,,Scolytinae,,,,,,,,,
sgl322,unburned,2025-06-10,clear vane,13,1,no,1,"322, CV 13, 2025-6-10, Vial 1",bark beetles (104 total),Coleoptera,1,Curculionidae,,Scolytinae,,,,,,,,,
sgl322,unburned,2025-06-10,clear vane,13,1,no,1,"322, CV 13, 2025-6-10, Vial 1",bark beetles (104 total),Coleoptera,1,Curculionidae,,Scolytinae,,,,,,,,,
sgl322,unburned,2025-06-10,clear vane,13,1,no,1,"322, CV 13, 2025-6-10, Vial 1",bark beetles (104 total),Coleoptera,1,Curculionidae,,Scolytinae,,,,,,,,,
sgl322,unburned,2025-06-10,clear vane,13,1,no,1,"322, CV 13, 2025-6-10, Vial 1",bark beetles (104 total),Coleoptera,1,Curculionidae,,Scolytinae,,,,,,,,,
sgl322,unburned,2025-06-10,clear vane,13,1,no,1,"322, CV 13, 2025-6-10, Vial 1",bark beetles (104 total),Coleoptera,1,Curculionidae,,Scolytinae,,,,,,,,,
sgl322,unburned,2025-06-10,clear vane,13,1,no,1,"322, CV 13, 2025-6-10, Vial 1",bark beetles (104 total),Coleoptera,1,Curculionidae,,Scolytinae,,,,,,,,,
sgl322,unburned,2025-06-10,clear vane,13,1,no,1,"322, CV 13, 2025-6-10, Vial 1",bark beetles (104 total),Coleoptera,1,Curculionidae,,Scolytinae,,,,,,,,,
sgl322,unburned,2025-06-10,clear vane,13,1,no,1,"322, CV 13, 2025-6-10, Vial 1",bark beetles (104 total),Coleoptera,1,Curculionidae,,Scolytinae,,,,,,,,,
sgl322,unburned,2025-06-10,clear vane,13,1,no,1,"322, CV 13, 2025-6-10, Vial 1",bark beetles (104 total),Coleoptera,1,Curculionidae,,Scolytinae,,,,,,,,,
sgl322,unburned,2025-06-10,clear vane,13,1,no,1,"322, CV 13, 2025-6-10, Vial 1",bark beetles (104 total),Coleoptera,1,Curculionidae,,Scolytinae,,,,,,,,,
sgl322,unburned,2025-06-10,clear vane,13,1,no,1,"322, CV 13, 2025-6-10, Vial 1",bark beetles (104 total),Coleoptera,1,Curculionidae,,Scolytinae,,,,,,,,,
sgl322,unburned,2025-06-10,clear vane,13,1,no,1,"322, CV 13, 2025-6-10, Vial 1",bark beetles (104 total),Coleoptera,1,Curculionidae,,Scolytinae,,,,,,,,,
sgl322,unburned,2025-06-10,clear vane,13,1,no,1,"322, CV 13, 2025-6-10, Vial 1",bark beetles (104 total),Coleoptera,1,Curculionidae,,Scolytinae,,,,,,,,,
sgl322,unburned,2025-06-10,clear vane,13,1,no,1,"322, CV 13, 2025-6-10, Vial 1",bark beetles (104 total),Coleoptera,1,Curculionidae,,Scolytinae,,,,,,,,,
sgl322,unburned,2025-06-10,clear vane,13,1,no,1,"322, CV 13, 2025-6-10, Vial 1",bark beetles (104 total),Coleoptera,1,Curculionidae,,Scolytinae,,,,,,,,,
sgl322,unburned,2025-06-10,clear vane,13,1,no,1,"322, CV 13, 2025-6-10, Vial 1",bark beetles (104 total),Coleoptera,1,Curculionidae,,Scolytinae,,,,,,,,,
sgl322,unburned,2025-06-10,clear vane,13,1,no,1,"322, CV 13, 2025-6-10, Vial 1",bark beetles (104 total),Coleoptera,1,Curculionidae,,Scolytinae,,,,,,,,,
sgl322,unburned,2025-06-10,clear vane,13,1,no,1,"322, CV 13, 2025-6-10, Vial 1",bark beetles (104 total),Coleoptera,1,Curculionidae,,Scolytinae,,,,,,,,,
sgl322,unburned,2025-06-10,clear vane,13,1,no,1,"322, CV 13, 2025-6-10, Vial 1",bark beetles (104 total),Coleoptera,1,Curculionidae,,Scolytinae,,,,,,,,,
sgl322,unburned,2025-06-10,clear vane,13,1,no,1,"322, CV 13, 2025-6-10, Vial 1",bark beetles (104 total),Coleoptera,1,Curculionidae,,Scolytinae,,,,,,,,,
sgl322,unburned,2025-06-10,clear vane,13,1,no,1,"322, CV 13, 2025-6-10, Vial 1",bark beetles (104 total),Coleoptera,1,Curculionidae,,Scolytinae,,,,,,,,,
sgl322,unburned,2025-06-10,clear vane,13,1,no,1,"322, CV 13, 2025-6-10, Vial 1",bark beetles (104 total),Coleoptera,1,Curculionidae,,Scolytinae,,,,,,,,,
sgl322,unburned,2025-06-10,clear vane,13,1,no,1,"322, CV 13, 2025-6-10, Vial 1",bark beetles (104 total),Coleoptera,1,Curculionidae,,Scolytinae,,,,,,,,,
sgl322,unburned,2025-06-10,clear vane,13,1,no,1,"322, CV 13, 2025-6-10, Vial 1",bark beetles (104 total),Coleoptera,1,Curculionidae,,Scolytinae,,,,,,,,,
sgl322,unburned,2025-06-10,clear vane,13,1,no,1,"322, CV 13, 2025-6-10, Vial 1",bark beetles (104 total),Coleoptera,1,Curculionidae,,Scolytinae,,,,,,,,,
sgl322,unburned,2025-06-10,clear vane,13,1,no,1,"322, CV 13, 2025-6-10, Vial 1",bark beetles (104 total),Coleoptera,1,Curculionidae,,Scolytinae,,,,,,,,,
sgl322,unburned,2025-06-10,clear vane,13,1,no,1,"322, CV 13, 2025-6-10, Vial 1",bark beetles (104 total),Coleoptera,1,Curculionidae,,Scolytinae,,,,,,,,,
sgl322,unburned,2025-06-10,clear vane,13,1,no,1,"322, CV 13, 2025-6-10, Vial 1",bark beetles (104 total),Coleoptera,1,Curculionidae,,Scolytinae,,,,,,,,,
sgl322,unburned,2025-06-10,clear vane,13,1,no,1,"322, CV 13, 2025-6-10, Vial 1",bark beetles (104 total),Coleoptera,1,Curculionidae,,Scolytinae,,,,,,,,,
sgl322,unburned,2025-06-10,clear vane,13,1,no,1,"322, CV 13, 2025-6-10, Vial 1",bark beetles (104 total),Coleoptera,1,Curculionidae,,Scolytinae,,,,,,,,,
sgl322,unburned,2025-06-10,clear vane,13,1,no,1,"322, CV 13, 2025-6-10, Vial 1",bark beetles (104 total),Coleoptera,1,Curculionidae,,Scolytinae,,,,,,,,,
sgl322,unburned,2025-06-10,clear vane,13,1,no,1,"322, CV 13, 2025-6-10, Vial 1",bark beetles (104 total),Coleoptera,1,Curculionidae,,Scolytinae,,,,,,,,,
sgl322,unburned,2025-06-10,clear vane,13,1,no,1,"322, CV 13, 2025-6-10, Vial 1",bark beetles (104 total),Coleoptera,1,Curculionidae,,Scolytinae,,,,,,,,,
sgl322,unburned,2025-06-10,clear vane,13,1,no,1,"322, CV 13, 2025-6-10, Vial 1",bark beetles (104 total),Coleoptera,1,Curculionidae,,Scolytinae,,,,,,,,,
sgl322,unburned,2025-06-10,clear vane,13,1,no,1,"322, CV 13, 2025-6-10, Vial 1",bark beetles (104 total),Coleoptera,1,Curculionidae,,Scolytinae,,,,,,,,,
sgl322,unburned,2025-06-10,clear vane,13,1,no,1,"322, CV 13, 2025-6-10, Vial 1",bark beetles (104 total),Coleoptera,1,Curculionidae,,Scolytinae,,,,,,,,,
sgl322,unburned,2025-06-10,clear vane,13,1,no,1,"322, CV 13, 2025-6-10, Vial 1",bark beetles (104 total),Coleoptera,1,Curculionidae,,Scolytinae,,,,,,,,,
sgl322,unburned,2025-06-10,clear vane,13,1,no,1,"322, CV 13, 2025-6-10, Vial 1",bark beetles (104 total),Coleoptera,1,Curculionidae,,Scolytinae,,,,,,,,,
sgl322,unburned,2025-06-10,clear vane,13,1,no,1,"322, CV 13, 2025-6-10, Vial 1",bark beetles (104 total),Coleoptera,1,Curculionidae,,Scolytinae,,,,,,,,,
sgl322,unburned,2025-06-10,clear vane,13,1,no,1,"322, CV 13, 2025-6-10, Vial 1",bark beetles (104 total),Coleoptera,1,Curculionidae,,Scolytinae,,,,,,,,,
sgl322,unburned,2025-06-10,clear vane,13,1,no,1,"322, CV 13, 2025-6-10, Vial 1",bark beetles (104 total),Coleoptera,1,Curculionidae,,Scolytinae,,,,,,,,,
sgl322,unburned,2025-06-10,clear vane,13,1,no,1,"322, CV 13, 2025-6-10, Vial 1",bark beetles (104 total),Coleoptera,1,Curculionidae,,Scolytinae,,,,,,,,,
sgl322,unburned,2025-06-10,clear vane,13,1,no,1,"322, CV 13, 2025-6-10, Vial 1",bark beetles (104 total),Coleoptera,1,Curculionidae,,Scolytinae,,,,,,,,,
sgl322,unburned,2025-06-10,clear vane,13,1,no,1,"322, CV 13, 2025-6-10, Vial 1",bark beetles (104 total),Coleoptera,1,Curculionidae,,Scolytinae,,,,,,,,,
sgl322,unburned,2025-06-10,clear vane,13,1,no,1,"322, CV 13, 2025-6-10, Vial 1",bark beetles (104 total),Coleoptera,1,Curculionidae,,Scolytinae,,,,,,,,,
sgl322,unburned,2025-06-10,clear vane,13,1,no,1,"322, CV 13, 2025-6-10, Vial 1",bark beetles (104 total),Coleoptera,1,Curculionidae,,Scolytinae,,,,,,,,,
sgl322,unburned,2025-06-10,clear vane,13,1,no,1,"322, CV 13, 2025-6-10, Vial 1",bark beetles (104 total),Coleoptera,1,Curculionidae,,Scolytinae,,,,,,,,,
sgl322,unburned,2025-06-10,clear vane,13,1,no,1,"322, CV 13, 2025-6-10, Vial 1",bark beetles (104 total),Coleoptera,1,Curculionidae,,Scolytinae,,,,,,,,,
sgl322,unburned,2025-06-10,clear vane,13,1,no,1,"322, CV 13, 2025-6-10, Vial 1",bark beetles (104 total),Coleoptera,1,Curculionidae,,Scolytinae,,,,,,,,,
sgl322,unburned,2025-06-10,clear vane,13,1,no,1,"322, CV 13, 2025-6-10, Vial 1",bark beetles (104 total),Coleoptera,1,Curculionidae,,Scolytinae,,,,,,,,,
sgl322,unburned,2025-06-10,clear vane,13,1,no,1,"322, CV 13, 2025-6-10, Vial 1",bark beetles (104 total),Coleoptera,1,Curculionidae,,Scolytinae,,,,,,,,,
sgl322,unburned,2025-06-10,clear vane,13,1,no,1,"322, CV 13, 2025-6-10, Vial 1",bark beetles (104 total),Coleoptera,1,Curculionidae,,Scolytinae,,,,,,,,,
sgl322,unburned,2025-06-10,clear vane,13,1,no,1,"322, CV 13, 2025-6-10, Vial 1",bark beetles (104 total),Coleoptera,1,Curculionidae,,Scolytinae,,,,,,,,,
sgl322,unburned,2025-06-10,clear vane,13,1,no,1,"322, CV 13, 2025-6-10, Vial 1",bark beetles (104 total),Coleoptera,1,Curculionidae,,Scolytinae,,,,,,,,,
sgl322,unburned,2025-06-10,clear vane,13,1,no,1,"322, CV 13, 2025-6-10, Vial 1",bark beetles (104 total),Coleoptera,1,Curculionidae,,Scolytinae,,,,,,,,,
sgl322,unburned,2025-06-10,clear vane,13,1,no,1,"322, CV 13, 2025-6-10, Vial 1",bark beetles (104 total),Coleoptera,1,Curculionidae,,Scolytinae,,,,,,,,,
sgl322,unburned,2025-06-10,clear vane,13,1,no,1,"322, CV 13, 2025-6-10, Vial 1",bark beetles (104 total),Coleoptera,1,Curculionidae,,Scolytinae,,,,,,,,,
sgl322,unburned,2025-06-10,clear vane,13,1,no,1,"322, CV 13, 2025-6-10, Vial 1",bark beetles (104 total),Coleoptera,1,Curculionidae,,Scolytinae,,,,,,,,,
sgl322,unburned,2025-06-10,clear vane,13,1,no,1,"322, CV 13, 2025-6-10, Vial 1",bark beetles (104 total),Coleoptera,1,Curculionidae,,Scolytinae,,,,,,,,,
sgl322,unburned,2025-06-10,clear vane,13,1,no,1,"322, CV 13, 2025-6-10, Vial 1",bark beetles (104 total),Coleoptera,1,Curculionidae,,Scolytinae,,,,,,,,,
sgl322,unburned,2025-06-10,clear vane,13,1,no,1,"322, CV 13, 2025-6-10, Vial 1",bark beetles (104 total),Coleoptera,1,Curculionidae,,Scolytinae,,,,,,,,,
sgl322,unburned,2025-06-10,clear vane,13,1,no,1,"322, CV 13, 2025-6-10, Vial 1",bark beetles (104 total),Coleoptera,1,Curculionidae,,Scolytinae,,,,,,,,,
sgl322,unburned,2025-06-10,clear vane,13,1,no,1,"322, CV 13, 2025-6-10, Vial 1",bark beetles (104 total),Coleoptera,1,Curculionidae,,Scolytinae,,,,,,,,,
sgl322,unburned,2025-06-10,clear vane,13,1,no,1,"322, CV 13, 2025-6-10, Vial 1",bark beetles (104 total),Coleoptera,1,Curculionidae,,Scolytinae,,,,,,,,,
sgl322,unburned,2025-06-10,clear vane,13,1,no,1,"322, CV 13, 2025-6-10, Vial 1",bark beetles (104 total),Coleoptera,1,Curculionidae,,Scolytinae,,,,,,,,,
sgl322,unburned,2025-06-10,clear vane,13,1,no,1,"322, CV 13, 2025-6-10, Vial 1",bark beetles (104 total),Coleoptera,1,Curculionidae,,Scolytinae,,,,,,,,,
sgl322,unburned,2025-06-10,clear vane,13,1,no,1,"322, CV 13, 2025-6-10, Vial 1",bark beetles (104 total),Coleoptera,1,Curculionidae,,Scolytinae,,,,,,,,,
sgl322,unburned,2025-06-10,clear vane,13,1,no,1,"322, CV 13, 2025-6-10, Vial 1",bark beetles (104 total),Coleoptera,1,Curculionidae,,Scolytinae,,,,,,,,,
sgl322,unburned,2025-06-10,clear vane,13,1,no,1,"322, CV 13, 2025-6-10, Vial 1",bark beetles (104 total),Coleoptera,1,Curculionidae,,Scolytinae,,,,,,,,,
sgl322,unburned,2025-06-10,clear vane,13,1,no,1,"322, CV 13, 2025-6-10, Vial 1",bark beetles (104 total),Coleoptera,1,Curculionidae,,Scolytinae,,,,,,,,,
sgl322,unburned,2025-06-10,clear vane,13,1,no,1,"322, CV 13, 2025-6-10, Vial 1",bark beetles (104 total),Coleoptera,1,Curculionidae,,Scolytinae,,,,,,,,,
sgl322,unburned,2025-06-10,clear vane,13,1,no,1,"322, CV 13, 2025-6-10, Vial 1",bark beetles (104 total),Coleoptera,1,Curculionidae,,Scolytinae,,,,,,,,,
sgl322,unburned,2025-06-10,clear vane,13,1,no,1,"322, CV 13, 2025-6-10, Vial 1",bark beetles (104 total),Coleoptera,1,Curculionidae,,Scolytinae,,,,,,,,,
sgl322,unburned,2025-06-10,clear vane,13,1,no,1,"322, CV 13, 2025-6-10, Vial 1",bark beetles (104 total),Coleoptera,1,Curculionidae,,Scolytinae,,,,,,,,,
,,,,,,,,,,,,,,,,,,,,,,,
besf,recent,2025-07-03,clear vane,19,1,no,1,"besf, CV 19, 2025-7-3, Vial 1",large brown elaterid (8 total),Coleoptera,1,Elateridae,,,,,,,,,,,
besf,recent,2025-07-03,clear vane,19,1,no,1,"besf, CV 19, 2025-7-3, Vial 1",large brown elaterid (8 total),Coleoptera,1,Elateridae,,,,,,,,,,,
besf,recent,2025-07-03,clear vane,19,1,no,1,"besf, CV 19, 2025-7-3, Vial 1",large brown elaterid (8 total),Coleoptera,1,Elateridae,,,,,,,,,,,
besf,recent,2025-07-03,clear vane,19,1,no,1,"besf, CV 19, 2025-7-3, Vial 1",large brown elaterid (8 total),Coleoptera,1,Elateridae,,,,,,,,,,,
besf,recent,2025-07-03,clear vane,19,1,no,1,"besf, CV 19, 2025-7-3, Vial 1",large brown elaterid (8 total),Coleoptera,1,Elateridae,,,,,,,,,,,
besf,recent,2025-07-03,clear vane,19,1,no,1,"besf, CV 19, 2025-7-3, Vial 1",large brown elaterid (8 total),Coleoptera,1,Elateridae,,,,,,,,,,,
besf,recent,2025-07-03,clear vane,19,1,no,1,"besf, CV 19, 2025-7-3, Vial 1",large brown elaterid (8 total),Coleoptera,1,Elateridae,,,,,,,,,,,
besf,recent,2025-07-03,clear vane,19,1,no,1,"besf, CV 19, 2025-7-3, Vial 1",large brown elaterid (8 total),Coleoptera,1,Elateridae,,,,,,,,,,,
besf,recent,2025-07-03,clear vane,19,1,no,1,"besf, CV 19, 2025-7-3, Vial 1",large brown cerambycid (6 total),Coleoptera,1,Cerambycidae,,,,,,,,,,,
besf,recent,2025-07-03,clear vane,19,1,no,1,"besf, CV 19, 2025-7-3, Vial 1",large brown cerambycid (6 total),Coleoptera,1,Cerambycidae,,,,,,,,,,,
besf,recent,2025-07-03,clear vane,19,1,no,1,"besf, CV 19, 2025-7-3, Vial 1",large brown cerambycid (6 total),Coleoptera,1,Cerambycidae,,,,,,,,,,,
besf,recent,2025-07-03,clear vane,19,1,no,1,"besf, CV 19, 2025-7-3, Vial 1",large brown cerambycid (6 total),Coleoptera,1,Cerambycidae,,,,,,,,,,,
besf,recent,2025-07-03,clear vane,19,1,no,1,"besf, CV 19, 2025-7-3, Vial 1",large brown cerambycid (6 total),Coleoptera,1,Cerambycidae,,,,,,,,,,,
besf,recent,2025-07-03,clear vane,19,1,no,1,"besf, CV 19, 2025-7-3, Vial 1",large brown cerambycid (6 total),Coleoptera,1,Cerambycidae,,,,,,,,,,,
besf,recent,2025-07-03,clear vane,19,1,no,1,"besf, CV 19, 2025-7-3, Vial 1",various medium elaterids (6 total),Coleoptera,1,Elateridae,,,,,,,,,,,
besf,recent,2025-07-03,clear vane,19,1,no,1,"besf, CV 19, 2025-7-3, Vial 1",various medium elaterids (6 total),Coleoptera,1,Elateridae,,,,,,,,,,,
besf,recent,2025-07-03,clear vane,19,1,no,1,"besf, CV 19, 2025-7-3, Vial 1",various medium elaterids (6 total),Coleoptera,1,Elateridae,,,,,,,,,,,
besf,recent,2025-07-03,clear vane,19,1,no,1,"besf, CV 19, 2025-7-3, Vial 1",various medium elaterids (6 total),Coleoptera,1,Elateridae,,,,,,,,,,,
besf,recent,2025-07-03,clear vane,19,1,no,1,"besf, CV 19, 2025-7-3, Vial 1",various medium elaterids (6 total),Coleoptera,1,Elateridae,,,,,,,,,,,
besf,recent,2025-07-03,clear vane,19,1,no,1,"besf, CV 19, 2025-7-3, Vial 1",various medium elaterids (6 total),Coleoptera,1,Elateridae,,,,,,,,,,,
besf,recent,2025-07-03,clear vane,19,1,no,1,"besf, CV 19, 2025-7-3, Vial 1","green-blue buprestids, probs genus Agrilus (9 total)",Coleoptera,1,Buprestidae,,,,,,,,,,,
besf,recent,2025-07-03,clear vane,19,1,no,1,"besf, CV 19, 2025-7-3, Vial 1","green-blue buprestids, probs genus Agrilus (9 total)",Coleoptera,1,Buprestidae,,,,,,,,,,,
besf,recent,2025-07-03,clear vane,19,1,no,1,"besf, CV 19, 2025-7-3, Vial 1","green-blue buprestids, probs genus Agrilus (9 total)",Coleoptera,1,Buprestidae,,,,,,,,,,,
besf,recent,2025-07-03,clear vane,19,1,no,1,"besf, CV 19, 2025-7-3, Vial 1","green-blue buprestids, probs genus Agrilus (9 total)",Coleoptera,1,Buprestidae,,,,,,,,,,,
besf,recent,2025-07-03,clear vane,19,1,no,1,"besf, CV 19, 2025-7-3, Vial 1","green-blue buprestids, probs genus Agrilus (9 total)",Coleoptera,1,Buprestidae,,,,,,,,,,,
besf,recent,2025-07-03,clear vane,19,1,no,1,"besf, CV 19, 2025-7-3, Vial 1","green-blue buprestids, probs genus Agrilus (9 total)",Coleoptera,1,Buprestidae,,,,,,,,,,,
besf,recent,2025-07-03,clear vane,19,1,no,1,"besf, CV 19, 2025-7-3, Vial 1","green-blue buprestids, probs genus Agrilus (9 total)",Coleoptera,1,Buprestidae,,,,,,,,,,,
besf,recent,2025-07-03,clear vane,19,1,no,1,"besf, CV 19, 2025-7-3, Vial 1","green-blue buprestids, probs genus Agrilus (9 total)",Coleoptera,1,Buprestidae,,,,,,,,,,,
besf,recent,2025-07-03,clear vane,19,1,no,1,"besf, CV 19, 2025-7-3, Vial 1","green-blue buprestids, probs genus Agrilus (9 total)",Coleoptera,1,Buprestidae,,,,,,,,,,,
besf,recent,2025-07-03,clear vane,19,1,no,1,"besf, CV 19, 2025-7-3, Vial 1","tan tenebrionids (5-5-4, obvious toothed tarsal claws, hidden antennal insertions) (13 total)",Coleoptera,1,Tenebrionidae,,,,,,,,,,,
besf,recent,2025-07-03,clear vane,19,1,no,1,"besf, CV 19, 2025-7-3, Vial 1","tan tenebrionids (5-5-4, obvious toothed tarsal claws, hidden antennal insertions) (13 total)",Coleoptera,1,Tenebrionidae,,,,,,,,,,,
besf,recent,2025-07-03,clear vane,19,1,no,1,"besf, CV 19, 2025-7-3, Vial 1","tan tenebrionids (5-5-4, obvious toothed tarsal claws, hidden antennal insertions) (13 total)",Coleoptera,1,Tenebrionidae,,,,,,,,,,,
besf,recent,2025-07-03,clear vane,19,1,no,1,"besf, CV 19, 2025-7-3, Vial 1","tan tenebrionids (5-5-4, obvious toothed tarsal claws, hidden antennal insertions) (13 total)",Coleoptera,1,Tenebrionidae,,,,,,,,,,,
besf,recent,2025-07-03,clear vane,19,1,no,1,"besf, CV 19, 2025-7-3, Vial 1","tan tenebrionids (5-5-4, obvious toothed tarsal claws, hidden antennal insertions) (13 total)",Coleoptera,1,Tenebrionidae,,,,,,,,,,,
besf,recent,2025-07-03,clear vane,19,1,no,1,"besf, CV 19, 2025-7-3, Vial 1","tan tenebrionids (5-5-4, obvious toothed tarsal claws, hidden antennal insertions) (13 total)",Coleoptera,1,Tenebrionidae,,,,,,,,,,,
besf,recent,2025-07-03,clear vane,19,1,no,1,"besf, CV 19, 2025-7-3, Vial 1","tan tenebrionids (5-5-4, obvious toothed tarsal claws, hidden antennal insertions) (13 total)",Coleoptera,1,Tenebrionidae,,,,,,,,,,,
besf,recent,2025-07-03,clear vane,19,1,no,1,"besf, CV 19, 2025-7-3, Vial 1","tan tenebrionids (5-5-4, obvious toothed tarsal claws, hidden antennal insertions) (13 total)",Coleoptera,1,Tenebrionidae,,,,,,,,,,,
besf,recent,2025-07-03,clear vane,19,1,no,1,"besf, CV 19, 2025-7-3, Vial 1","tan tenebrionids (5-5-4, obvious toothed tarsal claws, hidden antennal insertions) (13 total)",Coleoptera,1,Tenebrionidae,,,,,,,,,,,
besf,recent,2025-07-03,clear vane,19,1,no,1,"besf, CV 19, 2025-7-3, Vial 1","tan tenebrionids (5-5-4, obvious toothed tarsal claws, hidden antennal insertions) (13 total)",Coleoptera,1,Tenebrionidae,,,,,,,,,,,
besf,recent,2025-07-03,clear vane,19,1,no,1,"besf, CV 19, 2025-7-3, Vial 1","tan tenebrionids (5-5-4, obvious toothed tarsal claws, hidden antennal insertions) (13 total)",Coleoptera,1,Tenebrionidae,,,,,,,,,,,
besf,recent,2025-07-03,clear vane,19,1,no,1,"besf, CV 19, 2025-7-3, Vial 1","tan tenebrionids (5-5-4, obvious toothed tarsal claws, hidden antennal insertions) (13 total)",Coleoptera,1,Tenebrionidae,,,,,,,,,,,
besf,recent,2025-07-03,clear vane,19,1,no,1,"besf, CV 19, 2025-7-3, Vial 1","tan tenebrionids (5-5-4, obvious toothed tarsal claws, hidden antennal insertions) (13 total)",Coleoptera,1,Tenebrionidae,,,,,,,,,,,
besf,recent,2025-07-03,clear vane,19,1,no,1,"besf, CV 19, 2025-7-3, Vial 1",dark brown tenebrionid (5 total),Coleoptera,1,Tenebrionidae,,,,,,,,,,,
besf,recent,2025-07-03,clear vane,19,1,no,1,"besf, CV 19, 2025-7-3, Vial 1",dark brown tenebrionid (5 total),Coleoptera,1,Tenebrionidae,,,,,,,,,,,
besf,recent,2025-07-03,clear vane,19,1,no,1,"besf, CV 19, 2025-7-3, Vial 1",dark brown tenebrionid (5 total),Coleoptera,1,Tenebrionidae,,,,,,,,,,,
besf,recent,2025-07-03,clear vane,19,1,no,1,"besf, CV 19, 2025-7-3, Vial 1",dark brown tenebrionid (5 total),Coleoptera,1,Tenebrionidae,,,,,,,,,,,
besf,recent,2025-07-03,clear vane,19,1,no,1,"besf, CV 19, 2025-7-3, Vial 1",dark brown tenebrionid (5 total),Coleoptera,1,Tenebrionidae,,,,,,,,,,,
besf,recent,2025-07-03,clear vane,19,1,no,1,"besf, CV 19, 2025-7-3, Vial 1","black and orange ceryambycid, maybe Strangalepta abbreviata",Coleoptera,1,Cerambycidae,,,,,,,,,,,
besf,recent,2025-07-03,clear vane,19,1,no,1,"besf, CV 19, 2025-7-3, Vial 1","tan cryptophagids, maybe Antherophagus ochraceus (3 total)",Coleoptera,1,Cryptophagidae,,,,,,,,,,,
besf,recent,2025-07-03,clear vane,19,1,no,1,"besf, CV 19, 2025-7-3, Vial 1","tan cryptophagids, maybe Antherophagus ochraceus (3 total)",Coleoptera,1,Cryptophagidae,,,,,,,,,,,
besf,recent,2025-07-03,clear vane,19,1,no,1,"besf, CV 19, 2025-7-3, Vial 1","tan cryptophagids, maybe Antherophagus ochraceus (3 total)",Coleoptera,1,Cryptophagidae,,,,,,,,,,,
besf,recent,2025-07-03,clear vane,19,1,no,1,"besf, CV 19, 2025-7-3, Vial 1",black eucnemid,Coleoptera,1,Eucnemidae,,,,,,,,,,,
besf,recent,2025-07-03,clear vane,19,1,no,1,"besf, CV 19, 2025-7-3, Vial 1",black eucnemid,Coleoptera,1,Eucnemidae,,,,,,,,,,,
besf,recent,2025-07-03,clear vane,19,1,no,1,"besf, CV 19, 2025-7-3, Vial 1",black curculionid,Coleoptera,1,Curculionidae,,,,,,,,,,,
besf,recent,2025-07-03,clear vane,19,1,no,1,"besf, CV 19, 2025-7-3, Vial 1",brown elaterid,Coleoptera,1,Elateridae,,,,,,,,,,,
besf,recent,2025-07-03,clear vane,19,1,no,1,"besf, CV 19, 2025-7-3, Vial 1","mostly black lampyrid, no visible light organ on ventrites, maybe Lucidota atra. Pronotum covering head, but no rows of veins like you'd find on a lycid",Coleoptera,1,Lampyridae,,,,,,,,,,,
besf,recent,2025-07-03,clear vane,19,1,no,1,"besf, CV 19, 2025-7-3, Vial 1",lampyrid,Coleoptera,1,Lampyridae,,,,,,,,,,,
besf,recent,2025-07-03,clear vane,19,1,no,1,"besf, CV 19, 2025-7-3, Vial 1","Synchroa punctata, looks a lot like a melandryid, but has finely notched tibial spurs, clearly separated procoxae, and antennal insertions hidden from above (although other melandryids appear to also have mostly hidden antennal insertions)",Coleoptera,1,Synchroidae,,,,,,,,,,,
besf,recent,2025-07-03,clear vane,19,1,no,1,"besf, CV 19, 2025-7-3, Vial 1",tan tenebrionids (2 total),Coleoptera,1,Tenebrionidae,,,,,,,,,,,
besf,recent,2025-07-03,clear vane,19,1,no,1,"besf, CV 19, 2025-7-3, Vial 1",tan tenebrionids (2 total),Coleoptera,1,Tenebrionidae,,,,,,,,,,,
besf,recent,2025-07-03,clear vane,19,1,no,1,"besf, CV 19, 2025-7-3, Vial 1",tan scirtid,Coleoptera,1,Scirtidae,,,,,,,,,,,
besf,recent,2025-07-03,clear vane,19,1,no,1,"besf, CV 19, 2025-7-3, Vial 1","black and yellow scirtid, looks a bit like a Coccinellid except 5-5-5 tarsi (with bilobed 4th tarsomere) and the bulging eyes. probably Sacodes thoracica",Coleoptera,1,Scirtidae,,,,,,,,,,,
besf,recent,2025-07-03,clear vane,19,1,no,1,"besf, CV 19, 2025-7-3, Vial 1",mordellids (9 total),Coleoptera,1,Mordellidae,,,,,,,,,,,
besf,recent,2025-07-03,clear vane,19,1,no,1,"besf, CV 19, 2025-7-3, Vial 1",mordellids (9 total),Coleoptera,1,Mordellidae,,,,,,,,,,,
besf,recent,2025-07-03,clear vane,19,1,no,1,"besf, CV 19, 2025-7-3, Vial 1",mordellids (9 total),Coleoptera,1,Mordellidae,,,,,,,,,,,
besf,recent,2025-07-03,clear vane,19,1,no,1,"besf, CV 19, 2025-7-3, Vial 1",mordellids (9 total),Coleoptera,1,Mordellidae,,,,,,,,,,,
besf,recent,2025-07-03,clear vane,19,1,no,1,"besf, CV 19, 2025-7-3, Vial 1",mordellids (9 total),Coleoptera,1,Mordellidae,,,,,,,,,,,
besf,recent,2025-07-03,clear vane,19,1,no,1,"besf, CV 19, 2025-7-3, Vial 1",mordellids (9 total),Coleoptera,1,Mordellidae,,,,,,,,,,,
besf,recent,2025-07-03,clear vane,19,1,no,1,"besf, CV 19, 2025-7-3, Vial 1",mordellids (9 total),Coleoptera,1,Mordellidae,,,,,,,,,,,
besf,recent,2025-07-03,clear vane,19,1,no,1,"besf, CV 19, 2025-7-3, Vial 1",mordellids (9 total),Coleoptera,1,Mordellidae,,,,,,,,,,,
besf,recent,2025-07-03,clear vane,19,1,no,1,"besf, CV 19, 2025-7-3, Vial 1",mordellids (9 total),Coleoptera,1,Mordellidae,,,,,,,,,,,
besf,recent,2025-07-03,clear vane,19,1,no,1,"besf, CV 19, 2025-7-3, Vial 1",ptiliid,Coleoptera,1,Ptiliidae,,,,,,,,,,,
besf,recent,2025-07-03,clear vane,19,1,no,1,"besf, CV 19, 2025-7-3, Vial 1",corylophid,Coleoptera,1,Corylophidae,,,,,,,,,,,
besf,recent,2025-07-03,clear vane,19,1,no,1,"besf, CV 19, 2025-7-3, Vial 1","red silvanids, maybe genus Cathartosilvanus (2 total)",Coleoptera,1,Silvanidae,,,,,,,,,,,
besf,recent,2025-07-03,clear vane,19,1,no,1,"besf, CV 19, 2025-7-3, Vial 1","red silvanids, maybe genus Cathartosilvanus (2 total)",Coleoptera,1,Silvanidae,,,,,,,,,,,
besf,recent,2025-07-03,clear vane,19,1,no,1,"besf, CV 19, 2025-7-3, Vial 1",staphylinids (7 total),Coleoptera,1,Staphylinidae,,,,,,,,,,,
besf,recent,2025-07-03,clear vane,19,1,no,1,"besf, CV 19, 2025-7-3, Vial 1",staphylinids (7 total),Coleoptera,1,Staphylinidae,,,,,,,,,,,
besf,recent,2025-07-03,clear vane,19,1,no,1,"besf, CV 19, 2025-7-3, Vial 1",staphylinids (7 total),Coleoptera,1,Staphylinidae,,,,,,,,,,,
besf,recent,2025-07-03,clear vane,19,1,no,1,"besf, CV 19, 2025-7-3, Vial 1",staphylinids (7 total),Coleoptera,1,Staphylinidae,,,,,,,,,,,
besf,recent,2025-07-03,clear vane,19,1,no,1,"besf, CV 19, 2025-7-3, Vial 1",staphylinids (7 total),Coleoptera,1,Staphylinidae,,,,,,,,,,,
besf,recent,2025-07-03,clear vane,19,1,no,1,"besf, CV 19, 2025-7-3, Vial 1",staphylinids (7 total),Coleoptera,1,Staphylinidae,,,,,,,,,,,
besf,recent,2025-07-03,clear vane,19,1,no,1,"besf, CV 19, 2025-7-3, Vial 1",staphylinids (7 total),Coleoptera,1,Staphylinidae,,,,,,,,,,,
besf,recent,2025-07-03,clear vane,19,1,no,1,"besf, CV 19, 2025-7-3, Vial 1",orange and black clerid,Coleoptera,1,Cleridae,,,,,,,,,,,
besf,recent,2025-07-03,clear vane,19,1,no,1,"besf, CV 19, 2025-7-3, Vial 1",black eucnemids (4 total),Coleoptera,1,Eucnemidae,,,,,,,,,,,
besf,recent,2025-07-03,clear vane,19,1,no,1,"besf, CV 19, 2025-7-3, Vial 1",black eucnemids (4 total),Coleoptera,1,Eucnemidae,,,,,,,,,,,
besf,recent,2025-07-03,clear vane,19,1,no,1,"besf, CV 19, 2025-7-3, Vial 1",black eucnemids (4 total),Coleoptera,1,Eucnemidae,,,,,,,,,,,
besf,recent,2025-07-03,clear vane,19,1,no,1,"besf, CV 19, 2025-7-3, Vial 1",black eucnemids (4 total),Coleoptera,1,Eucnemidae,,,,,,,,,,,
besf,recent,2025-07-03,clear vane,19,1,no,1,"besf, CV 19, 2025-7-3, Vial 1",tan latridiid (3 total),Coleoptera,1,Latridiidae,,,,,,,,,,,
besf,recent,2025-07-03,clear vane,19,1,no,1,"besf, CV 19, 2025-7-3, Vial 1",tan latridiid (3 total),Coleoptera,1,Latridiidae,,,,,,,,,,,
besf,recent,2025-07-03,clear vane,19,1,no,1,"besf, CV 19, 2025-7-3, Vial 1",tan latridiid (3 total),Coleoptera,1,Latridiidae,,,,,,,,,,,
besf,recent,2025-07-03,clear vane,19,1,no,1,"besf, CV 19, 2025-7-3, Vial 1","cigar-shaped scarab with head tucked deeply into pronotum, maybe genus Ataenius",Coleoptera,1,Scarabaeidae,,,,,,,,,,"Maybe genus Ataenius, Pleurophorus, or Dialytes",
besf,recent,2025-07-03,clear vane,19,1,no,1,"besf, CV 19, 2025-7-3, Vial 1",black weevil,Coleoptera,1,Curculionidae,,,,,,,,,,,
besf,recent,2025-07-03,clear vane,19,1,no,1,"besf, CV 19, 2025-7-3, Vial 1",black bostrichid (2 total),Coleoptera,1,Bostrichidae,,,,,,,,,,,
besf,recent,2025-07-03,clear vane,19,1,no,1,"besf, CV 19, 2025-7-3, Vial 1",black bostrichid (2 total),Coleoptera,1,Bostrichidae,,,,,,,,,,,
besf,recent,2025-07-03,clear vane,19,1,no,1,"besf, CV 19, 2025-7-3, Vial 1",laemophloeid (2 total),Coleoptera,1,Laemophloeidae,,,,,,,,,,,
besf,recent,2025-07-03,clear vane,19,1,no,1,"besf, CV 19, 2025-7-3, Vial 1",laemophloeid (2 total),Coleoptera,1,Laemophloeidae,,,,,,,,,,,
besf,recent,2025-07-03,clear vane,19,1,no,1,"besf, CV 19, 2025-7-3, Vial 1",throscid (2 total),Coleoptera,1,Throscidae,,,,,,,,,,,
besf,recent,2025-07-03,clear vane,19,1,no,1,"besf, CV 19, 2025-7-3, Vial 1",throscid (2 total),Coleoptera,1,Throscidae,,,,,,,,,,,
besf,recent,2025-07-03,clear vane,19,1,no,1,"besf, CV 19, 2025-7-3, Vial 1",ptinid,Coleoptera,1,Ptinidae,,,,,,,,,,,
besf,recent,2025-07-03,clear vane,19,1,no,1,"besf, CV 19, 2025-7-3, Vial 1",dermestid,Coleoptera,1,Dermestidae,,,,,,,,,,,
besf,recent,2025-07-03,clear vane,19,1,no,1,"besf, CV 19, 2025-7-3, Vial 1","plain, dark brown nitidulids",Coleoptera,1,Nitidulidae,,,,,,,,,,,
besf,recent,2025-07-03,clear vane,19,1,no,1,"besf, CV 19, 2025-7-3, Vial 1","plain, dark brown nitidulids",Coleoptera,1,Nitidulidae,,,,,,,,,,,
besf,recent,2025-07-03,clear vane,19,1,no,1,"besf, CV 19, 2025-7-3, Vial 1","plain, dark brown nitidulids",Coleoptera,1,Nitidulidae,,,,,,,,,,,
besf,recent,2025-07-03,clear vane,19,1,no,1,"besf, CV 19, 2025-7-3, Vial 1","plain, dark brown nitidulids",Coleoptera,1,Nitidulidae,,,,,,,,,,,
besf,recent,2025-07-03,clear vane,19,1,no,1,"besf, CV 19, 2025-7-3, Vial 1","plain, dark brown nitidulids",Coleoptera,1,Nitidulidae,,,,,,,,,,,
besf,recent,2025-07-03,clear vane,19,1,no,1,"besf, CV 19, 2025-7-3, Vial 1","plain, dark brown nitidulids",Coleoptera,1,Nitidulidae,,,,,,,,,,,
besf,recent,2025-07-03,clear vane,19,1,no,1,"besf, CV 19, 2025-7-3, Vial 1","plain, dark brown nitidulids",Coleoptera,1,Nitidulidae,,,,,,,,,,,
besf,recent,2025-07-03,clear vane,19,1,no,1,"besf, CV 19, 2025-7-3, Vial 1","plain, dark brown nitidulids",Coleoptera,1,Nitidulidae,,,,,,,,,,,
besf,recent,2025-07-03,clear vane,19,1,no,1,"besf, CV 19, 2025-7-3, Vial 1","plain, dark brown nitidulids",Coleoptera,1,Nitidulidae,,,,,,,,,,,
besf,recent,2025-07-03,clear vane,19,1,no,1,"besf, CV 19, 2025-7-3, Vial 1","plain, dark brown nitidulids",Coleoptera,1,Nitidulidae,,,,,,,,,,,
besf,recent,2025-07-03,clear vane,19,1,no,1,"besf, CV 19, 2025-7-3, Vial 1","plain, dark brown nitidulids",Coleoptera,1,Nitidulidae,,,,,,,,,,,
besf,recent,2025-07-03,clear vane,19,1,no,1,"besf, CV 19, 2025-7-3, Vial 1","plain, dark brown nitidulids",Coleoptera,1,Nitidulidae,,,,,,,,,,,
besf,recent,2025-07-03,clear vane,19,1,no,1,"besf, CV 19, 2025-7-3, Vial 1","plain, dark brown nitidulids",Coleoptera,1,Nitidulidae,,,,,,,,,,,
besf,recent,2025-07-03,clear vane,19,1,no,1,"besf, CV 19, 2025-7-3, Vial 1","plain, dark brown nitidulids",Coleoptera,1,Nitidulidae,,,,,,,,,,,
besf,recent,2025-07-03,clear vane,19,1,no,1,"besf, CV 19, 2025-7-3, Vial 1","plain, dark brown nitidulids",Coleoptera,1,Nitidulidae,,,,,,,,,,,
besf,recent,2025-07-03,clear vane,19,1,no,1,"besf, CV 19, 2025-7-3, Vial 1","plain, dark brown nitidulids",Coleoptera,1,Nitidulidae,,,,,,,,,,,
besf,recent,2025-07-03,clear vane,19,1,no,1,"besf, CV 19, 2025-7-3, Vial 1","plain, dark brown nitidulids",Coleoptera,1,Nitidulidae,,,,,,,,,,,
besf,recent,2025-07-03,clear vane,19,1,no,1,"besf, CV 19, 2025-7-3, Vial 1","plain, dark brown nitidulids",Coleoptera,1,Nitidulidae,,,,,,,,,,,
besf,recent,2025-07-03,clear vane,19,1,no,1,"besf, CV 19, 2025-7-3, Vial 1","plain, dark brown nitidulids",Coleoptera,1,Nitidulidae,,,,,,,,,,,
besf,recent,2025-07-03,clear vane,19,1,no,1,"besf, CV 19, 2025-7-3, Vial 1","plain, dark brown nitidulids",Coleoptera,1,Nitidulidae,,,,,,,,,,,
besf,recent,2025-07-03,clear vane,19,1,no,1,"besf, CV 19, 2025-7-3, Vial 1","plain, dark brown nitidulids",Coleoptera,1,Nitidulidae,,,,,,,,,,,
besf,recent,2025-07-03,clear vane,19,1,no,1,"besf, CV 19, 2025-7-3, Vial 1","plain, dark brown nitidulids",Coleoptera,1,Nitidulidae,,,,,,,,,,,
besf,recent,2025-07-03,clear vane,19,1,no,1,"besf, CV 19, 2025-7-3, Vial 1","plain, dark brown nitidulids",Coleoptera,1,Nitidulidae,,,,,,,,,,,
besf,recent,2025-07-03,clear vane,19,1,no,1,"besf, CV 19, 2025-7-3, Vial 1",bark beetles (4 total),Coleoptera,1,Curculionidae,,Scolytinae,,,,,,,,,
besf,recent,2025-07-03,clear vane,19,1,no,1,"besf, CV 19, 2025-7-3, Vial 1",bark beetles (4 total),Coleoptera,1,Curculionidae,,Scolytinae,,,,,,,,,
besf,recent,2025-07-03,clear vane,19,1,no,1,"besf, CV 19, 2025-7-3, Vial 1",bark beetles (4 total),Coleoptera,1,Curculionidae,,Scolytinae,,,,,,,,,
besf,recent,2025-07-03,clear vane,19,1,no,1,"besf, CV 19, 2025-7-3, Vial 1",bark beetles (4 total),Coleoptera,1,Curculionidae,,Scolytinae,,,,,,,,,
,,,,,,,,,,,,,,,,,,,,,,,
besf,medium,2025-07-03,clear vane,25,1,no,1,"besf, CV 25, 2025-7-3, Vial 1","tan tenebrionid, maybe genus Isomira (2 total), toothed claw and hidden antennal insertions",Coleoptera,1,Tenebrionidae,,,,,,,,,,,
besf,medium,2025-07-03,clear vane,25,1,no,1,"besf, CV 25, 2025-7-3, Vial 1","tan tenebrionid, maybe genus Isomira (2 total), toothed claw and hidden antennal insertions",Coleoptera,1,Tenebrionidae,,,,,,,,,,,
besf,medium,2025-07-03,clear vane,25,1,no,1,"besf, CV 25, 2025-7-3, Vial 1","round tenebrionid, but no teeth on tarsal claws. maybe genus Meracantha",Coleoptera,1,Tenebrionidae,,,,,,,,,,,
besf,medium,2025-07-03,clear vane,25,1,no,1,"besf, CV 25, 2025-7-3, Vial 1","black firefly with no light organ, maybe genus Lucidota or Pyropyga",Coleoptera,1,Lampyridae,,,,,,,,,,,
besf,medium,2025-07-03,clear vane,25,1,no,1,"besf, CV 25, 2025-7-3, Vial 1",reddish brown eucnemids (2 total),Coleoptera,1,Eucnemidae,,,,,,,,,,,
besf,medium,2025-07-03,clear vane,25,1,no,1,"besf, CV 25, 2025-7-3, Vial 1",reddish brown eucnemids (2 total),Coleoptera,1,Eucnemidae,,,,,,,,,,,
besf,medium,2025-07-03,clear vane,25,1,no,1,"besf, CV 25, 2025-7-3, Vial 1",small brown ptinid,Coleoptera,1,Ptinidae,,,,,,,,,,,
besf,medium,2025-07-03,clear vane,25,1,no,1,"besf, CV 25, 2025-7-3, Vial 1","larger brown ptinid, no clear grooves for appendages but the rest of the body shape and how the pronotum is recessed deeply in pronotum makes me thing this is a ptinid",Coleoptera,1,Ptinidae,,,,,,,,,,,
besf,medium,2025-07-03,clear vane,25,1,no,1,"besf, CV 25, 2025-7-3, Vial 1","black pyrochroid with orange pronotum (ID'd by lobed penultimate tarsomere, notched eyes, pectinate antennae, body shape)",Coleoptera,1,Pyrochroidae,,,,,,,,,,,
besf,medium,2025-07-03,clear vane,25,1,no,1,"besf, CV 25, 2025-7-3, Vial 1",black elaterid with yellow legs,Coleoptera,1,Elateridae,,,,,,,,,,,
besf,medium,2025-07-03,clear vane,25,1,no,1,"besf, CV 25, 2025-7-3, Vial 1","black hairy artematopodid, maybe Eurypogon niger (recognized by the lobes on tarsi, the hairy body, the short antennomeres 2-3 with the orange tips equaling length of antennomere 4, and filiform antennae)",Coleoptera,1,Artematopodidae,,,,,,,,,,,
besf,medium,2025-07-03,clear vane,25,1,no,1,"besf, CV 25, 2025-7-3, Vial 1",dark brown curculionids (3 total),Coleoptera,1,Curculionidae,,,,,,,,,,,
besf,medium,2025-07-03,clear vane,25,1,no,1,"besf, CV 25, 2025-7-3, Vial 1",dark brown curculionids (3 total),Coleoptera,1,Curculionidae,,,,,,,,,,,
besf,medium,2025-07-03,clear vane,25,1,no,1,"besf, CV 25, 2025-7-3, Vial 1",dark brown curculionids (3 total),Coleoptera,1,Curculionidae,,,,,,,,,,,
besf,medium,2025-07-03,clear vane,25,1,no,1,"besf, CV 25, 2025-7-3, Vial 1",brown throscids (3 total),Coleoptera,1,Throscidae,,,,,,,,,,,
besf,medium,2025-07-03,clear vane,25,1,no,1,"besf, CV 25, 2025-7-3, Vial 1",brown throscids (3 total),Coleoptera,1,Throscidae,,,,,,,,,,,
besf,medium,2025-07-03,clear vane,25,1,no,1,"besf, CV 25, 2025-7-3, Vial 1",brown throscids (3 total),Coleoptera,1,Throscidae,,,,,,,,,,,
besf,medium,2025-07-03,clear vane,25,1,no,1,"besf, CV 25, 2025-7-3, Vial 1",mordellids (2 total),Coleoptera,1,Mordellidae,,,,,,,,,,,
besf,medium,2025-07-03,clear vane,25,1,no,1,"besf, CV 25, 2025-7-3, Vial 1",mordellids (2 total),Coleoptera,1,Mordellidae,,,,,,,,,,,
besf,medium,2025-07-03,clear vane,25,1,no,1,"besf, CV 25, 2025-7-3, Vial 1",latridiid,Coleoptera,1,Latridiidae,,,,,,,,,,,
besf,medium,2025-07-03,clear vane,25,1,no,1,"besf, CV 25, 2025-7-3, Vial 1",mordellid ,Coleoptera,1,Mordellidae,,,,,,,,,,,
besf,medium,2025-07-03,clear vane,25,1,no,1,"besf, CV 25, 2025-7-3, Vial 1",staphylinids (4 total),Coleoptera,1,Staphylinidae,,,,,,,,,,,
besf,medium,2025-07-03,clear vane,25,1,no,1,"besf, CV 25, 2025-7-3, Vial 1",staphylinids (4 total),Coleoptera,1,Staphylinidae,,,,,,,,,,,
besf,medium,2025-07-03,clear vane,25,1,no,1,"besf, CV 25, 2025-7-3, Vial 1",staphylinids (4 total),Coleoptera,1,Staphylinidae,,,,,,,,,,,
besf,medium,2025-07-03,clear vane,25,1,no,1,"besf, CV 25, 2025-7-3, Vial 1",staphylinids (4 total),Coleoptera,1,Staphylinidae,,,,,,,,,,,
besf,medium,2025-07-03,clear vane,25,1,no,1,"besf, CV 25, 2025-7-3, Vial 1",bark beetles,Coleoptera,1,Curculionidae,,Scolytinae,,,,,,,,,
besf,medium,2025-07-03,clear vane,25,1,no,1,"besf, CV 25, 2025-7-3, Vial 1",bark beetles,Coleoptera,1,Curculionidae,,Scolytinae,,,,,,,,,
besf,medium,2025-07-03,clear vane,25,1,no,1,"besf, CV 25, 2025-7-3, Vial 1",bark beetles,Coleoptera,1,Curculionidae,,Scolytinae,,,,,,,,,
besf,medium,2025-07-03,clear vane,25,1,no,1,"besf, CV 25, 2025-7-3, Vial 1",bark beetles,Coleoptera,1,Curculionidae,,Scolytinae,,,,,,,,,
besf,medium,2025-07-03,clear vane,25,1,no,1,"besf, CV 25, 2025-7-3, Vial 1",bark beetles,Coleoptera,1,Curculionidae,,Scolytinae,,,,,,,,,
besf,medium,2025-07-03,clear vane,25,1,no,1,"besf, CV 25, 2025-7-3, Vial 1",bark beetles,Coleoptera,1,Curculionidae,,Scolytinae,,,,,,,,,
besf,medium,2025-07-03,clear vane,25,1,no,1,"besf, CV 25, 2025-7-3, Vial 1",bark beetles,Coleoptera,1,Curculionidae,,Scolytinae,,,,,,,,,
besf,medium,2025-07-03,clear vane,25,1,no,1,"besf, CV 25, 2025-7-3, Vial 1",bark beetles,Coleoptera,1,Curculionidae,,Scolytinae,,,,,,,,,
besf,medium,2025-07-03,clear vane,25,1,no,1,"besf, CV 25, 2025-7-3, Vial 1",bark beetles,Coleoptera,1,Curculionidae,,Scolytinae,,,,,,,,,
besf,medium,2025-07-03,clear vane,25,1,no,1,"besf, CV 25, 2025-7-3, Vial 1",bark beetles,Coleoptera,1,Curculionidae,,Scolytinae,,,,,,,,,
besf,medium,2025-07-03,clear vane,25,1,no,1,"besf, CV 25, 2025-7-3, Vial 1",bark beetles,Coleoptera,1,Curculionidae,,Scolytinae,,,,,,,,,
besf,medium,2025-07-03,clear vane,25,1,no,1,"besf, CV 25, 2025-7-3, Vial 1",bark beetles,Coleoptera,1,Curculionidae,,Scolytinae,,,,,,,,,
besf,medium,2025-07-03,clear vane,25,1,no,1,"besf, CV 25, 2025-7-3, Vial 1",bark beetles,Coleoptera,1,Curculionidae,,Scolytinae,,,,,,,,,
besf,medium,2025-07-03,clear vane,25,1,no,1,"besf, CV 25, 2025-7-3, Vial 1",bark beetles,Coleoptera,1,Curculionidae,,Scolytinae,,,,,,,,,
besf,medium,2025-07-03,clear vane,25,1,no,1,"besf, CV 25, 2025-7-3, Vial 1",bark beetles,Coleoptera,1,Curculionidae,,Scolytinae,,,,,,,,,
,,,,,,,,,,,,,,,,,,,,,,,
besf,unburned,2025-07-03,clear vane,31,1,no,1,"besf, CV 31, 2025-7-3, Vial 1",lady beetle larva,Coleoptera,1,Coccinellidae,Juvenile,,,,,,,,,,
besf,unburned,2025-07-03,clear vane,31,1,no,1,"besf, CV 31, 2025-7-3, Vial 1",tan scarab,Coleoptera,1,Scarabaeidae,,,,,,,,,,,
besf,unburned,2025-07-03,clear vane,31,1,no,1,"besf, CV 31, 2025-7-3, Vial 1",dark lampyrids with no visible light organs (2 total),Coleoptera,1,Lampyridae,,,,,,,,,,,
besf,unburned,2025-07-03,clear vane,31,1,no,1,"besf, CV 31, 2025-7-3, Vial 1",dark lampyrids with no visible light organs (2 total),Coleoptera,1,Lampyridae,,,,,,,,,,,
besf,unburned,2025-07-03,clear vane,31,1,no,1,"besf, CV 31, 2025-7-3, Vial 1",eucnemid,Coleoptera,1,Eucnemidae,,,,,,,,,,,
besf,unburned,2025-07-03,clear vane,31,1,no,1,"besf, CV 31, 2025-7-3, Vial 1",pale lady beetle,Coleoptera,1,Coccinellidae,,,,,,,,,,,
besf,unburned,2025-07-03,clear vane,31,1,no,1,"besf, CV 31, 2025-7-3, Vial 1",tan tenebrionid,Coleoptera,1,Tenebrionidae,,,,,,,,,,,
besf,unburned,2025-07-03,clear vane,31,1,no,1,"besf, CV 31, 2025-7-3, Vial 1","black scarab, maybe genus Calamosternus",Coleoptera,1,Scarabaeidae,,,,,,,,,,,
besf,unburned,2025-07-03,clear vane,31,1,no,1,"besf, CV 31, 2025-7-3, Vial 1",brown elaterids (2 total),Coleoptera,1,Elateridae,,,,,,,,,,,
besf,unburned,2025-07-03,clear vane,31,1,no,1,"besf, CV 31, 2025-7-3, Vial 1",brown elaterids (2 total),Coleoptera,1,Elateridae,,,,,,,,,,,
besf,unburned,2025-07-03,clear vane,31,1,no,1,"besf, CV 31, 2025-7-3, Vial 1","shiny green beetle, maybe Arthromacra aenea, in females the last antennomere is twice as long as the penultimate antennomere",Coleoptera,1,Tenebrionidae,,,,,,,,,,,
besf,unburned,2025-07-03,clear vane,31,1,no,1,"besf, CV 31, 2025-7-3, Vial 1",mordellids (2 total),Coleoptera,1,Mordellidae,,,,,,,,,,,
besf,unburned,2025-07-03,clear vane,31,1,no,1,"besf, CV 31, 2025-7-3, Vial 1",mordellids (2 total),Coleoptera,1,Mordellidae,,,,,,,,,,,
besf,unburned,2025-07-03,clear vane,31,1,no,1,"besf, CV 31, 2025-7-3, Vial 1",staphylinids (3 total),Coleoptera,1,Staphylinidae,,,,,,,,,,,
besf,unburned,2025-07-03,clear vane,31,1,no,1,"besf, CV 31, 2025-7-3, Vial 1",staphylinids (3 total),Coleoptera,1,Staphylinidae,,,,,,,,,,,
besf,unburned,2025-07-03,clear vane,31,1,no,1,"besf, CV 31, 2025-7-3, Vial 1",staphylinids (3 total),Coleoptera,1,Staphylinidae,,,,,,,,,,,
besf,unburned,2025-07-03,clear vane,31,1,no,1,"besf, CV 31, 2025-7-3, Vial 1",Agathidiini beetle,Coleoptera,1,Leiodidae,,Agathidiini,,,,,,,,,
besf,unburned,2025-07-03,clear vane,31,1,no,1,"besf, CV 31, 2025-7-3, Vial 1",small ptinid,Coleoptera,1,Ptinidae,,,,,,,,,,,
besf,unburned,2025-07-03,clear vane,31,1,no,1,"besf, CV 31, 2025-7-3, Vial 1",anthribid,Coleoptera,1,Anthribidae,,,,,,,,,,,
besf,unburned,2025-07-03,clear vane,31,1,no,1,"besf, CV 31, 2025-7-3, Vial 1","Aderid, probably genus Syzeton (ID'd by 4 ventrites, apparently 4-4-3, constriction behind neck and pronotum narrow)",Coleoptera,1,Aderidae,,,,,,,,,,,
besf,unburned,2025-07-03,clear vane,31,1,no,1,"besf, CV 31, 2025-7-3, Vial 1",dark aderids (2 total),Coleoptera,1,Aderidae,,,,,,,,,,,
besf,unburned,2025-07-03,clear vane,31,1,no,1,"besf, CV 31, 2025-7-3, Vial 1",dark aderids (2 total),Coleoptera,1,Aderidae,,,,,,,,,,,
besf,unburned,2025-07-03,clear vane,31,1,no,1,"besf, CV 31, 2025-7-3, Vial 1",black weevil,Coleoptera,1,Curculionidae,,,,,,,,,,,
besf,unburned,2025-07-03,clear vane,31,1,no,1,"besf, CV 31, 2025-7-3, Vial 1",bark beetles (4 total),Coleoptera,1,Curculionidae,,Scolytinae,,,,,,,,,
besf,unburned,2025-07-03,clear vane,31,1,no,1,"besf, CV 31, 2025-7-3, Vial 1",bark beetles (4 total),Coleoptera,1,Curculionidae,,Scolytinae,,,,,,,,,
besf,unburned,2025-07-03,clear vane,31,1,no,1,"besf, CV 31, 2025-7-3, Vial 1",bark beetles (4 total),Coleoptera,1,Curculionidae,,Scolytinae,,,,,,,,,
besf,unburned,2025-07-03,clear vane,31,1,no,1,"besf, CV 31, 2025-7-3, Vial 1",bark beetles (4 total),Coleoptera,1,Curculionidae,,Scolytinae,,,,,,,,,
,,,,,,,,,,,,,,,,,,,,,,,
msf,recent,2025-07-09,clear vane,37,1,no,1,"msf, CV 37, 2025-7-9, Vial 1","firefly, light organ visible",Coleoptera,1,Lampyridae,,,,,,,,,,,
msf,recent,2025-07-09,clear vane,37,1,no,1,"msf, CV 37, 2025-7-9, Vial 1",elaterids (19 total),Coleoptera,1,Elateridae,,,,,,,,,,,
msf,recent,2025-07-09,clear vane,37,1,no,1,"msf, CV 37, 2025-7-9, Vial 1",elaterids (19 total),Coleoptera,1,Elateridae,,,,,,,,,,,
msf,recent,2025-07-09,clear vane,37,1,no,1,"msf, CV 37, 2025-7-9, Vial 1",elaterids (19 total),Coleoptera,1,Elateridae,,,,,,,,,,,
msf,recent,2025-07-09,clear vane,37,1,no,1,"msf, CV 37, 2025-7-9, Vial 1",elaterids (19 total),Coleoptera,1,Elateridae,,,,,,,,,,,
msf,recent,2025-07-09,clear vane,37,1,no,1,"msf, CV 37, 2025-7-9, Vial 1",elaterids (19 total),Coleoptera,1,Elateridae,,,,,,,,,,,
msf,recent,2025-07-09,clear vane,37,1,no,1,"msf, CV 37, 2025-7-9, Vial 1",elaterids (19 total),Coleoptera,1,Elateridae,,,,,,,,,,,
msf,recent,2025-07-09,clear vane,37,1,no,1,"msf, CV 37, 2025-7-9, Vial 1",elaterids (19 total),Coleoptera,1,Elateridae,,,,,,,,,,,
msf,recent,2025-07-09,clear vane,37,1,no,1,"msf, CV 37, 2025-7-9, Vial 1",elaterids (19 total),Coleoptera,1,Elateridae,,,,,,,,,,,
msf,recent,2025-07-09,clear vane,37,1,no,1,"msf, CV 37, 2025-7-9, Vial 1",elaterids (19 total),Coleoptera,1,Elateridae,,,,,,,,,,,
msf,recent,2025-07-09,clear vane,37,1,no,1,"msf, CV 37, 2025-7-9, Vial 1",elaterids (19 total),Coleoptera,1,Elateridae,,,,,,,,,,,
msf,recent,2025-07-09,clear vane,37,1,no,1,"msf, CV 37, 2025-7-9, Vial 1",elaterids (19 total),Coleoptera,1,Elateridae,,,,,,,,,,,
msf,recent,2025-07-09,clear vane,37,1,no,1,"msf, CV 37, 2025-7-9, Vial 1",elaterids (19 total),Coleoptera,1,Elateridae,,,,,,,,,,,
msf,recent,2025-07-09,clear vane,37,1,no,1,"msf, CV 37, 2025-7-9, Vial 1",elaterids (19 total),Coleoptera,1,Elateridae,,,,,,,,,,,
msf,recent,2025-07-09,clear vane,37,1,no,1,"msf, CV 37, 2025-7-9, Vial 1",elaterids (19 total),Coleoptera,1,Elateridae,,,,,,,,,,,
msf,recent,2025-07-09,clear vane,37,1,no,1,"msf, CV 37, 2025-7-9, Vial 1",elaterids (19 total),Coleoptera,1,Elateridae,,,,,,,,,,,
msf,recent,2025-07-09,clear vane,37,1,no,1,"msf, CV 37, 2025-7-9, Vial 1",elaterids (19 total),Coleoptera,1,Elateridae,,,,,,,,,,,
msf,recent,2025-07-09,clear vane,37,1,no,1,"msf, CV 37, 2025-7-9, Vial 1",elaterids (19 total),Coleoptera,1,Elateridae,,,,,,,,,,,
msf,recent,2025-07-09,clear vane,37,1,no,1,"msf, CV 37, 2025-7-9, Vial 1",elaterids (19 total),Coleoptera,1,Elateridae,,,,,,,,,,,
msf,recent,2025-07-09,clear vane,37,1,no,1,"msf, CV 37, 2025-7-9, Vial 1",elaterids (19 total),Coleoptera,1,Elateridae,,,,,,,,,,,
msf,recent,2025-07-09,clear vane,37,1,no,1,"msf, CV 37, 2025-7-9, Vial 1",cerambycids (5 total),Coleoptera,1,Cerambycidae,,,,,,,,,,,
msf,recent,2025-07-09,clear vane,37,1,no,1,"msf, CV 37, 2025-7-9, Vial 1",cerambycids (5 total),Coleoptera,1,Cerambycidae,,,,,,,,,,,
msf,recent,2025-07-09,clear vane,37,1,no,1,"msf, CV 37, 2025-7-9, Vial 1",cerambycids (5 total),Coleoptera,1,Cerambycidae,,,,,,,,,,,
msf,recent,2025-07-09,clear vane,37,1,no,1,"msf, CV 37, 2025-7-9, Vial 1",cerambycids (5 total),Coleoptera,1,Cerambycidae,,,,,,,,,,,
msf,recent,2025-07-09,clear vane,37,1,no,1,"msf, CV 37, 2025-7-9, Vial 1",cerambycids (5 total),Coleoptera,1,Cerambycidae,,,,,,,,,,,
msf,recent,2025-07-09,clear vane,37,1,no,1,"msf, CV 37, 2025-7-9, Vial 1",tan cerambycid,Coleoptera,1,Cerambycidae,,,,,,,,,,,
msf,recent,2025-07-09,clear vane,37,1,no,1,"msf, CV 37, 2025-7-9, Vial 1",tan tenebrionid,Coleoptera,1,Tenebrionidae,,,,,,,,,,,
msf,recent,2025-07-09,clear vane,37,1,no,1,"msf, CV 37, 2025-7-9, Vial 1",maybe Popillia japonica (2 total),Coleoptera,1,Scarabaeidae,,,,,,,,,,,
msf,recent,2025-07-09,clear vane,37,1,no,1,"msf, CV 37, 2025-7-9, Vial 1",maybe Popillia japonica (2 total),Coleoptera,1,Scarabaeidae,,,,,,,,,,,
msf,recent,2025-07-09,clear vane,37,1,no,1,"msf, CV 37, 2025-7-9, Vial 1",burying beetle,Coleoptera,1,Staphylinidae,,Silphinae,,,,,,,,,
msf,recent,2025-07-09,clear vane,37,1,no,1,"msf, CV 37, 2025-7-9, Vial 1",carrion beetle,Coleoptera,1,Staphylinidae,,Silphinae,,,,,,,,,
msf,recent,2025-07-09,clear vane,37,1,no,1,"msf, CV 37, 2025-7-9, Vial 1","black and orange pyrochroid, maybe genus Neopyrochroa",Coleoptera,1,Pyrochroidae,,,,,,,,,,,
msf,recent,2025-07-09,clear vane,37,1,no,1,"msf, CV 37, 2025-7-9, Vial 1",black elaterid,Coleoptera,1,Elateridae,,,,,,,,,,,
msf,recent,2025-07-09,clear vane,37,1,no,1,"msf, CV 37, 2025-7-9, Vial 1",mordellids (3 total),Coleoptera,1,Mordellidae,,,,,,,,,,,
msf,recent,2025-07-09,clear vane,37,1,no,1,"msf, CV 37, 2025-7-9, Vial 1",mordellids (3 total),Coleoptera,1,Mordellidae,,,,,,,,,,,
msf,recent,2025-07-09,clear vane,37,1,no,1,"msf, CV 37, 2025-7-9, Vial 1",mordellids (3 total),Coleoptera,1,Mordellidae,,,,,,,,,,,
msf,recent,2025-07-09,clear vane,37,1,no,1,"msf, CV 37, 2025-7-9, Vial 1",mordellid,Coleoptera,1,Mordellidae,,,,,,,,,,,
msf,recent,2025-07-09,clear vane,37,1,no,1,"msf, CV 37, 2025-7-9, Vial 1","scraptiids (6 total), look similar to mordellids but ID'd because they have horizontal lines along elytra, head narrows at the base (Mordellids head is broadest at the base), and does not have as significantly raised of a keel on the underside (not classically mordellid shaped, but slightly mordellid shaped)",Coleoptera,1,Scraptiidae,,,,,,,,,,,
msf,recent,2025-07-09,clear vane,37,1,no,1,"msf, CV 37, 2025-7-9, Vial 1","scraptiids (6 total), look similar to mordellids but ID'd because they have horizontal lines along elytra, head narrows at the base (Mordellids head is broadest at the base), and does not have as significantly raised of a keel on the underside (not classically mordellid shaped, but slightly mordellid shaped)",Coleoptera,1,Scraptiidae,,,,,,,,,,,
msf,recent,2025-07-09,clear vane,37,1,no,1,"msf, CV 37, 2025-7-9, Vial 1","scraptiids (6 total), look similar to mordellids but ID'd because they have horizontal lines along elytra, head narrows at the base (Mordellids head is broadest at the base), and does not have as significantly raised of a keel on the underside (not classically mordellid shaped, but slightly mordellid shaped)",Coleoptera,1,Scraptiidae,,,,,,,,,,,
msf,recent,2025-07-09,clear vane,37,1,no,1,"msf, CV 37, 2025-7-9, Vial 1","scraptiids (6 total), look similar to mordellids but ID'd because they have horizontal lines along elytra, head narrows at the base (Mordellids head is broadest at the base), and does not have as significantly raised of a keel on the underside (not classically mordellid shaped, but slightly mordellid shaped)",Coleoptera,1,Scraptiidae,,,,,,,,,,,
msf,recent,2025-07-09,clear vane,37,1,no,1,"msf, CV 37, 2025-7-9, Vial 1","scraptiids (6 total), look similar to mordellids but ID'd because they have horizontal lines along elytra, head narrows at the base (Mordellids head is broadest at the base), and does not have as significantly raised of a keel on the underside (not classically mordellid shaped, but slightly mordellid shaped)",Coleoptera,1,Scraptiidae,,,,,,,,,,,
msf,recent,2025-07-09,clear vane,37,1,no,1,"msf, CV 37, 2025-7-9, Vial 1","scraptiids (6 total), look similar to mordellids but ID'd because they have horizontal lines along elytra, head narrows at the base (Mordellids head is broadest at the base), and does not have as significantly raised of a keel on the underside (not classically mordellid shaped, but slightly mordellid shaped)",Coleoptera,1,Scraptiidae,,,,,,,,,,,
msf,recent,2025-07-09,clear vane,37,1,no,1,"msf, CV 37, 2025-7-9, Vial 1","stout black weevil, no obvious elbow in antennae, strong club, maybe genus Tyloderma",Coleoptera,1,Curculionidae,,,,,,,,,,,
msf,recent,2025-07-09,clear vane,37,1,no,1,"msf, CV 37, 2025-7-9, Vial 1",black corylophid,Coleoptera,1,Corylophidae,,,,,,,,,,,
msf,recent,2025-07-09,clear vane,37,1,no,1,"msf, CV 37, 2025-7-9, Vial 1","nitidulid that looks a lot like a staphylinid, probs genus Conotelus",Coleoptera,1,Nitidulidae,,,,,,,,,,,
msf,recent,2025-07-09,clear vane,37,1,no,1,"msf, CV 37, 2025-7-9, Vial 1",staphylinids (10 total),Coleoptera,1,Staphylinidae,,,,,,,,,,,
msf,recent,2025-07-09,clear vane,37,1,no,1,"msf, CV 37, 2025-7-9, Vial 1",staphylinids (10 total),Coleoptera,1,Staphylinidae,,,,,,,,,,,
msf,recent,2025-07-09,clear vane,37,1,no,1,"msf, CV 37, 2025-7-9, Vial 1",staphylinids (10 total),Coleoptera,1,Staphylinidae,,,,,,,,,,,
msf,recent,2025-07-09,clear vane,37,1,no,1,"msf, CV 37, 2025-7-9, Vial 1",staphylinids (10 total),Coleoptera,1,Staphylinidae,,,,,,,,,,,
msf,recent,2025-07-09,clear vane,37,1,no,1,"msf, CV 37, 2025-7-9, Vial 1",staphylinids (10 total),Coleoptera,1,Staphylinidae,,,,,,,,,,,
msf,recent,2025-07-09,clear vane,37,1,no,1,"msf, CV 37, 2025-7-9, Vial 1",staphylinids (10 total),Coleoptera,1,Staphylinidae,,,,,,,,,,,
msf,recent,2025-07-09,clear vane,37,1,no,1,"msf, CV 37, 2025-7-9, Vial 1",staphylinids (10 total),Coleoptera,1,Staphylinidae,,,,,,,,,,,
msf,recent,2025-07-09,clear vane,37,1,no,1,"msf, CV 37, 2025-7-9, Vial 1",staphylinids (10 total),Coleoptera,1,Staphylinidae,,,,,,,,,,,
msf,recent,2025-07-09,clear vane,37,1,no,1,"msf, CV 37, 2025-7-9, Vial 1",staphylinids (10 total),Coleoptera,1,Staphylinidae,,,,,,,,,,,
msf,recent,2025-07-09,clear vane,37,1,no,1,"msf, CV 37, 2025-7-9, Vial 1",staphylinids (10 total),Coleoptera,1,Staphylinidae,,,,,,,,,,,
msf,recent,2025-07-09,clear vane,37,1,no,1,"msf, CV 37, 2025-7-9, Vial 1",dermestids (3 total),Coleoptera,1,Dermestidae,,,,,,,,,,,
msf,recent,2025-07-09,clear vane,37,1,no,1,"msf, CV 37, 2025-7-9, Vial 1",dermestids (3 total),Coleoptera,1,Dermestidae,,,,,,,,,,,
msf,recent,2025-07-09,clear vane,37,1,no,1,"msf, CV 37, 2025-7-9, Vial 1",dermestids (3 total),Coleoptera,1,Dermestidae,,,,,,,,,,,
msf,recent,2025-07-09,clear vane,37,1,no,1,"msf, CV 37, 2025-7-9, Vial 1","probs genus Anisotoma. round black and orange leiodid that I thought was a tenebrionid at first, but then I noticed the noticably smaller antennal segment 8",Coleoptera,1,Leiodidae,,,,,,,,,,,
msf,recent,2025-07-09,clear vane,37,1,no,1,"msf, CV 37, 2025-7-9, Vial 1",throscids (3 total),Coleoptera,1,Throscidae,,,,,,,,,,,
msf,recent,2025-07-09,clear vane,37,1,no,1,"msf, CV 37, 2025-7-9, Vial 1",throscids (3 total),Coleoptera,1,Throscidae,,,,,,,,,,,
msf,recent,2025-07-09,clear vane,37,1,no,1,"msf, CV 37, 2025-7-9, Vial 1",throscids (3 total),Coleoptera,1,Throscidae,,,,,,,,,,,
msf,recent,2025-07-09,clear vane,37,1,no,1,"msf, CV 37, 2025-7-9, Vial 1",brown eucnemid,Coleoptera,1,Eucnemidae,,,,,,,,,,,
msf,recent,2025-07-09,clear vane,37,1,no,1,"msf, CV 37, 2025-7-9, Vial 1",brown ptinid,Coleoptera,1,Ptinidae,,,,,,,,,,,
msf,recent,2025-07-09,clear vane,37,1,no,1,"msf, CV 37, 2025-7-9, Vial 1","plain brown/tan beetle, small 8th antennomere, Leiodid",Coleoptera,1,Leiodidae,,,,,,,,,,,
msf,recent,2025-07-09,clear vane,37,1,no,1,"msf, CV 37, 2025-7-9, Vial 1",genus Mycetophagus,Coleoptera,1,Mycetophagidae,,,,,,,,,,,
msf,recent,2025-07-09,clear vane,37,1,no,1,"msf, CV 37, 2025-7-9, Vial 1","tan ptilodactylid maybe genus Ptilodactyla, plain brown beetle (ID'd as ptilodactylid because of the heart shaped scutellum and teeth along posterior margin of pronotum)",Coleoptera,1,Ptilodactylidae,,,,,,,,,,,
msf,recent,2025-07-09,clear vane,37,1,no,1,"msf, CV 37, 2025-7-9, Vial 1",silvanid,Coleoptera,1,Silvanidae,,,,,,,,,,,
msf,recent,2025-07-09,clear vane,37,1,no,1,"msf, CV 37, 2025-7-9, Vial 1","brown cryptophagids, maybe genus Cryptophagus or Caenoscelis (ID'd because of shape, 3 segmented club, setae on elytra, and noticeably larger first ventrite) (2 total)",Coleoptera,1,Cryptophagidae,,,,,,,,,,,
msf,recent,2025-07-09,clear vane,37,1,no,1,"msf, CV 37, 2025-7-9, Vial 1","brown cryptophagids, maybe genus Cryptophagus or Caenoscelis (ID'd because of shape, 3 segmented club, setae on elytra, and noticeably larger first ventrite) (2 total)",Coleoptera,1,Cryptophagidae,,,,,,,,,,,
msf,recent,2025-07-09,clear vane,37,1,no,1,"msf, CV 37, 2025-7-9, Vial 1","No. It's a nitidulid. brown kateretid with many exposed elytra, slightly loose 3-segmented club, and a narrow separation between hind coxae. Not incredibly convinced that it is definitely a kateretid, but I do not believe it is a nitidulid",Coleoptera,1,Nitidulidae,,,,,,,,,,,
msf,recent,2025-07-09,clear vane,37,1,no,1,"msf, CV 37, 2025-7-9, Vial 1",black nitidulid,Coleoptera,1,Nitidulidae,,,,,,,,,,,
msf,recent,2025-07-09,clear vane,37,1,no,1,"msf, CV 37, 2025-7-9, Vial 1","tan scraptiid lacking horizontal elytra lines, maybe genus Scraptia",Coleoptera,1,Scraptiidae,,,,,,,,,,,
msf,recent,2025-07-09,clear vane,37,1,no,1,"msf, CV 37, 2025-7-9, Vial 1",dark brown scirtids (2 total),Coleoptera,1,Scirtidae,,,,,,,,,,,
msf,recent,2025-07-09,clear vane,37,1,no,1,"msf, CV 37, 2025-7-9, Vial 1",dark brown scirtids (2 total),Coleoptera,1,Scirtidae,,,,,,,,,,,
msf,recent,2025-07-09,clear vane,37,1,no,1,"msf, CV 37, 2025-7-9, Vial 1",bark beetles (15 total),Coleoptera,1,Curculionidae,,Scolytinae,,,,,,,,,
msf,recent,2025-07-09,clear vane,37,1,no,1,"msf, CV 37, 2025-7-9, Vial 1",bark beetles (15 total),Coleoptera,1,Curculionidae,,Scolytinae,,,,,,,,,
msf,recent,2025-07-09,clear vane,37,1,no,1,"msf, CV 37, 2025-7-9, Vial 1",bark beetles (15 total),Coleoptera,1,Curculionidae,,Scolytinae,,,,,,,,,
msf,recent,2025-07-09,clear vane,37,1,no,1,"msf, CV 37, 2025-7-9, Vial 1",bark beetles (15 total),Coleoptera,1,Curculionidae,,Scolytinae,,,,,,,,,
msf,recent,2025-07-09,clear vane,37,1,no,1,"msf, CV 37, 2025-7-9, Vial 1",bark beetles (15 total),Coleoptera,1,Curculionidae,,Scolytinae,,,,,,,,,
msf,recent,2025-07-09,clear vane,37,1,no,1,"msf, CV 37, 2025-7-9, Vial 1",bark beetles (15 total),Coleoptera,1,Curculionidae,,Scolytinae,,,,,,,,,
msf,recent,2025-07-09,clear vane,37,1,no,1,"msf, CV 37, 2025-7-9, Vial 1",bark beetles (15 total),Coleoptera,1,Curculionidae,,Scolytinae,,,,,,,,,
msf,recent,2025-07-09,clear vane,37,1,no,1,"msf, CV 37, 2025-7-9, Vial 1",bark beetles (15 total),Coleoptera,1,Curculionidae,,Scolytinae,,,,,,,,,
msf,recent,2025-07-09,clear vane,37,1,no,1,"msf, CV 37, 2025-7-9, Vial 1",bark beetles (15 total),Coleoptera,1,Curculionidae,,Scolytinae,,,,,,,,,
msf,recent,2025-07-09,clear vane,37,1,no,1,"msf, CV 37, 2025-7-9, Vial 1",bark beetles (15 total),Coleoptera,1,Curculionidae,,Scolytinae,,,,,,,,,
msf,recent,2025-07-09,clear vane,37,1,no,1,"msf, CV 37, 2025-7-9, Vial 1",bark beetles (15 total),Coleoptera,1,Curculionidae,,Scolytinae,,,,,,,,,
msf,recent,2025-07-09,clear vane,37,1,no,1,"msf, CV 37, 2025-7-9, Vial 1",bark beetles (15 total),Coleoptera,1,Curculionidae,,Scolytinae,,,,,,,,,
msf,recent,2025-07-09,clear vane,37,1,no,1,"msf, CV 37, 2025-7-9, Vial 1",bark beetles (15 total),Coleoptera,1,Curculionidae,,Scolytinae,,,,,,,,,
msf,recent,2025-07-09,clear vane,37,1,no,1,"msf, CV 37, 2025-7-9, Vial 1",bark beetles (15 total),Coleoptera,1,Curculionidae,,Scolytinae,,,,,,,,,
msf,recent,2025-07-09,clear vane,37,1,no,1,"msf, CV 37, 2025-7-9, Vial 1",bark beetles (15 total),Coleoptera,1,Curculionidae,,Scolytinae,,,,,,,,,
,,,,,,,,,,,,,,,,,,,,,,,
msf,medium,2025-07-09,clear vane,43,1,no,1,"msf, CV 43, 2025-7-9, Vial 1","short elytra cantharid, maybe genus Malthodes (17 total)",Coleoptera,1,Cantharidae,,,,,,,,,,,
msf,medium,2025-07-09,clear vane,43,1,no,1,"msf, CV 43, 2025-7-9, Vial 1","short elytra cantharid, maybe genus Malthodes (17 total)",Coleoptera,1,Cantharidae,,,,,,,,,,,
msf,medium,2025-07-09,clear vane,43,1,no,1,"msf, CV 43, 2025-7-9, Vial 1","short elytra cantharid, maybe genus Malthodes (17 total)",Coleoptera,1,Cantharidae,,,,,,,,,,,
msf,medium,2025-07-09,clear vane,43,1,no,1,"msf, CV 43, 2025-7-9, Vial 1","short elytra cantharid, maybe genus Malthodes (17 total)",Coleoptera,1,Cantharidae,,,,,,,,,,,
msf,medium,2025-07-09,clear vane,43,1,no,1,"msf, CV 43, 2025-7-9, Vial 1","short elytra cantharid, maybe genus Malthodes (17 total)",Coleoptera,1,Cantharidae,,,,,,,,,,,
msf,medium,2025-07-09,clear vane,43,1,no,1,"msf, CV 43, 2025-7-9, Vial 1","short elytra cantharid, maybe genus Malthodes (17 total)",Coleoptera,1,Cantharidae,,,,,,,,,,,
msf,medium,2025-07-09,clear vane,43,1,no,1,"msf, CV 43, 2025-7-9, Vial 1","short elytra cantharid, maybe genus Malthodes (17 total)",Coleoptera,1,Cantharidae,,,,,,,,,,,
msf,medium,2025-07-09,clear vane,43,1,no,1,"msf, CV 43, 2025-7-9, Vial 1","short elytra cantharid, maybe genus Malthodes (17 total)",Coleoptera,1,Cantharidae,,,,,,,,,,,
msf,medium,2025-07-09,clear vane,43,1,no,1,"msf, CV 43, 2025-7-9, Vial 1","short elytra cantharid, maybe genus Malthodes (17 total)",Coleoptera,1,Cantharidae,,,,,,,,,,,
msf,medium,2025-07-09,clear vane,43,1,no,1,"msf, CV 43, 2025-7-9, Vial 1","short elytra cantharid, maybe genus Malthodes (17 total)",Coleoptera,1,Cantharidae,,,,,,,,,,,
msf,medium,2025-07-09,clear vane,43,1,no,1,"msf, CV 43, 2025-7-9, Vial 1","short elytra cantharid, maybe genus Malthodes (17 total)",Coleoptera,1,Cantharidae,,,,,,,,,,,
msf,medium,2025-07-09,clear vane,43,1,no,1,"msf, CV 43, 2025-7-9, Vial 1","short elytra cantharid, maybe genus Malthodes (17 total)",Coleoptera,1,Cantharidae,,,,,,,,,,,
msf,medium,2025-07-09,clear vane,43,1,no,1,"msf, CV 43, 2025-7-9, Vial 1","short elytra cantharid, maybe genus Malthodes (17 total)",Coleoptera,1,Cantharidae,,,,,,,,,,,
msf,medium,2025-07-09,clear vane,43,1,no,1,"msf, CV 43, 2025-7-9, Vial 1","short elytra cantharid, maybe genus Malthodes (17 total)",Coleoptera,1,Cantharidae,,,,,,,,,,,
msf,medium,2025-07-09,clear vane,43,1,no,1,"msf, CV 43, 2025-7-9, Vial 1","short elytra cantharid, maybe genus Malthodes (17 total)",Coleoptera,1,Cantharidae,,,,,,,,,,,
msf,medium,2025-07-09,clear vane,43,1,no,1,"msf, CV 43, 2025-7-9, Vial 1","short elytra cantharid, maybe genus Malthodes (17 total)",Coleoptera,1,Cantharidae,,,,,,,,,,,
msf,medium,2025-07-09,clear vane,43,1,no,1,"msf, CV 43, 2025-7-9, Vial 1","short elytra cantharid, maybe genus Malthodes (17 total)",Coleoptera,1,Cantharidae,,,,,,,,,,,
msf,medium,2025-07-09,clear vane,43,1,no,1,"msf, CV 43, 2025-7-9, Vial 1",pyrochroid (3 total),Coleoptera,1,Pyrochroidae,,,,,,,,,,,
msf,medium,2025-07-09,clear vane,43,1,no,1,"msf, CV 43, 2025-7-9, Vial 1",pyrochroid (3 total),Coleoptera,1,Pyrochroidae,,,,,,,,,,,
msf,medium,2025-07-09,clear vane,43,1,no,1,"msf, CV 43, 2025-7-9, Vial 1",pyrochroid (3 total),Coleoptera,1,Pyrochroidae,,,,,,,,,,,
msf,medium,2025-07-09,clear vane,43,1,no,1,"msf, CV 43, 2025-7-9, Vial 1",large elaterids (3 total),Coleoptera,1,Elateridae,,,,,,,,,,,
msf,medium,2025-07-09,clear vane,43,1,no,1,"msf, CV 43, 2025-7-9, Vial 1",large elaterids (3 total),Coleoptera,1,Elateridae,,,,,,,,,,,
msf,medium,2025-07-09,clear vane,43,1,no,1,"msf, CV 43, 2025-7-9, Vial 1",large elaterids (3 total),Coleoptera,1,Elateridae,,,,,,,,,,,
msf,medium,2025-07-09,clear vane,43,1,no,1,"msf, CV 43, 2025-7-9, Vial 1","dark lampyrid, no visible light organ",Coleoptera,1,Lampyridae,,,,,,,,,,,
msf,medium,2025-07-09,clear vane,43,1,no,1,"msf, CV 43, 2025-7-9, Vial 1",cerambycids (3 total),Coleoptera,1,Cerambycidae,,,,,,,,,,,
msf,medium,2025-07-09,clear vane,43,1,no,1,"msf, CV 43, 2025-7-9, Vial 1",cerambycids (3 total),Coleoptera,1,Cerambycidae,,,,,,,,,,,
msf,medium,2025-07-09,clear vane,43,1,no,1,"msf, CV 43, 2025-7-9, Vial 1",cerambycids (3 total),Coleoptera,1,Cerambycidae,,,,,,,,,,,
msf,medium,2025-07-09,clear vane,43,1,no,1,"msf, CV 43, 2025-7-9, Vial 1",dark mordellids (2 total),Coleoptera,1,Mordellidae,,,,,,,,,,,
msf,medium,2025-07-09,clear vane,43,1,no,1,"msf, CV 43, 2025-7-9, Vial 1",dark mordellids (2 total),Coleoptera,1,Mordellidae,,,,,,,,,,,
msf,medium,2025-07-09,clear vane,43,1,no,1,"msf, CV 43, 2025-7-9, Vial 1",black weevil,Coleoptera,1,Curculionidae,,,,,,,,,,,
msf,medium,2025-07-09,clear vane,43,1,no,1,"msf, CV 43, 2025-7-9, Vial 1","grey-green buprestid, maybe genus Chrysobothris",Coleoptera,1,Buprestidae,,,,,,,,,,,
msf,medium,2025-07-09,clear vane,43,1,no,1,"msf, CV 43, 2025-7-9, Vial 1",tan tenebrionid,Coleoptera,1,Tenebrionidae,,,,,,,,,,,
msf,medium,2025-07-09,clear vane,43,1,no,1,"msf, CV 43, 2025-7-9, Vial 1","iridescent black and shiny tenebrionid, slightly rounded. No teeth along the claws",Coleoptera,1,Tenebrionidae,,,,,,,,,,,
msf,medium,2025-07-09,clear vane,43,1,no,1,"msf, CV 43, 2025-7-9, Vial 1",mordellids (2 total),Coleoptera,1,Mordellidae,,,,,,,,,,,
msf,medium,2025-07-09,clear vane,43,1,no,1,"msf, CV 43, 2025-7-9, Vial 1",mordellids (2 total),Coleoptera,1,Mordellidae,,,,,,,,,,,
msf,medium,2025-07-09,clear vane,43,1,no,1,"msf, CV 43, 2025-7-9, Vial 1",black and orange elaterid,Coleoptera,1,Elateridae,,,,,,,,,,,
msf,medium,2025-07-09,clear vane,43,1,no,1,"msf, CV 43, 2025-7-9, Vial 1",tan mordellid,Coleoptera,1,Mordellidae,,,,,,,,,,,
msf,medium,2025-07-09,clear vane,43,1,no,1,"msf, CV 43, 2025-7-9, Vial 1",staphylinids (5 total),Coleoptera,1,Staphylinidae,,,,,,,,,,,
msf,medium,2025-07-09,clear vane,43,1,no,1,"msf, CV 43, 2025-7-9, Vial 1",staphylinids (5 total),Coleoptera,1,Staphylinidae,,,,,,,,,,,
msf,medium,2025-07-09,clear vane,43,1,no,1,"msf, CV 43, 2025-7-9, Vial 1",staphylinids (5 total),Coleoptera,1,Staphylinidae,,,,,,,,,,,
msf,medium,2025-07-09,clear vane,43,1,no,1,"msf, CV 43, 2025-7-9, Vial 1",staphylinids (5 total),Coleoptera,1,Staphylinidae,,,,,,,,,,,
msf,medium,2025-07-09,clear vane,43,1,no,1,"msf, CV 43, 2025-7-9, Vial 1",staphylinids (5 total),Coleoptera,1,Staphylinidae,,,,,,,,,,,
msf,medium,2025-07-09,clear vane,43,1,no,1,"msf, CV 43, 2025-7-9, Vial 1",throscids,Coleoptera,1,Throscidae,,,,,,,,,,,
msf,medium,2025-07-09,clear vane,43,1,no,1,"msf, CV 43, 2025-7-9, Vial 1",ptinid,Coleoptera,1,Ptinidae,,,,,,,,,,,
msf,medium,2025-07-09,clear vane,43,1,no,1,"msf, CV 43, 2025-7-9, Vial 1",beetle larva,Coleoptera,1,Unknown,Juvenile,,,,,,,,,,
msf,medium,2025-07-09,clear vane,43,1,no,1,"msf, CV 43, 2025-7-9, Vial 1",black nitidulids (10 total),Coleoptera,1,Nitidulidae,,,,,,,,,,,
msf,medium,2025-07-09,clear vane,43,1,no,1,"msf, CV 43, 2025-7-9, Vial 1",black nitidulids (10 total),Coleoptera,1,Nitidulidae,,,,,,,,,,,
msf,medium,2025-07-09,clear vane,43,1,no,1,"msf, CV 43, 2025-7-9, Vial 1",black nitidulids (10 total),Coleoptera,1,Nitidulidae,,,,,,,,,,,
msf,medium,2025-07-09,clear vane,43,1,no,1,"msf, CV 43, 2025-7-9, Vial 1",black nitidulids (10 total),Coleoptera,1,Nitidulidae,,,,,,,,,,,
msf,medium,2025-07-09,clear vane,43,1,no,1,"msf, CV 43, 2025-7-9, Vial 1",black nitidulids (10 total),Coleoptera,1,Nitidulidae,,,,,,,,,,,
msf,medium,2025-07-09,clear vane,43,1,no,1,"msf, CV 43, 2025-7-9, Vial 1",black nitidulids (10 total),Coleoptera,1,Nitidulidae,,,,,,,,,,,
msf,medium,2025-07-09,clear vane,43,1,no,1,"msf, CV 43, 2025-7-9, Vial 1",black nitidulids (10 total),Coleoptera,1,Nitidulidae,,,,,,,,,,,
msf,medium,2025-07-09,clear vane,43,1,no,1,"msf, CV 43, 2025-7-9, Vial 1",black nitidulids (10 total),Coleoptera,1,Nitidulidae,,,,,,,,,,,
msf,medium,2025-07-09,clear vane,43,1,no,1,"msf, CV 43, 2025-7-9, Vial 1",black nitidulids (10 total),Coleoptera,1,Nitidulidae,,,,,,,,,,,
msf,medium,2025-07-09,clear vane,43,1,no,1,"msf, CV 43, 2025-7-9, Vial 1",black nitidulids (10 total),Coleoptera,1,Nitidulidae,,,,,,,,,,,
msf,medium,2025-07-09,clear vane,43,1,no,1,"msf, CV 43, 2025-7-9, Vial 1","No, it's a Nitidulid. brown kateretid with the narrow metacoxal separation and very short elytra that you also found in CV37",Coleoptera,1,Nitidulidae,,,,,,,,,,,
msf,medium,2025-07-09,clear vane,43,1,no,1,"msf, CV 43, 2025-7-9, Vial 1",genus Mycetophagus,Coleoptera,1,Mycetophagidae,,,,,,,,,,,
msf,medium,2025-07-09,clear vane,43,1,no,1,"msf, CV 43, 2025-7-9, Vial 1",laemophloeid,Coleoptera,1,Laemophloeidae,,,,,,,,,,,
msf,medium,2025-07-09,clear vane,43,1,no,1,"msf, CV 43, 2025-7-9, Vial 1",brown cryptophagid,Coleoptera,1,Cryptophagidae,,,,,,,,,,,
msf,medium,2025-07-09,clear vane,43,1,no,1,"msf, CV 43, 2025-7-9, Vial 1",small tan cryptophagidae,Coleoptera,1,Cryptophagidae,,,,,,,,,,,
msf,medium,2025-07-09,clear vane,43,1,no,1,"msf, CV 43, 2025-7-9, Vial 1","tetratomid, maybe genus Hallomenus (ID'd from Scraptiidae because of the rounded back of the head, the more boxy antennal segments, and the prosternal process that clearly separates the procoxase)",Coleoptera,1,Tetratomidae,,,,,,,,,,,
msf,medium,2025-07-09,clear vane,43,1,no,1,"msf, CV 43, 2025-7-9, Vial 1","scraptiids (9 total) (ID'd by steep end of head, horizontal lines on elytra, and mordellid-esque appearance but without the keel and head not ending so broadly)",Coleoptera,1,Scraptiidae,,,,,,,,,,,
msf,medium,2025-07-09,clear vane,43,1,no,1,"msf, CV 43, 2025-7-9, Vial 1",bark beetles (11 total),Coleoptera,1,Curculionidae,,Scolytinae,,,,,,,,,
msf,medium,2025-07-09,clear vane,43,1,no,1,"msf, CV 43, 2025-7-9, Vial 1",bark beetles (11 total),Coleoptera,1,Curculionidae,,Scolytinae,,,,,,,,,
msf,medium,2025-07-09,clear vane,43,1,no,1,"msf, CV 43, 2025-7-9, Vial 1",bark beetles (11 total),Coleoptera,1,Curculionidae,,Scolytinae,,,,,,,,,
msf,medium,2025-07-09,clear vane,43,1,no,1,"msf, CV 43, 2025-7-9, Vial 1",bark beetles (11 total),Coleoptera,1,Curculionidae,,Scolytinae,,,,,,,,,
msf,medium,2025-07-09,clear vane,43,1,no,1,"msf, CV 43, 2025-7-9, Vial 1",bark beetles (11 total),Coleoptera,1,Curculionidae,,Scolytinae,,,,,,,,,
msf,medium,2025-07-09,clear vane,43,1,no,1,"msf, CV 43, 2025-7-9, Vial 1",bark beetles (11 total),Coleoptera,1,Curculionidae,,Scolytinae,,,,,,,,,
msf,medium,2025-07-09,clear vane,43,1,no,1,"msf, CV 43, 2025-7-9, Vial 1",bark beetles (11 total),Coleoptera,1,Curculionidae,,Scolytinae,,,,,,,,,
msf,medium,2025-07-09,clear vane,43,1,no,1,"msf, CV 43, 2025-7-9, Vial 1",bark beetles (11 total),Coleoptera,1,Curculionidae,,Scolytinae,,,,,,,,,
msf,medium,2025-07-09,clear vane,43,1,no,1,"msf, CV 43, 2025-7-9, Vial 1",bark beetles (11 total),Coleoptera,1,Curculionidae,,Scolytinae,,,,,,,,,
msf,medium,2025-07-09,clear vane,43,1,no,1,"msf, CV 43, 2025-7-9, Vial 1",bark beetles (11 total),Coleoptera,1,Curculionidae,,Scolytinae,,,,,,,,,
msf,medium,2025-07-09,clear vane,43,1,no,1,"msf, CV 43, 2025-7-9, Vial 1",bark beetles (11 total),Coleoptera,1,Curculionidae,,Scolytinae,,,,,,,,,
,,,,,,,,,,,,,,,,,,,,,,,
msf,unburned,2025-07-09,clear vane,49,1,no,1,"msf, CV 49, 2025-7-9, Vial 1","large pyrochroids (2 total), maybe Neopyrochroa flabellata",Coleoptera,1,Pyrochroidae,,,,,,,,,,,
msf,unburned,2025-07-09,clear vane,49,1,no,1,"msf, CV 49, 2025-7-9, Vial 1","large pyrochroids (2 total), maybe Neopyrochroa flabellata",Coleoptera,1,Pyrochroidae,,,,,,,,,,,
msf,unburned,2025-07-09,clear vane,49,1,no,1,"msf, CV 49, 2025-7-9, Vial 1","smaller pyrochroid with pectinate antennae with longer lobes, maybe Neopyrochroa femoralis",Coleoptera,1,Pyrochroidae,,,,,,,,,,,
msf,unburned,2025-07-09,clear vane,49,1,no,1,"msf, CV 49, 2025-7-9, Vial 1","carrion beetles, probs Necrophila americana (3 total)",Coleoptera,1,Staphylinidae,,Silphinae,,,,,,,,,
msf,unburned,2025-07-09,clear vane,49,1,no,1,"msf, CV 49, 2025-7-9, Vial 1","carrion beetles, probs Necrophila americana (3 total)",Coleoptera,1,Staphylinidae,,Silphinae,,,,,,,,,
msf,unburned,2025-07-09,clear vane,49,1,no,1,"msf, CV 49, 2025-7-9, Vial 1","carrion beetles, probs Necrophila americana (3 total)",Coleoptera,1,Staphylinidae,,Silphinae,,,,,,,,,
msf,unburned,2025-07-09,clear vane,49,1,no,1,"msf, CV 49, 2025-7-9, Vial 1",brown elaterids (3 total),Coleoptera,1,Elateridae,,,,,,,,,,,
msf,unburned,2025-07-09,clear vane,49,1,no,1,"msf, CV 49, 2025-7-9, Vial 1",brown elaterids (3 total),Coleoptera,1,Elateridae,,,,,,,,,,,
msf,unburned,2025-07-09,clear vane,49,1,no,1,"msf, CV 49, 2025-7-9, Vial 1",brown elaterids (3 total),Coleoptera,1,Elateridae,,,,,,,,,,,
msf,unburned,2025-07-09,clear vane,49,1,no,1,"msf, CV 49, 2025-7-9, Vial 1",orange and black cerambycid,Coleoptera,1,Cerambycidae,,,,,,,,,,,
msf,unburned,2025-07-09,clear vane,49,1,no,1,"msf, CV 49, 2025-7-9, Vial 1",brown and black carabid,Coleoptera,1,Carabidae,,,,,,,,,,,
msf,unburned,2025-07-09,clear vane,49,1,no,1,"msf, CV 49, 2025-7-9, Vial 1",dark eucnemid,Coleoptera,1,Eucnemidae,,,,,,,,,,,
msf,unburned,2025-07-09,clear vane,49,1,no,1,"msf, CV 49, 2025-7-9, Vial 1",black clerids with tan markings (9 total),Coleoptera,1,Cleridae,,,,,,,,,,,
msf,unburned,2025-07-09,clear vane,49,1,no,1,"msf, CV 49, 2025-7-9, Vial 1",black clerids with tan markings (9 total),Coleoptera,1,Cleridae,,,,,,,,,,,
msf,unburned,2025-07-09,clear vane,49,1,no,1,"msf, CV 49, 2025-7-9, Vial 1",black clerids with tan markings (9 total),Coleoptera,1,Cleridae,,,,,,,,,,,
msf,unburned,2025-07-09,clear vane,49,1,no,1,"msf, CV 49, 2025-7-9, Vial 1",black clerids with tan markings (9 total),Coleoptera,1,Cleridae,,,,,,,,,,,
msf,unburned,2025-07-09,clear vane,49,1,no,1,"msf, CV 49, 2025-7-9, Vial 1",black clerids with tan markings (9 total),Coleoptera,1,Cleridae,,,,,,,,,,,
msf,unburned,2025-07-09,clear vane,49,1,no,1,"msf, CV 49, 2025-7-9, Vial 1",black clerids with tan markings (9 total),Coleoptera,1,Cleridae,,,,,,,,,,,
msf,unburned,2025-07-09,clear vane,49,1,no,1,"msf, CV 49, 2025-7-9, Vial 1",black clerids with tan markings (9 total),Coleoptera,1,Cleridae,,,,,,,,,,,
msf,unburned,2025-07-09,clear vane,49,1,no,1,"msf, CV 49, 2025-7-9, Vial 1",black clerids with tan markings (9 total),Coleoptera,1,Cleridae,,,,,,,,,,,
msf,unburned,2025-07-09,clear vane,49,1,no,1,"msf, CV 49, 2025-7-9, Vial 1",black clerids with tan markings (9 total),Coleoptera,1,Cleridae,,,,,,,,,,,
msf,unburned,2025-07-09,clear vane,49,1,no,1,"msf, CV 49, 2025-7-9, Vial 1",eucnemids (3 total),Coleoptera,1,Eucnemidae,,,,,,,,,,,
msf,unburned,2025-07-09,clear vane,49,1,no,1,"msf, CV 49, 2025-7-9, Vial 1",eucnemids (3 total),Coleoptera,1,Eucnemidae,,,,,,,,,,,
msf,unburned,2025-07-09,clear vane,49,1,no,1,"msf, CV 49, 2025-7-9, Vial 1",eucnemids (3 total),Coleoptera,1,Eucnemidae,,,,,,,,,,,
msf,unburned,2025-07-09,clear vane,49,1,no,1,"msf, CV 49, 2025-7-9, Vial 1",dermestids (7 total),Coleoptera,1,Dermestidae,,,,,,,,,,,
msf,unburned,2025-07-09,clear vane,49,1,no,1,"msf, CV 49, 2025-7-9, Vial 1",dermestids (7 total),Coleoptera,1,Dermestidae,,,,,,,,,,,
msf,unburned,2025-07-09,clear vane,49,1,no,1,"msf, CV 49, 2025-7-9, Vial 1",dermestids (7 total),Coleoptera,1,Dermestidae,,,,,,,,,,,
msf,unburned,2025-07-09,clear vane,49,1,no,1,"msf, CV 49, 2025-7-9, Vial 1",dermestids (7 total),Coleoptera,1,Dermestidae,,,,,,,,,,,
msf,unburned,2025-07-09,clear vane,49,1,no,1,"msf, CV 49, 2025-7-9, Vial 1",dermestids (7 total),Coleoptera,1,Dermestidae,,,,,,,,,,,
msf,unburned,2025-07-09,clear vane,49,1,no,1,"msf, CV 49, 2025-7-9, Vial 1",dermestids (7 total),Coleoptera,1,Dermestidae,,,,,,,,,,,
msf,unburned,2025-07-09,clear vane,49,1,no,1,"msf, CV 49, 2025-7-9, Vial 1",dermestids (7 total),Coleoptera,1,Dermestidae,,,,,,,,,,,
msf,unburned,2025-07-09,clear vane,49,1,no,1,"msf, CV 49, 2025-7-9, Vial 1",staphylinids (7 total),Coleoptera,1,Staphylinidae,,,,,,,,,,,
msf,unburned,2025-07-09,clear vane,49,1,no,1,"msf, CV 49, 2025-7-9, Vial 1",staphylinids (7 total),Coleoptera,1,Staphylinidae,,,,,,,,,,,
msf,unburned,2025-07-09,clear vane,49,1,no,1,"msf, CV 49, 2025-7-9, Vial 1",staphylinids (7 total),Coleoptera,1,Staphylinidae,,,,,,,,,,,
msf,unburned,2025-07-09,clear vane,49,1,no,1,"msf, CV 49, 2025-7-9, Vial 1",staphylinids (7 total),Coleoptera,1,Staphylinidae,,,,,,,,,,,
msf,unburned,2025-07-09,clear vane,49,1,no,1,"msf, CV 49, 2025-7-9, Vial 1",staphylinids (7 total),Coleoptera,1,Staphylinidae,,,,,,,,,,,
msf,unburned,2025-07-09,clear vane,49,1,no,1,"msf, CV 49, 2025-7-9, Vial 1",staphylinids (7 total),Coleoptera,1,Staphylinidae,,,,,,,,,,,
msf,unburned,2025-07-09,clear vane,49,1,no,1,"msf, CV 49, 2025-7-9, Vial 1",staphylinids (7 total),Coleoptera,1,Staphylinidae,,,,,,,,,,,
msf,unburned,2025-07-09,clear vane,49,1,no,1,"msf, CV 49, 2025-7-9, Vial 1",tribe Euplectini,Coleoptera,1,Staphylinidae,,,,,,,,,,,
msf,unburned,2025-07-09,clear vane,49,1,no,1,"msf, CV 49, 2025-7-9, Vial 1",Pselaphinae beetle,Coleoptera,1,Staphylinidae,,Pselaphinae,,,,,,,,,
msf,unburned,2025-07-09,clear vane,49,1,no,1,"msf, CV 49, 2025-7-9, Vial 1",mordellids (3 total),Coleoptera,1,Mordellidae,,,,,,,,,,,
msf,unburned,2025-07-09,clear vane,49,1,no,1,"msf, CV 49, 2025-7-9, Vial 1",mordellids (3 total),Coleoptera,1,Mordellidae,,,,,,,,,,,
msf,unburned,2025-07-09,clear vane,49,1,no,1,"msf, CV 49, 2025-7-9, Vial 1",mordellids (3 total),Coleoptera,1,Mordellidae,,,,,,,,,,,
msf,unburned,2025-07-09,clear vane,49,1,no,1,"msf, CV 49, 2025-7-9, Vial 1",brown ptinid,Coleoptera,1,Ptinidae,,,,,,,,,,,
msf,unburned,2025-07-09,clear vane,49,1,no,1,"msf, CV 49, 2025-7-9, Vial 1",scraptiids (9 total),Coleoptera,1,Scraptiidae,,,,,,,,,,,
msf,unburned,2025-07-09,clear vane,49,1,no,1,"msf, CV 49, 2025-7-9, Vial 1",scraptiids (9 total),Coleoptera,1,Scraptiidae,,,,,,,,,,,
msf,unburned,2025-07-09,clear vane,49,1,no,1,"msf, CV 49, 2025-7-9, Vial 1",scraptiids (9 total),Coleoptera,1,Scraptiidae,,,,,,,,,,,
msf,unburned,2025-07-09,clear vane,49,1,no,1,"msf, CV 49, 2025-7-9, Vial 1",scraptiids (9 total),Coleoptera,1,Scraptiidae,,,,,,,,,,,
msf,unburned,2025-07-09,clear vane,49,1,no,1,"msf, CV 49, 2025-7-9, Vial 1",scraptiids (9 total),Coleoptera,1,Scraptiidae,,,,,,,,,,,
msf,unburned,2025-07-09,clear vane,49,1,no,1,"msf, CV 49, 2025-7-9, Vial 1",scraptiids (9 total),Coleoptera,1,Scraptiidae,,,,,,,,,,,
msf,unburned,2025-07-09,clear vane,49,1,no,1,"msf, CV 49, 2025-7-9, Vial 1",scraptiids (9 total),Coleoptera,1,Scraptiidae,,,,,,,,,,,
msf,unburned,2025-07-09,clear vane,49,1,no,1,"msf, CV 49, 2025-7-9, Vial 1",scraptiids (9 total),Coleoptera,1,Scraptiidae,,,,,,,,,,,
msf,unburned,2025-07-09,clear vane,49,1,no,1,"msf, CV 49, 2025-7-9, Vial 1",scraptiids (9 total),Coleoptera,1,Scraptiidae,,,,,,,,,,,
msf,unburned,2025-07-09,clear vane,49,1,no,1,"msf, CV 49, 2025-7-9, Vial 1","black and tan aderids (3 total), ID'd by the shape, pronotum, and only 4 ventrites",Coleoptera,1,Aderidae,,,,,,,,,,,
msf,unburned,2025-07-09,clear vane,49,1,no,1,"msf, CV 49, 2025-7-9, Vial 1","black and tan aderids (3 total), ID'd by the shape, pronotum, and only 4 ventrites",Coleoptera,1,Aderidae,,,,,,,,,,,
msf,unburned,2025-07-09,clear vane,49,1,no,1,"msf, CV 49, 2025-7-9, Vial 1","black and tan aderids (3 total), ID'd by the shape, pronotum, and only 4 ventrites",Coleoptera,1,Aderidae,,,,,,,,,,,
msf,unburned,2025-07-09,clear vane,49,1,no,1,"msf, CV 49, 2025-7-9, Vial 1",silvanid,Coleoptera,1,Silvanidae,,,,,,,,,,,
msf,unburned,2025-07-09,clear vane,49,1,no,1,"msf, CV 49, 2025-7-9, Vial 1",black nitidulid,Coleoptera,1,Nitidulidae,,,,,,,,,,,
msf,unburned,2025-07-09,clear vane,49,1,no,1,"msf, CV 49, 2025-7-9, Vial 1","Genus Synchita, could tell it was not a Monotomid because the procoxal cavities were open (procoxal cavities are broadly closed in Monotomids)",Coleoptera,1,Zopheridae,,,,,,,,,,,
msf,unburned,2025-07-09,clear vane,49,1,no,1,"msf, CV 49, 2025-7-9, Vial 1",cryptophagid,Coleoptera,1,Cryptophagidae,,,,,,,,,,,
msf,unburned,2025-07-09,clear vane,49,1,no,1,"msf, CV 49, 2025-7-9, Vial 1",bark beetles (17 total),Coleoptera,1,Curculionidae,,Scolytinae,,,,,,,,,
msf,unburned,2025-07-09,clear vane,49,1,no,1,"msf, CV 49, 2025-7-9, Vial 1",bark beetles (17 total),Coleoptera,1,Curculionidae,,Scolytinae,,,,,,,,,
msf,unburned,2025-07-09,clear vane,49,1,no,1,"msf, CV 49, 2025-7-9, Vial 1",bark beetles (17 total),Coleoptera,1,Curculionidae,,Scolytinae,,,,,,,,,
msf,unburned,2025-07-09,clear vane,49,1,no,1,"msf, CV 49, 2025-7-9, Vial 1",bark beetles (17 total),Coleoptera,1,Curculionidae,,Scolytinae,,,,,,,,,
msf,unburned,2025-07-09,clear vane,49,1,no,1,"msf, CV 49, 2025-7-9, Vial 1",bark beetles (17 total),Coleoptera,1,Curculionidae,,Scolytinae,,,,,,,,,
msf,unburned,2025-07-09,clear vane,49,1,no,1,"msf, CV 49, 2025-7-9, Vial 1",bark beetles (17 total),Coleoptera,1,Curculionidae,,Scolytinae,,,,,,,,,
msf,unburned,2025-07-09,clear vane,49,1,no,1,"msf, CV 49, 2025-7-9, Vial 1",bark beetles (17 total),Coleoptera,1,Curculionidae,,Scolytinae,,,,,,,,,
msf,unburned,2025-07-09,clear vane,49,1,no,1,"msf, CV 49, 2025-7-9, Vial 1",bark beetles (17 total),Coleoptera,1,Curculionidae,,Scolytinae,,,,,,,,,
msf,unburned,2025-07-09,clear vane,49,1,no,1,"msf, CV 49, 2025-7-9, Vial 1",bark beetles (17 total),Coleoptera,1,Curculionidae,,Scolytinae,,,,,,,,,
msf,unburned,2025-07-09,clear vane,49,1,no,1,"msf, CV 49, 2025-7-9, Vial 1",bark beetles (17 total),Coleoptera,1,Curculionidae,,Scolytinae,,,,,,,,,
msf,unburned,2025-07-09,clear vane,49,1,no,1,"msf, CV 49, 2025-7-9, Vial 1",bark beetles (17 total),Coleoptera,1,Curculionidae,,Scolytinae,,,,,,,,,
msf,unburned,2025-07-09,clear vane,49,1,no,1,"msf, CV 49, 2025-7-9, Vial 1",bark beetles (17 total),Coleoptera,1,Curculionidae,,Scolytinae,,,,,,,,,
msf,unburned,2025-07-09,clear vane,49,1,no,1,"msf, CV 49, 2025-7-9, Vial 1",bark beetles (17 total),Coleoptera,1,Curculionidae,,Scolytinae,,,,,,,,,
msf,unburned,2025-07-09,clear vane,49,1,no,1,"msf, CV 49, 2025-7-9, Vial 1",bark beetles (17 total),Coleoptera,1,Curculionidae,,Scolytinae,,,,,,,,,
msf,unburned,2025-07-09,clear vane,49,1,no,1,"msf, CV 49, 2025-7-9, Vial 1",bark beetles (17 total),Coleoptera,1,Curculionidae,,Scolytinae,,,,,,,,,
msf,unburned,2025-07-09,clear vane,49,1,no,1,"msf, CV 49, 2025-7-9, Vial 1",bark beetles (17 total),Coleoptera,1,Curculionidae,,Scolytinae,,,,,,,,,
msf,unburned,2025-07-09,clear vane,49,1,no,1,"msf, CV 49, 2025-7-9, Vial 1",bark beetles (17 total),Coleoptera,1,Curculionidae,,Scolytinae,,,,,,,,,
msf,unburned,2025-07-09,clear vane,49,1,no,1,"msf, CV 49, 2025-7-9, Vial 1",small brown ptinid,Coleoptera,1,Ptinidae,,,,,,,,,,,
,,,,,,,,,,,,,,,,,,,,,,,
sgl100,recent,2025-06-27,clear vane,58,1,no,1,"100, CV58, 2025-6-27, Vial 1",tan tenebrionids (10 total),Coleoptera,1,Tenebrionidae,,,,,,,,,,,
sgl100,recent,2025-06-27,clear vane,58,1,no,1,"100, CV58, 2025-6-27, Vial 1",tan tenebrionids (10 total),Coleoptera,1,Tenebrionidae,,,,,,,,,,,
sgl100,recent,2025-06-27,clear vane,58,1,no,1,"100, CV58, 2025-6-27, Vial 1",tan tenebrionids (10 total),Coleoptera,1,Tenebrionidae,,,,,,,,,,,
sgl100,recent,2025-06-27,clear vane,58,1,no,1,"100, CV58, 2025-6-27, Vial 1",tan tenebrionids (10 total),Coleoptera,1,Tenebrionidae,,,,,,,,,,,
sgl100,recent,2025-06-27,clear vane,58,1,no,1,"100, CV58, 2025-6-27, Vial 1",tan tenebrionids (10 total),Coleoptera,1,Tenebrionidae,,,,,,,,,,,
sgl100,recent,2025-06-27,clear vane,58,1,no,1,"100, CV58, 2025-6-27, Vial 1",tan tenebrionids (10 total),Coleoptera,1,Tenebrionidae,,,,,,,,,,,
sgl100,recent,2025-06-27,clear vane,58,1,no,1,"100, CV58, 2025-6-27, Vial 1",tan tenebrionids (10 total),Coleoptera,1,Tenebrionidae,,,,,,,,,,,
sgl100,recent,2025-06-27,clear vane,58,1,no,1,"100, CV58, 2025-6-27, Vial 1",tan tenebrionids (10 total),Coleoptera,1,Tenebrionidae,,,,,,,,,,,
sgl100,recent,2025-06-27,clear vane,58,1,no,1,"100, CV58, 2025-6-27, Vial 1",tan tenebrionids (10 total),Coleoptera,1,Tenebrionidae,,,,,,,,,,,
sgl100,recent,2025-06-27,clear vane,58,1,no,1,"100, CV58, 2025-6-27, Vial 1",tan tenebrionids (10 total),Coleoptera,1,Tenebrionidae,,,,,,,,,,,
sgl100,recent,2025-06-27,clear vane,58,1,no,1,"100, CV58, 2025-6-27, Vial 1",cerambycids (11 total),Coleoptera,1,Tenebrionidae,,,,,,,,,,,
sgl100,recent,2025-06-27,clear vane,58,1,no,1,"100, CV58, 2025-6-27, Vial 1",cerambycids (11 total),Coleoptera,1,Tenebrionidae,,,,,,,,,,,
sgl100,recent,2025-06-27,clear vane,58,1,no,1,"100, CV58, 2025-6-27, Vial 1",cerambycids (11 total),Coleoptera,1,Tenebrionidae,,,,,,,,,,,
sgl100,recent,2025-06-27,clear vane,58,1,no,1,"100, CV58, 2025-6-27, Vial 1",cerambycids (11 total),Coleoptera,1,Tenebrionidae,,,,,,,,,,,
sgl100,recent,2025-06-27,clear vane,58,1,no,1,"100, CV58, 2025-6-27, Vial 1",cerambycids (11 total),Coleoptera,1,Tenebrionidae,,,,,,,,,,,
sgl100,recent,2025-06-27,clear vane,58,1,no,1,"100, CV58, 2025-6-27, Vial 1",cerambycids (11 total),Coleoptera,1,Tenebrionidae,,,,,,,,,,,
sgl100,recent,2025-06-27,clear vane,58,1,no,1,"100, CV58, 2025-6-27, Vial 1",cerambycids (11 total),Coleoptera,1,Tenebrionidae,,,,,,,,,,,
sgl100,recent,2025-06-27,clear vane,58,1,no,1,"100, CV58, 2025-6-27, Vial 1",cerambycids (11 total),Coleoptera,1,Tenebrionidae,,,,,,,,,,,
sgl100,recent,2025-06-27,clear vane,58,1,no,1,"100, CV58, 2025-6-27, Vial 1",cerambycids (11 total),Coleoptera,1,Tenebrionidae,,,,,,,,,,,
sgl100,recent,2025-06-27,clear vane,58,1,no,1,"100, CV58, 2025-6-27, Vial 1",cerambycids (11 total),Coleoptera,1,Tenebrionidae,,,,,,,,,,,
sgl100,recent,2025-06-27,clear vane,58,1,no,1,"100, CV58, 2025-6-27, Vial 1",cerambycids (11 total),Coleoptera,1,Tenebrionidae,,,,,,,,,,,
sgl100,recent,2025-06-27,clear vane,58,1,no,1,"100, CV58, 2025-6-27, Vial 1",elaterids (6 total),Coleoptera,1,Elateridae,,,,,,,,,,,
sgl100,recent,2025-06-27,clear vane,58,1,no,1,"100, CV58, 2025-6-27, Vial 1",elaterids (6 total),Coleoptera,1,Elateridae,,,,,,,,,,,
sgl100,recent,2025-06-27,clear vane,58,1,no,1,"100, CV58, 2025-6-27, Vial 1",elaterids (6 total),Coleoptera,1,Elateridae,,,,,,,,,,,
sgl100,recent,2025-06-27,clear vane,58,1,no,1,"100, CV58, 2025-6-27, Vial 1",elaterids (6 total),Coleoptera,1,Elateridae,,,,,,,,,,,
sgl100,recent,2025-06-27,clear vane,58,1,no,1,"100, CV58, 2025-6-27, Vial 1",elaterids (6 total),Coleoptera,1,Elateridae,,,,,,,,,,,
sgl100,recent,2025-06-27,clear vane,58,1,no,1,"100, CV58, 2025-6-27, Vial 1",elaterids (6 total),Coleoptera,1,Elateridae,,,,,,,,,,,
sgl100,recent,2025-06-27,clear vane,58,1,no,1,"100, CV58, 2025-6-27, Vial 1",burying beetle,Coleoptera,1,Staphylinidae,,Silphinae,,,,,,,,,
sgl100,recent,2025-06-27,clear vane,58,1,no,1,"100, CV58, 2025-6-27, Vial 1",dark brown tenebrionids (5 total),Coleoptera,1,Tenebrionidae,,,,,,,,,,,
sgl100,recent,2025-06-27,clear vane,58,1,no,1,"100, CV58, 2025-6-27, Vial 1",dark brown tenebrionids (5 total),Coleoptera,1,Tenebrionidae,,,,,,,,,,,
sgl100,recent,2025-06-27,clear vane,58,1,no,1,"100, CV58, 2025-6-27, Vial 1",dark brown tenebrionids (5 total),Coleoptera,1,Tenebrionidae,,,,,,,,,,,
sgl100,recent,2025-06-27,clear vane,58,1,no,1,"100, CV58, 2025-6-27, Vial 1",dark brown tenebrionids (5 total),Coleoptera,1,Tenebrionidae,,,,,,,,,,,
sgl100,recent,2025-06-27,clear vane,58,1,no,1,"100, CV58, 2025-6-27, Vial 1",dark brown tenebrionids (5 total),Coleoptera,1,Tenebrionidae,,,,,,,,,,,
sgl100,recent,2025-06-27,clear vane,58,1,no,1,"100, CV58, 2025-6-27, Vial 1",mordellids (3 total),Coleoptera,1,Mordellidae,,,,,,,,,,,
sgl100,recent,2025-06-27,clear vane,58,1,no,1,"100, CV58, 2025-6-27, Vial 1",mordellids (3 total),Coleoptera,1,Mordellidae,,,,,,,,,,,
sgl100,recent,2025-06-27,clear vane,58,1,no,1,"100, CV58, 2025-6-27, Vial 1",mordellids (3 total),Coleoptera,1,Mordellidae,,,,,,,,,,,
sgl100,recent,2025-06-27,clear vane,58,1,no,1,"100, CV58, 2025-6-27, Vial 1",black weevils (9 total),Coleoptera,1,Curculionidae,,,,,,,,,,,
sgl100,recent,2025-06-27,clear vane,58,1,no,1,"100, CV58, 2025-6-27, Vial 1",black weevils (9 total),Coleoptera,1,Curculionidae,,,,,,,,,,,
sgl100,recent,2025-06-27,clear vane,58,1,no,1,"100, CV58, 2025-6-27, Vial 1",black weevils (9 total),Coleoptera,1,Curculionidae,,,,,,,,,,,
sgl100,recent,2025-06-27,clear vane,58,1,no,1,"100, CV58, 2025-6-27, Vial 1",black weevils (9 total),Coleoptera,1,Curculionidae,,,,,,,,,,,
sgl100,recent,2025-06-27,clear vane,58,1,no,1,"100, CV58, 2025-6-27, Vial 1",black weevils (9 total),Coleoptera,1,Curculionidae,,,,,,,,,,,
sgl100,recent,2025-06-27,clear vane,58,1,no,1,"100, CV58, 2025-6-27, Vial 1",black weevils (9 total),Coleoptera,1,Curculionidae,,,,,,,,,,,
sgl100,recent,2025-06-27,clear vane,58,1,no,1,"100, CV58, 2025-6-27, Vial 1",black weevils (9 total),Coleoptera,1,Curculionidae,,,,,,,,,,,
sgl100,recent,2025-06-27,clear vane,58,1,no,1,"100, CV58, 2025-6-27, Vial 1",black weevils (9 total),Coleoptera,1,Curculionidae,,,,,,,,,,,
sgl100,recent,2025-06-27,clear vane,58,1,no,1,"100, CV58, 2025-6-27, Vial 1",black weevils (9 total),Coleoptera,1,Curculionidae,,,,,,,,,,,
sgl100,recent,2025-06-27,clear vane,58,1,no,1,"100, CV58, 2025-6-27, Vial 1",eucnemids (2 total),Coleoptera,1,Eucnemidae,,,,,,,,,,,
sgl100,recent,2025-06-27,clear vane,58,1,no,1,"100, CV58, 2025-6-27, Vial 1",eucnemids (2 total),Coleoptera,1,Eucnemidae,,,,,,,,,,,
sgl100,recent,2025-06-27,clear vane,58,1,no,1,"100, CV58, 2025-6-27, Vial 1",brown ptinid,Coleoptera,1,Ptinidae,,,,,,,,,,,
sgl100,recent,2025-06-27,clear vane,58,1,no,1,"100, CV58, 2025-6-27, Vial 1","short elytra cantharid, maybe genus Malthodes",Coleoptera,1,Cantharidae,,,,,,,,,,,
sgl100,recent,2025-06-27,clear vane,58,1,no,1,"100, CV58, 2025-6-27, Vial 1",black dermestids (3 total),Coleoptera,1,Dermestidae,,,,,,,,,,,
sgl100,recent,2025-06-27,clear vane,58,1,no,1,"100, CV58, 2025-6-27, Vial 1",black dermestids (3 total),Coleoptera,1,Dermestidae,,,,,,,,,,,
sgl100,recent,2025-06-27,clear vane,58,1,no,1,"100, CV58, 2025-6-27, Vial 1",black dermestids (3 total),Coleoptera,1,Dermestidae,,,,,,,,,,,
sgl100,recent,2025-06-27,clear vane,58,1,no,1,"100, CV58, 2025-6-27, Vial 1",black nitidulids (2 total),Coleoptera,1,Nitidulidae,,,,,,,,,,,
sgl100,recent,2025-06-27,clear vane,58,1,no,1,"100, CV58, 2025-6-27, Vial 1",black nitidulids (2 total),Coleoptera,1,Nitidulidae,,,,,,,,,,,
sgl100,recent,2025-06-27,clear vane,58,1,no,1,"100, CV58, 2025-6-27, Vial 1",brown throscids (3 total),Coleoptera,1,Throscidae,,,,,,,,,,,
sgl100,recent,2025-06-27,clear vane,58,1,no,1,"100, CV58, 2025-6-27, Vial 1",brown throscids (3 total),Coleoptera,1,Throscidae,,,,,,,,,,,
sgl100,recent,2025-06-27,clear vane,58,1,no,1,"100, CV58, 2025-6-27, Vial 1",brown throscids (3 total),Coleoptera,1,Throscidae,,,,,,,,,,,
sgl100,recent,2025-06-27,clear vane,58,1,no,1,"100, CV58, 2025-6-27, Vial 1","hard ID. Cantharid with short elytra. Probs genus Malthodes. Distinguish from Staphylinds because small eyes slightly bulge; Clerid eyes are larger and bulge more, and they have more of a cylindrical pronotum",Coleoptera,1,Cantharidae,,,,,,,,,,,
sgl100,recent,2025-06-27,clear vane,58,1,no,1,"100, CV58, 2025-6-27, Vial 1",staphylinids (11 total),Coleoptera,1,Staphylinidae,,,,,,,,,,,
sgl100,recent,2025-06-27,clear vane,58,1,no,1,"100, CV58, 2025-6-27, Vial 1",staphylinids (11 total),Coleoptera,1,Staphylinidae,,,,,,,,,,,
sgl100,recent,2025-06-27,clear vane,58,1,no,1,"100, CV58, 2025-6-27, Vial 1",staphylinids (11 total),Coleoptera,1,Staphylinidae,,,,,,,,,,,
sgl100,recent,2025-06-27,clear vane,58,1,no,1,"100, CV58, 2025-6-27, Vial 1",staphylinids (11 total),Coleoptera,1,Staphylinidae,,,,,,,,,,,
sgl100,recent,2025-06-27,clear vane,58,1,no,1,"100, CV58, 2025-6-27, Vial 1",staphylinids (11 total),Coleoptera,1,Staphylinidae,,,,,,,,,,,
sgl100,recent,2025-06-27,clear vane,58,1,no,1,"100, CV58, 2025-6-27, Vial 1",staphylinids (11 total),Coleoptera,1,Staphylinidae,,,,,,,,,,,
sgl100,recent,2025-06-27,clear vane,58,1,no,1,"100, CV58, 2025-6-27, Vial 1",staphylinids (11 total),Coleoptera,1,Staphylinidae,,,,,,,,,,,
sgl100,recent,2025-06-27,clear vane,58,1,no,1,"100, CV58, 2025-6-27, Vial 1",staphylinids (11 total),Coleoptera,1,Staphylinidae,,,,,,,,,,,
sgl100,recent,2025-06-27,clear vane,58,1,no,1,"100, CV58, 2025-6-27, Vial 1",staphylinids (11 total),Coleoptera,1,Staphylinidae,,,,,,,,,,,
sgl100,recent,2025-06-27,clear vane,58,1,no,1,"100, CV58, 2025-6-27, Vial 1",staphylinids (11 total),Coleoptera,1,Staphylinidae,,,,,,,,,,,
sgl100,recent,2025-06-27,clear vane,58,1,no,1,"100, CV58, 2025-6-27, Vial 1",staphylinids (11 total),Coleoptera,1,Staphylinidae,,,,,,,,,,,
sgl100,recent,2025-06-27,clear vane,58,1,no,1,"100, CV58, 2025-6-27, Vial 1",square shaped cerylonid,Coleoptera,1,Cerylonidae,,,,,,,,,,,
sgl100,recent,2025-06-27,clear vane,58,1,no,1,"100, CV58, 2025-6-27, Vial 1",Eplectini staphylinid,Coleoptera,1,Staphylinidae,,Euplectini,,,,,,,,,
sgl100,recent,2025-06-27,clear vane,58,1,no,1,"100, CV58, 2025-6-27, Vial 1",round agathidiini leiodid,Coleoptera,1,Leiodidae,,Agathidiini,,,,,,,,,
sgl100,recent,2025-06-27,clear vane,58,1,no,1,"100, CV58, 2025-6-27, Vial 1",red brown silvanid,Coleoptera,1,Silvanidae,,,,,,,,,,,
sgl100,recent,2025-06-27,clear vane,58,1,no,1,"100, CV58, 2025-6-27, Vial 1",brown laemophloeid with a pair of tan spots,Coleoptera,1,Laemophloeidae,,,,,,,,,,,
sgl100,recent,2025-06-27,clear vane,58,1,no,1,"100, CV58, 2025-6-27, Vial 1",small brown cryptophagids (3 total),Coleoptera,1,Cryptophagidae,,,,,,,,,,,
sgl100,recent,2025-06-27,clear vane,58,1,no,1,"100, CV58, 2025-6-27, Vial 1",small brown cryptophagids (3 total),Coleoptera,1,Cryptophagidae,,,,,,,,,,,
sgl100,recent,2025-06-27,clear vane,58,1,no,1,"100, CV58, 2025-6-27, Vial 1",small brown cryptophagids (3 total),Coleoptera,1,Cryptophagidae,,,,,,,,,,,
sgl100,recent,2025-06-27,clear vane,58,1,no,1,"100, CV58, 2025-6-27, Vial 1","hard ID, round Melandryid, probs genus Microscapha, ID'd by the neckless head, long metatarsomere 1, and very long meta tibial spur",Coleoptera,1,Melandryidae,,,,,,,,,,,
sgl100,recent,2025-06-27,clear vane,58,1,no,1,"100, CV58, 2025-6-27, Vial 1",bark beetles (10 total),Coleoptera,1,Curculionidae,,Scolytinae,,,,,,,,,
sgl100,recent,2025-06-27,clear vane,58,1,no,1,"100, CV58, 2025-6-27, Vial 1",bark beetles (10 total),Coleoptera,1,Curculionidae,,Scolytinae,,,,,,,,,
sgl100,recent,2025-06-27,clear vane,58,1,no,1,"100, CV58, 2025-6-27, Vial 1",bark beetles (10 total),Coleoptera,1,Curculionidae,,Scolytinae,,,,,,,,,
sgl100,recent,2025-06-27,clear vane,58,1,no,1,"100, CV58, 2025-6-27, Vial 1",bark beetles (10 total),Coleoptera,1,Curculionidae,,Scolytinae,,,,,,,,,
sgl100,recent,2025-06-27,clear vane,58,1,no,1,"100, CV58, 2025-6-27, Vial 1",bark beetles (10 total),Coleoptera,1,Curculionidae,,Scolytinae,,,,,,,,,
sgl100,recent,2025-06-27,clear vane,58,1,no,1,"100, CV58, 2025-6-27, Vial 1",bark beetles (10 total),Coleoptera,1,Curculionidae,,Scolytinae,,,,,,,,,
sgl100,recent,2025-06-27,clear vane,58,1,no,1,"100, CV58, 2025-6-27, Vial 1",bark beetles (10 total),Coleoptera,1,Curculionidae,,Scolytinae,,,,,,,,,
sgl100,recent,2025-06-27,clear vane,58,1,no,1,"100, CV58, 2025-6-27, Vial 1",bark beetles (10 total),Coleoptera,1,Curculionidae,,Scolytinae,,,,,,,,,
sgl100,recent,2025-06-27,clear vane,58,1,no,1,"100, CV58, 2025-6-27, Vial 1",bark beetles (10 total),Coleoptera,1,Curculionidae,,Scolytinae,,,,,,,,,
sgl100,recent,2025-06-27,clear vane,58,1,no,1,"100, CV58, 2025-6-27, Vial 1",bark beetles (10 total),Coleoptera,1,Curculionidae,,Scolytinae,,,,,,,,,
,,,,,,,,,,,,,,,,,,,,,,,
sgl100,recent,2025-06-27,clear vane,55,1,no,1,"100, CV55, 2025-6-27, Vial 1","tan tenebrionids, maybe Isomera sericea (9 total)",Coleoptera,1,Tenebrionidae,,,,,,,,,,,
sgl100,recent,2025-06-27,clear vane,55,1,no,1,"100, CV55, 2025-6-27, Vial 1","tan tenebrionids, maybe Isomera sericea (9 total)",Coleoptera,1,Tenebrionidae,,,,,,,,,,,
sgl100,recent,2025-06-27,clear vane,55,1,no,1,"100, CV55, 2025-6-27, Vial 1","tan tenebrionids, maybe Isomera sericea (9 total)",Coleoptera,1,Tenebrionidae,,,,,,,,,,,
sgl100,recent,2025-06-27,clear vane,55,1,no,1,"100, CV55, 2025-6-27, Vial 1","tan tenebrionids, maybe Isomera sericea (9 total)",Coleoptera,1,Tenebrionidae,,,,,,,,,,,
sgl100,recent,2025-06-27,clear vane,55,1,no,1,"100, CV55, 2025-6-27, Vial 1","tan tenebrionids, maybe Isomera sericea (9 total)",Coleoptera,1,Tenebrionidae,,,,,,,,,,,
sgl100,recent,2025-06-27,clear vane,55,1,no,1,"100, CV55, 2025-6-27, Vial 1","tan tenebrionids, maybe Isomera sericea (9 total)",Coleoptera,1,Tenebrionidae,,,,,,,,,,,
sgl100,recent,2025-06-27,clear vane,55,1,no,1,"100, CV55, 2025-6-27, Vial 1","tan tenebrionids, maybe Isomera sericea (9 total)",Coleoptera,1,Tenebrionidae,,,,,,,,,,,
sgl100,recent,2025-06-27,clear vane,55,1,no,1,"100, CV55, 2025-6-27, Vial 1","tan tenebrionids, maybe Isomera sericea (9 total)",Coleoptera,1,Tenebrionidae,,,,,,,,,,,
sgl100,recent,2025-06-27,clear vane,55,1,no,1,"100, CV55, 2025-6-27, Vial 1","tan tenebrionids, maybe Isomera sericea (9 total)",Coleoptera,1,Tenebrionidae,,,,,,,,,,,
sgl100,recent,2025-06-27,clear vane,55,1,no,1,"100, CV55, 2025-6-27, Vial 1","iridescent black tenebrionid, probs genus Dinomus",Coleoptera,1,Tenebrionidae,,,,,,,,,,,
sgl100,recent,2025-06-27,clear vane,55,1,no,1,"100, CV55, 2025-6-27, Vial 1",lampyrid with visible light organ,Coleoptera,1,Lampyridae,,,,,,,,,,,
sgl100,recent,2025-06-27,clear vane,55,1,no,1,"100, CV55, 2025-6-27, Vial 1",dark eucnemids (3 total),Coleoptera,1,Eucnemidae,,,,,,,,,,,
sgl100,recent,2025-06-27,clear vane,55,1,no,1,"100, CV55, 2025-6-27, Vial 1",dark eucnemids (3 total),Coleoptera,1,Eucnemidae,,,,,,,,,,,
sgl100,recent,2025-06-27,clear vane,55,1,no,1,"100, CV55, 2025-6-27, Vial 1",dark eucnemids (3 total),Coleoptera,1,Eucnemidae,,,,,,,,,,,
sgl100,recent,2025-06-27,clear vane,55,1,no,1,"100, CV55, 2025-6-27, Vial 1",large brown elaterid,Coleoptera,1,Elateridae,,,,,,,,,,,
sgl100,recent,2025-06-27,clear vane,55,1,no,1,"100, CV55, 2025-6-27, Vial 1",black and orange elaterid,Coleoptera,1,Elateridae,,,,,,,,,,,
sgl100,recent,2025-06-27,clear vane,55,1,no,1,"100, CV55, 2025-6-27, Vial 1","tan splotched melandryid, probs Dircaea liturata",Coleoptera,1,Melandryidae,,,,,,,,,,,
sgl100,recent,2025-06-27,clear vane,55,1,no,1,"100, CV55, 2025-6-27, Vial 1","shield-shaped beetle with hairy, orange scutellum. Probs Penthe obliquata",Coleoptera,1,Tetratomidae,,,,,,,,,,,
sgl100,recent,2025-06-27,clear vane,55,1,no,1,"100, CV55, 2025-6-27, Vial 1",cerambycids (6 total),Coleoptera,1,Cerambycidae,,,,,,,,,,,
sgl100,recent,2025-06-27,clear vane,55,1,no,1,"100, CV55, 2025-6-27, Vial 1",cerambycids (6 total),Coleoptera,1,Cerambycidae,,,,,,,,,,,
sgl100,recent,2025-06-27,clear vane,55,1,no,1,"100, CV55, 2025-6-27, Vial 1",cerambycids (6 total),Coleoptera,1,Cerambycidae,,,,,,,,,,,
sgl100,recent,2025-06-27,clear vane,55,1,no,1,"100, CV55, 2025-6-27, Vial 1",cerambycids (6 total),Coleoptera,1,Cerambycidae,,,,,,,,,,,
sgl100,recent,2025-06-27,clear vane,55,1,no,1,"100, CV55, 2025-6-27, Vial 1",cerambycids (6 total),Coleoptera,1,Cerambycidae,,,,,,,,,,,
sgl100,recent,2025-06-27,clear vane,55,1,no,1,"100, CV55, 2025-6-27, Vial 1",cerambycids (6 total),Coleoptera,1,Cerambycidae,,,,,,,,,,,
sgl100,recent,2025-06-27,clear vane,55,1,no,1,"100, CV55, 2025-6-27, Vial 1",large pyrochroid with pectinate antennae,Coleoptera,1,Pyrochroidae,,,,,,,,,,,
sgl100,recent,2025-06-27,clear vane,55,1,no,1,"100, CV55, 2025-6-27, Vial 1",mottled green and grey buprestid,Coleoptera,1,Buprestidae,,,,,,,,,,,
sgl100,recent,2025-06-27,clear vane,55,1,no,1,"100, CV55, 2025-6-27, Vial 1",brown carabid,Coleoptera,1,Carabidae,,,,,,,,,,,
sgl100,recent,2025-06-27,clear vane,55,1,no,1,"100, CV55, 2025-6-27, Vial 1",dark brown tenebrionids (5 total),Coleoptera,1,Tenebrionidae,,,,,,,,,,,
sgl100,recent,2025-06-27,clear vane,55,1,no,1,"100, CV55, 2025-6-27, Vial 1",dark brown tenebrionids (5 total),Coleoptera,1,Tenebrionidae,,,,,,,,,,,
sgl100,recent,2025-06-27,clear vane,55,1,no,1,"100, CV55, 2025-6-27, Vial 1",dark brown tenebrionids (5 total),Coleoptera,1,Tenebrionidae,,,,,,,,,,,
sgl100,recent,2025-06-27,clear vane,55,1,no,1,"100, CV55, 2025-6-27, Vial 1",dark brown tenebrionids (5 total),Coleoptera,1,Tenebrionidae,,,,,,,,,,,
sgl100,recent,2025-06-27,clear vane,55,1,no,1,"100, CV55, 2025-6-27, Vial 1",dark brown tenebrionids (5 total),Coleoptera,1,Tenebrionidae,,,,,,,,,,,
sgl100,recent,2025-06-27,clear vane,55,1,no,1,"100, CV55, 2025-6-27, Vial 1",black weevils (14 total),Coleoptera,1,Curculionidae,,,,,,,,,,,
sgl100,recent,2025-06-27,clear vane,55,1,no,1,"100, CV55, 2025-6-27, Vial 1",black weevils (14 total),Coleoptera,1,Curculionidae,,,,,,,,,,,
sgl100,recent,2025-06-27,clear vane,55,1,no,1,"100, CV55, 2025-6-27, Vial 1",black weevils (14 total),Coleoptera,1,Curculionidae,,,,,,,,,,,
sgl100,recent,2025-06-27,clear vane,55,1,no,1,"100, CV55, 2025-6-27, Vial 1",black weevils (14 total),Coleoptera,1,Curculionidae,,,,,,,,,,,
sgl100,recent,2025-06-27,clear vane,55,1,no,1,"100, CV55, 2025-6-27, Vial 1",black weevils (14 total),Coleoptera,1,Curculionidae,,,,,,,,,,,
sgl100,recent,2025-06-27,clear vane,55,1,no,1,"100, CV55, 2025-6-27, Vial 1",black weevils (14 total),Coleoptera,1,Curculionidae,,,,,,,,,,,
sgl100,recent,2025-06-27,clear vane,55,1,no,1,"100, CV55, 2025-6-27, Vial 1",black weevils (14 total),Coleoptera,1,Curculionidae,,,,,,,,,,,
sgl100,recent,2025-06-27,clear vane,55,1,no,1,"100, CV55, 2025-6-27, Vial 1",black weevils (14 total),Coleoptera,1,Curculionidae,,,,,,,,,,,
sgl100,recent,2025-06-27,clear vane,55,1,no,1,"100, CV55, 2025-6-27, Vial 1",black weevils (14 total),Coleoptera,1,Curculionidae,,,,,,,,,,,
sgl100,recent,2025-06-27,clear vane,55,1,no,1,"100, CV55, 2025-6-27, Vial 1",black weevils (14 total),Coleoptera,1,Curculionidae,,,,,,,,,,,
sgl100,recent,2025-06-27,clear vane,55,1,no,1,"100, CV55, 2025-6-27, Vial 1",black weevils (14 total),Coleoptera,1,Curculionidae,,,,,,,,,,,
sgl100,recent,2025-06-27,clear vane,55,1,no,1,"100, CV55, 2025-6-27, Vial 1",black weevils (14 total),Coleoptera,1,Curculionidae,,,,,,,,,,,
sgl100,recent,2025-06-27,clear vane,55,1,no,1,"100, CV55, 2025-6-27, Vial 1",black weevils (14 total),Coleoptera,1,Curculionidae,,,,,,,,,,,
sgl100,recent,2025-06-27,clear vane,55,1,no,1,"100, CV55, 2025-6-27, Vial 1",black weevils (14 total),Coleoptera,1,Curculionidae,,,,,,,,,,,
sgl100,recent,2025-06-27,clear vane,55,1,no,1,"100, CV55, 2025-6-27, Vial 1",brown throscids (14 total),Coleoptera,1,Throscidae,,,,,,,,,,,
sgl100,recent,2025-06-27,clear vane,55,1,no,1,"100, CV55, 2025-6-27, Vial 1",brown throscids (14 total),Coleoptera,1,Throscidae,,,,,,,,,,,
sgl100,recent,2025-06-27,clear vane,55,1,no,1,"100, CV55, 2025-6-27, Vial 1",brown throscids (14 total),Coleoptera,1,Throscidae,,,,,,,,,,,
sgl100,recent,2025-06-27,clear vane,55,1,no,1,"100, CV55, 2025-6-27, Vial 1",brown throscids (14 total),Coleoptera,1,Throscidae,,,,,,,,,,,
sgl100,recent,2025-06-27,clear vane,55,1,no,1,"100, CV55, 2025-6-27, Vial 1",brown throscids (14 total),Coleoptera,1,Throscidae,,,,,,,,,,,
sgl100,recent,2025-06-27,clear vane,55,1,no,1,"100, CV55, 2025-6-27, Vial 1",brown throscids (14 total),Coleoptera,1,Throscidae,,,,,,,,,,,
sgl100,recent,2025-06-27,clear vane,55,1,no,1,"100, CV55, 2025-6-27, Vial 1",brown throscids (14 total),Coleoptera,1,Throscidae,,,,,,,,,,,
sgl100,recent,2025-06-27,clear vane,55,1,no,1,"100, CV55, 2025-6-27, Vial 1",brown throscids (14 total),Coleoptera,1,Throscidae,,,,,,,,,,,
sgl100,recent,2025-06-27,clear vane,55,1,no,1,"100, CV55, 2025-6-27, Vial 1",brown throscids (14 total),Coleoptera,1,Throscidae,,,,,,,,,,,
sgl100,recent,2025-06-27,clear vane,55,1,no,1,"100, CV55, 2025-6-27, Vial 1",brown throscids (14 total),Coleoptera,1,Throscidae,,,,,,,,,,,
sgl100,recent,2025-06-27,clear vane,55,1,no,1,"100, CV55, 2025-6-27, Vial 1",brown throscids (14 total),Coleoptera,1,Throscidae,,,,,,,,,,,
sgl100,recent,2025-06-27,clear vane,55,1,no,1,"100, CV55, 2025-6-27, Vial 1",brown throscids (14 total),Coleoptera,1,Throscidae,,,,,,,,,,,
sgl100,recent,2025-06-27,clear vane,55,1,no,1,"100, CV55, 2025-6-27, Vial 1",brown throscids (14 total),Coleoptera,1,Throscidae,,,,,,,,,,,
sgl100,recent,2025-06-27,clear vane,55,1,no,1,"100, CV55, 2025-6-27, Vial 1",brown throscids (14 total),Coleoptera,1,Throscidae,,,,,,,,,,,
sgl100,recent,2025-06-27,clear vane,55,1,no,1,"100, CV55, 2025-6-27, Vial 1",black and orange-yellow cantharid,Coleoptera,1,Cantharidae,,,,,,,,,,,
sgl100,recent,2025-06-27,clear vane,55,1,no,1,"100, CV55, 2025-6-27, Vial 1",flat black histerid,Coleoptera,1,Histeridae,,,,,,,,,,,
sgl100,recent,2025-06-27,clear vane,55,1,no,1,"100, CV55, 2025-6-27, Vial 1",staphylinids (8 total),Coleoptera,1,Staphylinidae,,,,,,,,,,,
sgl100,recent,2025-06-27,clear vane,55,1,no,1,"100, CV55, 2025-6-27, Vial 1",staphylinids (8 total),Coleoptera,1,Staphylinidae,,,,,,,,,,,
sgl100,recent,2025-06-27,clear vane,55,1,no,1,"100, CV55, 2025-6-27, Vial 1",staphylinids (8 total),Coleoptera,1,Staphylinidae,,,,,,,,,,,
sgl100,recent,2025-06-27,clear vane,55,1,no,1,"100, CV55, 2025-6-27, Vial 1",staphylinids (8 total),Coleoptera,1,Staphylinidae,,,,,,,,,,,
sgl100,recent,2025-06-27,clear vane,55,1,no,1,"100, CV55, 2025-6-27, Vial 1",staphylinids (8 total),Coleoptera,1,Staphylinidae,,,,,,,,,,,
sgl100,recent,2025-06-27,clear vane,55,1,no,1,"100, CV55, 2025-6-27, Vial 1",staphylinids (8 total),Coleoptera,1,Staphylinidae,,,,,,,,,,,
sgl100,recent,2025-06-27,clear vane,55,1,no,1,"100, CV55, 2025-6-27, Vial 1",staphylinids (8 total),Coleoptera,1,Staphylinidae,,,,,,,,,,,
sgl100,recent,2025-06-27,clear vane,55,1,no,1,"100, CV55, 2025-6-27, Vial 1",staphylinids (8 total),Coleoptera,1,Staphylinidae,,,,,,,,,,,
sgl100,recent,2025-06-27,clear vane,55,1,no,1,"100, CV55, 2025-6-27, Vial 1",mordellids (6 total),Coleoptera,1,Mordellidae,,,,,,,,,,,
sgl100,recent,2025-06-27,clear vane,55,1,no,1,"100, CV55, 2025-6-27, Vial 1",mordellids (6 total),Coleoptera,1,Mordellidae,,,,,,,,,,,
sgl100,recent,2025-06-27,clear vane,55,1,no,1,"100, CV55, 2025-6-27, Vial 1",mordellids (6 total),Coleoptera,1,Mordellidae,,,,,,,,,,,
sgl100,recent,2025-06-27,clear vane,55,1,no,1,"100, CV55, 2025-6-27, Vial 1",mordellids (6 total),Coleoptera,1,Mordellidae,,,,,,,,,,,
sgl100,recent,2025-06-27,clear vane,55,1,no,1,"100, CV55, 2025-6-27, Vial 1",mordellids (6 total),Coleoptera,1,Mordellidae,,,,,,,,,,,
sgl100,recent,2025-06-27,clear vane,55,1,no,1,"100, CV55, 2025-6-27, Vial 1",mordellids (6 total),Coleoptera,1,Mordellidae,,,,,,,,,,,
sgl100,recent,2025-06-27,clear vane,55,1,no,1,"100, CV55, 2025-6-27, Vial 1",silvanids (3 total),Coleoptera,1,Silvanidae,,,,,,,,,,,
sgl100,recent,2025-06-27,clear vane,55,1,no,1,"100, CV55, 2025-6-27, Vial 1",silvanids (3 total),Coleoptera,1,Silvanidae,,,,,,,,,,,
sgl100,recent,2025-06-27,clear vane,55,1,no,1,"100, CV55, 2025-6-27, Vial 1",silvanids (3 total),Coleoptera,1,Silvanidae,,,,,,,,,,,
sgl100,recent,2025-06-27,clear vane,55,1,no,1,"100, CV55, 2025-6-27, Vial 1",flat brown monotomid,Coleoptera,1,Monotimdae,,,,,,,,,,,
sgl100,recent,2025-06-27,clear vane,55,1,no,1,"100, CV55, 2025-6-27, Vial 1",corylophids (3 total),Coleoptera,1,Corylophidae,,,,,,,,,,,
sgl100,recent,2025-06-27,clear vane,55,1,no,1,"100, CV55, 2025-6-27, Vial 1",corylophids (3 total),Coleoptera,1,Corylophidae,,,,,,,,,,,
sgl100,recent,2025-06-27,clear vane,55,1,no,1,"100, CV55, 2025-6-27, Vial 1",corylophids (3 total),Coleoptera,1,Corylophidae,,,,,,,,,,,
sgl100,recent,2025-06-27,clear vane,55,1,no,1,"100, CV55, 2025-6-27, Vial 1",small tan eucnemid,Coleoptera,1,Eucnemidae,,,,,,,,,,,
sgl100,recent,2025-06-27,clear vane,55,1,no,1,"100, CV55, 2025-6-27, Vial 1",genus Mycetophagus (3 total),Coleoptera,1,Mycetophagidae,,,,,,,,,,,
sgl100,recent,2025-06-27,clear vane,55,1,no,1,"100, CV55, 2025-6-27, Vial 1",genus Mycetophagus (3 total),Coleoptera,1,Mycetophagidae,,,,,,,,,,,
sgl100,recent,2025-06-27,clear vane,55,1,no,1,"100, CV55, 2025-6-27, Vial 1",genus Mycetophagus (3 total),Coleoptera,1,Mycetophagidae,,,,,,,,,,,
sgl100,recent,2025-06-27,clear vane,55,1,no,1,"100, CV55, 2025-6-27, Vial 1",small orange mycetophagid with black spots,Coleoptera,1,Mycetophagidae,,,,,,,,,,,
sgl100,recent,2025-06-27,clear vane,55,1,no,1,"100, CV55, 2025-6-27, Vial 1",black dermestid,Coleoptera,1,Dermestidae,,,,,,,,,,,
sgl100,recent,2025-06-27,clear vane,55,1,no,1,"100, CV55, 2025-6-27, Vial 1",tan latridiid,Coleoptera,1,Latridiidae,,,,,,,,,,,
sgl100,recent,2025-06-27,clear vane,55,1,no,1,"100, CV55, 2025-6-27, Vial 1",scydmaenin beetle,Coleoptera,1,Staphylinidae,,Scydmaeninae,,,,,,,,,
sgl100,recent,2025-06-27,clear vane,55,1,no,1,"100, CV55, 2025-6-27, Vial 1",black nitidulid,Coleoptera,1,Nitidulidae,,,,,,,,,,,
sgl100,recent,2025-06-27,clear vane,55,1,no,1,"100, CV55, 2025-6-27, Vial 1","round and shiny nitidulid with broad scutellum, probs genus Pallodes",Coleoptera,1,Nitidulidae,,,,,,,,,,,
sgl100,recent,2025-06-27,clear vane,55,1,no,1,"100, CV55, 2025-6-27, Vial 1",brown weevil,Coleoptera,1,Curculionidae,,,,,,,,,,,
sgl100,recent,2025-06-27,clear vane,55,1,no,1,"100, CV55, 2025-6-27, Vial 1","round leiodid, tiny 8th antennomere",Coleoptera,1,Leiodidae,,,,,,,,,,,
sgl100,recent,2025-06-27,clear vane,55,1,no,1,"100, CV55, 2025-6-27, Vial 1",small brown cryptophagid,Coleoptera,1,Cryptophagidae,,,,,,,,,,,
sgl100,recent,2025-06-27,clear vane,55,1,no,1,"100, CV55, 2025-6-27, Vial 1",bark beetles (7 total),Coleoptera,1,Curculionidae,,Scolytinae,,,,,,,,,
sgl100,recent,2025-06-27,clear vane,55,1,no,1,"100, CV55, 2025-6-27, Vial 1",bark beetles (7 total),Coleoptera,1,Curculionidae,,Scolytinae,,,,,,,,,
sgl100,recent,2025-06-27,clear vane,55,1,no,1,"100, CV55, 2025-6-27, Vial 1",bark beetles (7 total),Coleoptera,1,Curculionidae,,Scolytinae,,,,,,,,,
sgl100,recent,2025-06-27,clear vane,55,1,no,1,"100, CV55, 2025-6-27, Vial 1",bark beetles (7 total),Coleoptera,1,Curculionidae,,Scolytinae,,,,,,,,,
sgl100,recent,2025-06-27,clear vane,55,1,no,1,"100, CV55, 2025-6-27, Vial 1",bark beetles (7 total),Coleoptera,1,Curculionidae,,Scolytinae,,,,,,,,,
sgl100,recent,2025-06-27,clear vane,55,1,no,1,"100, CV55, 2025-6-27, Vial 1",bark beetles (7 total),Coleoptera,1,Curculionidae,,Scolytinae,,,,,,,,,
sgl100,recent,2025-06-27,clear vane,55,1,no,1,"100, CV55, 2025-6-27, Vial 1",bark beetles (7 total),Coleoptera,1,Curculionidae,,Scolytinae,,,,,,,,,
,,,,,,,,,,,,,,,,,,,,,,,
sgl100,medium,2025-06-27,clear vane,61,1,no,1,"100, CV61, 2025-6-27, All","black dermestid, half destroyed",Coleoptera,1,Dermestidae,,,,,,,,,,perhaps the dermestid was attracted to the dried trap with it's small collection of dry dead insects in it,
,,,,,,,,,,,,,,,,,,,,,,,
sgl100,unburned,2025-06-27,clear vane,67,1,no,1,"100, CV67, 2025-6-27, Vial 1","tan tenebrionids, maybe Isomera sericea (8 total)",Coleoptera,1,Tenebrionidae,,,,,,,,,,,
sgl100,unburned,2025-06-27,clear vane,67,1,no,1,"100, CV67, 2025-6-27, Vial 1","tan tenebrionids, maybe Isomera sericea (8 total)",Coleoptera,1,Tenebrionidae,,,,,,,,,,,
sgl100,unburned,2025-06-27,clear vane,67,1,no,1,"100, CV67, 2025-6-27, Vial 1","tan tenebrionids, maybe Isomera sericea (8 total)",Coleoptera,1,Tenebrionidae,,,,,,,,,,,
sgl100,unburned,2025-06-27,clear vane,67,1,no,1,"100, CV67, 2025-6-27, Vial 1","tan tenebrionids, maybe Isomera sericea (8 total)",Coleoptera,1,Tenebrionidae,,,,,,,,,,,
sgl100,unburned,2025-06-27,clear vane,67,1,no,1,"100, CV67, 2025-6-27, Vial 1","tan tenebrionids, maybe Isomera sericea (8 total)",Coleoptera,1,Tenebrionidae,,,,,,,,,,,
sgl100,unburned,2025-06-27,clear vane,67,1,no,1,"100, CV67, 2025-6-27, Vial 1","tan tenebrionids, maybe Isomera sericea (8 total)",Coleoptera,1,Tenebrionidae,,,,,,,,,,,
sgl100,unburned,2025-06-27,clear vane,67,1,no,1,"100, CV67, 2025-6-27, Vial 1","tan tenebrionids, maybe Isomera sericea (8 total)",Coleoptera,1,Tenebrionidae,,,,,,,,,,,
sgl100,unburned,2025-06-27,clear vane,67,1,no,1,"100, CV67, 2025-6-27, Vial 1","tan tenebrionids, maybe Isomera sericea (8 total)",Coleoptera,1,Tenebrionidae,,,,,,,,,,,
sgl100,unburned,2025-06-27,clear vane,67,1,no,1,"100, CV67, 2025-6-27, Vial 1",brown throscids (7 total),Coleoptera,1,Throscidae,,,,,,,,,,,
sgl100,unburned,2025-06-27,clear vane,67,1,no,1,"100, CV67, 2025-6-27, Vial 1",brown throscids (7 total),Coleoptera,1,Throscidae,,,,,,,,,,,
sgl100,unburned,2025-06-27,clear vane,67,1,no,1,"100, CV67, 2025-6-27, Vial 1",brown throscids (7 total),Coleoptera,1,Throscidae,,,,,,,,,,,
sgl100,unburned,2025-06-27,clear vane,67,1,no,1,"100, CV67, 2025-6-27, Vial 1",brown throscids (7 total),Coleoptera,1,Throscidae,,,,,,,,,,,
sgl100,unburned,2025-06-27,clear vane,67,1,no,1,"100, CV67, 2025-6-27, Vial 1",brown throscids (7 total),Coleoptera,1,Throscidae,,,,,,,,,,,
sgl100,unburned,2025-06-27,clear vane,67,1,no,1,"100, CV67, 2025-6-27, Vial 1",brown throscids (7 total),Coleoptera,1,Throscidae,,,,,,,,,,,
sgl100,unburned,2025-06-27,clear vane,67,1,no,1,"100, CV67, 2025-6-27, Vial 1",brown throscids (7 total),Coleoptera,1,Throscidae,,,,,,,,,,,
sgl100,unburned,2025-06-27,clear vane,67,1,no,1,"100, CV67, 2025-6-27, Vial 1",brown eucnemid,Coleoptera,1,Eucnemidae,,,,,,,,,,,
sgl100,unburned,2025-06-27,clear vane,67,1,no,1,"100, CV67, 2025-6-27, Vial 1",brown tenebrionid,Coleoptera,1,Tenebrionidae,,,,,,,,,,,
sgl100,unburned,2025-06-27,clear vane,67,1,no,1,"100, CV67, 2025-6-27, Vial 1","brown tetratomid, maybe genus Eustrophus",Coleoptera,1,Tetratomidae,,,,,,,,,,,
sgl100,unburned,2025-06-27,clear vane,67,1,no,1,"100, CV67, 2025-6-27, Vial 1",cerambycids (2 total),Coleoptera,1,Cerambycidae,,,,,,,,,,,
sgl100,unburned,2025-06-27,clear vane,67,1,no,1,"100, CV67, 2025-6-27, Vial 1",cerambycids (2 total),Coleoptera,1,Cerambycidae,,,,,,,,,,,
sgl100,unburned,2025-06-27,clear vane,67,1,no,1,"100, CV67, 2025-6-27, Vial 1",mid-size brown ptinid,Coleoptera,1,Ptinidae,,,,,,,,,,,
sgl100,unburned,2025-06-27,clear vane,67,1,no,1,"100, CV67, 2025-6-27, Vial 1","Synchroid-looking melandryid, probs Enchodes sericea, ID'd by the very close procoxae, the small lobes on penultimate tarsomeres, and slightly less hairy than a Synchroid. However, I did see very fine teeth along the tibial spurs.",Coleoptera,1,Melandryidae,,,,,,,,,,,
sgl100,unburned,2025-06-27,clear vane,67,1,no,1,"100, CV67, 2025-6-27, Vial 1",large elaterids (3 total),Coleoptera,1,Elateridae,,,,,,,,,,,
sgl100,unburned,2025-06-27,clear vane,67,1,no,1,"100, CV67, 2025-6-27, Vial 1",large elaterids (3 total),Coleoptera,1,Elateridae,,,,,,,,,,,
sgl100,unburned,2025-06-27,clear vane,67,1,no,1,"100, CV67, 2025-6-27, Vial 1",large elaterids (3 total),Coleoptera,1,Elateridae,,,,,,,,,,,
sgl100,unburned,2025-06-27,clear vane,67,1,no,1,"100, CV67, 2025-6-27, Vial 1",staphylinids (5 total),Coleoptera,1,Staphylinidae,,,,,,,,,,,
sgl100,unburned,2025-06-27,clear vane,67,1,no,1,"100, CV67, 2025-6-27, Vial 1",staphylinids (5 total),Coleoptera,1,Staphylinidae,,,,,,,,,,,
sgl100,unburned,2025-06-27,clear vane,67,1,no,1,"100, CV67, 2025-6-27, Vial 1",staphylinids (5 total),Coleoptera,1,Staphylinidae,,,,,,,,,,,
sgl100,unburned,2025-06-27,clear vane,67,1,no,1,"100, CV67, 2025-6-27, Vial 1",staphylinids (5 total),Coleoptera,1,Staphylinidae,,,,,,,,,,,
sgl100,unburned,2025-06-27,clear vane,67,1,no,1,"100, CV67, 2025-6-27, Vial 1",staphylinids (5 total),Coleoptera,1,Staphylinidae,,,,,,,,,,,
sgl100,unburned,2025-06-27,clear vane,67,1,no,1,"100, CV67, 2025-6-27, Vial 1","short elytra cantharid, maybe genus Malthodes (Adam took pictures of it on Feb 3 2026)",Coleoptera,1,Cantharidae,,,,,,,,,,,
sgl100,unburned,2025-06-27,clear vane,67,1,no,1,"100, CV67, 2025-6-27, Vial 1",small black weevil,Coleoptera,1,Curculionidae,,,,,,,,,,,
sgl100,unburned,2025-06-27,clear vane,67,1,no,1,"100, CV67, 2025-6-27, Vial 1",mid-size black weevil,Coleoptera,1,Curculionidae,,,,,,,,,,,
sgl100,unburned,2025-06-27,clear vane,67,1,no,1,"100, CV67, 2025-6-27, Vial 1",mordellids (3 total),Coleoptera,1,Mordellidae,,,,,,,,,,,
sgl100,unburned,2025-06-27,clear vane,67,1,no,1,"100, CV67, 2025-6-27, Vial 1",mordellids (3 total),Coleoptera,1,Mordellidae,,,,,,,,,,,
sgl100,unburned,2025-06-27,clear vane,67,1,no,1,"100, CV67, 2025-6-27, Vial 1",mordellids (3 total),Coleoptera,1,Mordellidae,,,,,,,,,,,
sgl100,unburned,2025-06-27,clear vane,67,1,no,1,"100, CV67, 2025-6-27, Vial 1",headless histerid,Coleoptera,1,Histeridae,,,,,,,,,,,
sgl100,unburned,2025-06-27,clear vane,67,1,no,1,"100, CV67, 2025-6-27, Vial 1","round endomychid with orange pronotum and black elytra with orange spots, probs Mycetina perpulchra",Coleoptera,1,Endomychidae,,,,,,,,,,,
sgl100,unburned,2025-06-27,clear vane,67,1,no,1,"100, CV67, 2025-6-27, Vial 1",round agathidiini beetle,Coleoptera,1,Leiodidae,,Agathidiini,,,,,,,,,
sgl100,unburned,2025-06-27,clear vane,67,1,no,1,"100, CV67, 2025-6-27, Vial 1",round brown leiodid,Coleoptera,1,Leiodidae,,,,,,,,,,,
sgl100,unburned,2025-06-27,clear vane,67,1,no,1,"100, CV67, 2025-6-27, Vial 1","tan cryptophagids, maybe genus Antherophagus (2 total)",Coleoptera,1,Cryptophagidae,,,,,,,,,,,
sgl100,unburned,2025-06-27,clear vane,67,1,no,1,"100, CV67, 2025-6-27, Vial 1","tan cryptophagids, maybe genus Antherophagus (2 total)",Coleoptera,1,Cryptophagidae,,,,,,,,,,,
sgl100,unburned,2025-06-27,clear vane,67,1,no,1,"100, CV67, 2025-6-27, Vial 1",black corylophid,Coleoptera,1,Corylophidae,,,,,,,,,,,
sgl100,unburned,2025-06-27,clear vane,67,1,no,1,"100, CV67, 2025-6-27, Vial 1",genus Mycetophagus,Coleoptera,1,Mycetophagidae,,,,,,,,,,,
sgl100,unburned,2025-06-27,clear vane,67,1,no,1,"100, CV67, 2025-6-27, Vial 1",small brown and orange mycetophagid,Coleoptera,1,Mycetophagidae,,,,,,,,,,,
sgl100,unburned,2025-06-27,clear vane,67,1,no,1,"100, CV67, 2025-6-27, Vial 1","2-segmented club latridiid with an hour-glass-esque pronotum, maybe Cartodere constricta",Coleoptera,1,Latridiidae,,,,,,,,,,,
sgl100,unburned,2025-06-27,clear vane,67,1,no,1,"100, CV67, 2025-6-27, Vial 1",tan latridiid,Coleoptera,1,Latridiidae,,,,,,,,,,,
sgl100,unburned,2025-06-27,clear vane,67,1,no,1,"100, CV67, 2025-6-27, Vial 1",compact globular scydmaenin,Coleoptera,1,Staphylinidae,,Scydmaeninae,,,,,,,,,
sgl100,unburned,2025-06-27,clear vane,67,1,no,1,"100, CV67, 2025-6-27, Vial 1","scaphisomatini, maybe genus Toxidium",Coleoptera,1,Staphylinidae,,Scaphisomatini,,,,,,,,,
sgl100,unburned,2025-06-27,clear vane,67,1,no,1,"100, CV67, 2025-6-27, Vial 1",bark beetles (2 total),Coleoptera,1,Curculionidae,,Scolytinae,,,,,,,,,
sgl100,unburned,2025-06-27,clear vane,67,1,no,1,"100, CV67, 2025-6-27, Vial 1",bark beetles (2 total),Coleoptera,1,Curculionidae,,Scolytinae,,,,,,,,,
,,,,,,,,,,,,,,,,,,,,,,,
sgl176,recent,2025-07-21,clear vane,73,1,no,1,"176, CV73, 2025-7-21, Vial 1",black clerids with tan markings (5 total),Coleoptera,1,Cleridae,,,,,,,,,,,
sgl176,recent,2025-07-21,clear vane,73,1,no,1,"176, CV73, 2025-7-21, Vial 1",black clerids with tan markings (5 total),Coleoptera,1,Cleridae,,,,,,,,,,,
sgl176,recent,2025-07-21,clear vane,73,1,no,1,"176, CV73, 2025-7-21, Vial 1",black clerids with tan markings (5 total),Coleoptera,1,Cleridae,,,,,,,,,,,
sgl176,recent,2025-07-21,clear vane,73,1,no,1,"176, CV73, 2025-7-21, Vial 1",black clerids with tan markings (5 total),Coleoptera,1,Cleridae,,,,,,,,,,,
sgl176,recent,2025-07-21,clear vane,73,1,no,1,"176, CV73, 2025-7-21, Vial 1",black clerids with tan markings (5 total),Coleoptera,1,Cleridae,,,,,,,,,,,
sgl176,recent,2025-07-21,clear vane,73,1,no,1,"176, CV73, 2025-7-21, Vial 1","tan tenebriondi, maybe Isomira sericea",Coleoptera,1,Tenebrionidae,,,,,,,,,,,
sgl176,recent,2025-07-21,clear vane,73,1,no,1,"176, CV73, 2025-7-21, Vial 1",large brown elaterids (2 total),Coleoptera,1,Elateridae,,,,,,,,,,,
sgl176,recent,2025-07-21,clear vane,73,1,no,1,"176, CV73, 2025-7-21, Vial 1",large brown elaterids (2 total),Coleoptera,1,Elateridae,,,,,,,,,,,
sgl176,recent,2025-07-21,clear vane,73,1,no,1,"176, CV73, 2025-7-21, Vial 1",mid-size black elaterid,Coleoptera,1,Elateridae,,,,,,,,,,,
sgl176,recent,2025-07-21,clear vane,73,1,no,1,"176, CV73, 2025-7-21, Vial 1","brown melandryids with tan markings, probs genus Dircaea",Coleoptera,1,Melandryidae,,,,,,,,,,,
sgl176,recent,2025-07-21,clear vane,73,1,no,1,"176, CV73, 2025-7-21, Vial 1","brown melandryids with tan markings, probs genus Dircaea",Coleoptera,1,Melandryidae,,,,,,,,,,,
sgl176,recent,2025-07-21,clear vane,73,1,no,1,"176, CV73, 2025-7-21, Vial 1","brown melandryids with tan markings, probs genus Dircaea",Coleoptera,1,Melandryidae,,,,,,,,,,,
sgl176,recent,2025-07-21,clear vane,73,1,no,1,"176, CV73, 2025-7-21, Vial 1","brown melandryids with tan markings, probs genus Dircaea",Coleoptera,1,Melandryidae,,,,,,,,,,,
sgl176,recent,2025-07-21,clear vane,73,1,no,1,"176, CV73, 2025-7-21, Vial 1","dark brown eucnemids, maybe genus Isorhipis (2 total)",Coleoptera,1,Eucnemidae,,,,,,,,,,,
sgl176,recent,2025-07-21,clear vane,73,1,no,1,"176, CV73, 2025-7-21, Vial 1","dark brown eucnemids, maybe genus Isorhipis (2 total)",Coleoptera,1,Eucnemidae,,,,,,,,,,,
sgl176,recent,2025-07-21,clear vane,73,1,no,1,"176, CV73, 2025-7-21, Vial 1","black and orange nitidulid, maybe Glischrochilus fasciatus",Coleoptera,1,Nitidulidae,,,,,,,,,,,
sgl176,recent,2025-07-21,clear vane,73,1,no,1,"176, CV73, 2025-7-21, Vial 1",light brown ptilodactylid,Coleoptera,1,Ptilodactylidae,,,,,,,,,,,
sgl176,recent,2025-07-21,clear vane,73,1,no,1,"176, CV73, 2025-7-21, Vial 1",tan scraptiids (5 total),Coleoptera,1,Scraptiidae,,,,,,,,,,,
sgl176,recent,2025-07-21,clear vane,73,1,no,1,"176, CV73, 2025-7-21, Vial 1",tan scraptiids (5 total),Coleoptera,1,Scraptiidae,,,,,,,,,,,
sgl176,recent,2025-07-21,clear vane,73,1,no,1,"176, CV73, 2025-7-21, Vial 1",tan scraptiids (5 total),Coleoptera,1,Scraptiidae,,,,,,,,,,,
sgl176,recent,2025-07-21,clear vane,73,1,no,1,"176, CV73, 2025-7-21, Vial 1",tan scraptiids (5 total),Coleoptera,1,Scraptiidae,,,,,,,,,,,
sgl176,recent,2025-07-21,clear vane,73,1,no,1,"176, CV73, 2025-7-21, Vial 1",tan scraptiids (5 total),Coleoptera,1,Scraptiidae,,,,,,,,,,,
sgl176,recent,2025-07-21,clear vane,73,1,no,1,"176, CV73, 2025-7-21, Vial 1",mordellids (19 total),Coleoptera,1,Mordellidae,,,,,,,,,,,
sgl176,recent,2025-07-21,clear vane,73,1,no,1,"176, CV73, 2025-7-21, Vial 1",mordellids (19 total),Coleoptera,1,Mordellidae,,,,,,,,,,,
sgl176,recent,2025-07-21,clear vane,73,1,no,1,"176, CV73, 2025-7-21, Vial 1",mordellids (19 total),Coleoptera,1,Mordellidae,,,,,,,,,,,
sgl176,recent,2025-07-21,clear vane,73,1,no,1,"176, CV73, 2025-7-21, Vial 1",mordellids (19 total),Coleoptera,1,Mordellidae,,,,,,,,,,,
sgl176,recent,2025-07-21,clear vane,73,1,no,1,"176, CV73, 2025-7-21, Vial 1",mordellids (19 total),Coleoptera,1,Mordellidae,,,,,,,,,,,
sgl176,recent,2025-07-21,clear vane,73,1,no,1,"176, CV73, 2025-7-21, Vial 1",mordellids (19 total),Coleoptera,1,Mordellidae,,,,,,,,,,,
sgl176,recent,2025-07-21,clear vane,73,1,no,1,"176, CV73, 2025-7-21, Vial 1",mordellids (19 total),Coleoptera,1,Mordellidae,,,,,,,,,,,
sgl176,recent,2025-07-21,clear vane,73,1,no,1,"176, CV73, 2025-7-21, Vial 1",mordellids (19 total),Coleoptera,1,Mordellidae,,,,,,,,,,,
sgl176,recent,2025-07-21,clear vane,73,1,no,1,"176, CV73, 2025-7-21, Vial 1",mordellids (19 total),Coleoptera,1,Mordellidae,,,,,,,,,,,
sgl176,recent,2025-07-21,clear vane,73,1,no,1,"176, CV73, 2025-7-21, Vial 1",mordellids (19 total),Coleoptera,1,Mordellidae,,,,,,,,,,,
sgl176,recent,2025-07-21,clear vane,73,1,no,1,"176, CV73, 2025-7-21, Vial 1",mordellids (19 total),Coleoptera,1,Mordellidae,,,,,,,,,,,
sgl176,recent,2025-07-21,clear vane,73,1,no,1,"176, CV73, 2025-7-21, Vial 1",mordellids (19 total),Coleoptera,1,Mordellidae,,,,,,,,,,,
sgl176,recent,2025-07-21,clear vane,73,1,no,1,"176, CV73, 2025-7-21, Vial 1",mordellids (19 total),Coleoptera,1,Mordellidae,,,,,,,,,,,
sgl176,recent,2025-07-21,clear vane,73,1,no,1,"176, CV73, 2025-7-21, Vial 1",mordellids (19 total),Coleoptera,1,Mordellidae,,,,,,,,,,,
sgl176,recent,2025-07-21,clear vane,73,1,no,1,"176, CV73, 2025-7-21, Vial 1",mordellids (19 total),Coleoptera,1,Mordellidae,,,,,,,,,,,
sgl176,recent,2025-07-21,clear vane,73,1,no,1,"176, CV73, 2025-7-21, Vial 1",mordellids (19 total),Coleoptera,1,Mordellidae,,,,,,,,,,,
sgl176,recent,2025-07-21,clear vane,73,1,no,1,"176, CV73, 2025-7-21, Vial 1",mordellids (19 total),Coleoptera,1,Mordellidae,,,,,,,,,,,
sgl176,recent,2025-07-21,clear vane,73,1,no,1,"176, CV73, 2025-7-21, Vial 1",mordellids (19 total),Coleoptera,1,Mordellidae,,,,,,,,,,,
sgl176,recent,2025-07-21,clear vane,73,1,no,1,"176, CV73, 2025-7-21, Vial 1",mordellids (19 total),Coleoptera,1,Mordellidae,,,,,,,,,,,
sgl176,recent,2025-07-21,clear vane,73,1,no,1,"176, CV73, 2025-7-21, Vial 1",genus Mycetophagus,Coleoptera,1,Mycetophagidae,,,,,,,,,,,
sgl176,recent,2025-07-21,clear vane,73,1,no,1,"176, CV73, 2025-7-21, Vial 1","brown staphylinids with horns on their head, maybe genus Siagonium (2 total)",Coleoptera,1,Staphylinidae,,,,,,,,,,,
sgl176,recent,2025-07-21,clear vane,73,1,no,1,"176, CV73, 2025-7-21, Vial 1","brown staphylinids with horns on their head, maybe genus Siagonium (2 total)",Coleoptera,1,Staphylinidae,,,,,,,,,,,
sgl176,recent,2025-07-21,clear vane,73,1,no,1,"176, CV73, 2025-7-21, Vial 1",staphylinids (5 total),Coleoptera,1,Staphylinidae,,,,,,,,,,,
sgl176,recent,2025-07-21,clear vane,73,1,no,1,"176, CV73, 2025-7-21, Vial 1",staphylinids (5 total),Coleoptera,1,Staphylinidae,,,,,,,,,,,
sgl176,recent,2025-07-21,clear vane,73,1,no,1,"176, CV73, 2025-7-21, Vial 1",staphylinids (5 total),Coleoptera,1,Staphylinidae,,,,,,,,,,,
sgl176,recent,2025-07-21,clear vane,73,1,no,1,"176, CV73, 2025-7-21, Vial 1",staphylinids (5 total),Coleoptera,1,Staphylinidae,,,,,,,,,,,
sgl176,recent,2025-07-21,clear vane,73,1,no,1,"176, CV73, 2025-7-21, Vial 1",staphylinids (5 total),Coleoptera,1,Staphylinidae,,,,,,,,,,,
sgl176,recent,2025-07-21,clear vane,73,1,no,1,"176, CV73, 2025-7-21, Vial 1",brown flat monotimids (2 total),Coleoptera,1,Monotomidae,,,,,,,,,,,
sgl176,recent,2025-07-21,clear vane,73,1,no,1,"176, CV73, 2025-7-21, Vial 1",brown flat monotimids (2 total),Coleoptera,1,Monotomidae,,,,,,,,,,,
sgl176,recent,2025-07-21,clear vane,73,1,no,1,"176, CV73, 2025-7-21, Vial 1",tan corylophids (2 total),Coleoptera,1,Corylophidae,,,,,,,,,,,
sgl176,recent,2025-07-21,clear vane,73,1,no,1,"176, CV73, 2025-7-21, Vial 1",tan corylophids (2 total),Coleoptera,1,Corylophidae,,,,,,,,,,,
sgl176,recent,2025-07-21,clear vane,73,1,no,1,"176, CV73, 2025-7-21, Vial 1","hard ID. Tiny histerid with tucked in head, 1 segmented club, widely separated metacoxae, ventrites 1 and 2 longer than the rest, short elytra exposing 2-3 tergites, all black body",Coleoptera,1,Histeridae,,,,,,,,,,,
sgl176,recent,2025-07-21,clear vane,73,1,no,1,"176, CV73, 2025-7-21, Vial 1",brown and tan tetratomid,Coleoptera,1,Tetratomidae,,,,,,,,,,,
sgl176,recent,2025-07-21,clear vane,73,1,no,1,"176, CV73, 2025-7-21, Vial 1",silvanid,Coleoptera,1,Silvanidae,,,,,,,,,,,
sgl176,recent,2025-07-21,clear vane,73,1,no,1,"176, CV73, 2025-7-21, Vial 1",hairy pselaphin beetle,Coleoptera,1,Staphylinidae,,Pselaphinae,,,,,,,,,
sgl176,recent,2025-07-21,clear vane,73,1,no,1,"176, CV73, 2025-7-21, Vial 1",tan latridiid,Coleoptera,1,Latridiidae,,,,,,,,,,,
sgl176,recent,2025-07-21,clear vane,73,1,no,1,"176, CV73, 2025-7-21, Vial 1","mottled latridiid, probs Enicmus maculatus",Coleoptera,1,Latridiidae,,,,,,,,,,,
sgl176,recent,2025-07-21,clear vane,73,1,no,1,"176, CV73, 2025-7-21, Vial 1",dark nitidulid,Coleoptera,1,Nitidulidae,,,,,,,,,,,
sgl176,recent,2025-07-21,clear vane,73,1,no,1,"176, CV73, 2025-7-21, Vial 1","brown eucinetid, the plate concealing hind coxae is so obvious! Nice and easy ID",Coleoptera,1,Eucinetidae,,,,,,,,,,,
sgl176,recent,2025-07-21,clear vane,73,1,no,1,"176, CV73, 2025-7-21, Vial 1",2-seg club beetle,Coleoptera,1,Sphindidae,,,,,,,,,,,
sgl176,recent,2025-07-21,clear vane,73,1,no,1,"176, CV73, 2025-7-21, Vial 1",brown ptinids (2 total),Coleoptera,1,Ptinidae,,,,,,,,,,,
sgl176,recent,2025-07-21,clear vane,73,1,no,1,"176, CV73, 2025-7-21, Vial 1",brown ptinids (2 total),Coleoptera,1,Ptinidae,,,,,,,,,,,
sgl176,recent,2025-07-21,clear vane,73,1,no,1,"176, CV73, 2025-7-21, Vial 1",bark beetles (25 total),Coleoptera,1,Curculionidae,,Scolytinae,,,,,,,,,
sgl176,recent,2025-07-21,clear vane,73,1,no,1,"176, CV73, 2025-7-21, Vial 1",bark beetles (25 total),Coleoptera,1,Curculionidae,,Scolytinae,,,,,,,,,
sgl176,recent,2025-07-21,clear vane,73,1,no,1,"176, CV73, 2025-7-21, Vial 1",bark beetles (25 total),Coleoptera,1,Curculionidae,,Scolytinae,,,,,,,,,
sgl176,recent,2025-07-21,clear vane,73,1,no,1,"176, CV73, 2025-7-21, Vial 1",bark beetles (25 total),Coleoptera,1,Curculionidae,,Scolytinae,,,,,,,,,
sgl176,recent,2025-07-21,clear vane,73,1,no,1,"176, CV73, 2025-7-21, Vial 1",bark beetles (25 total),Coleoptera,1,Curculionidae,,Scolytinae,,,,,,,,,
sgl176,recent,2025-07-21,clear vane,73,1,no,1,"176, CV73, 2025-7-21, Vial 1",bark beetles (25 total),Coleoptera,1,Curculionidae,,Scolytinae,,,,,,,,,
sgl176,recent,2025-07-21,clear vane,73,1,no,1,"176, CV73, 2025-7-21, Vial 1",bark beetles (25 total),Coleoptera,1,Curculionidae,,Scolytinae,,,,,,,,,
sgl176,recent,2025-07-21,clear vane,73,1,no,1,"176, CV73, 2025-7-21, Vial 1",bark beetles (25 total),Coleoptera,1,Curculionidae,,Scolytinae,,,,,,,,,
sgl176,recent,2025-07-21,clear vane,73,1,no,1,"176, CV73, 2025-7-21, Vial 1",bark beetles (25 total),Coleoptera,1,Curculionidae,,Scolytinae,,,,,,,,,
sgl176,recent,2025-07-21,clear vane,73,1,no,1,"176, CV73, 2025-7-21, Vial 1",bark beetles (25 total),Coleoptera,1,Curculionidae,,Scolytinae,,,,,,,,,
sgl176,recent,2025-07-21,clear vane,73,1,no,1,"176, CV73, 2025-7-21, Vial 1",bark beetles (25 total),Coleoptera,1,Curculionidae,,Scolytinae,,,,,,,,,
sgl176,recent,2025-07-21,clear vane,73,1,no,1,"176, CV73, 2025-7-21, Vial 1",bark beetles (25 total),Coleoptera,1,Curculionidae,,Scolytinae,,,,,,,,,
sgl176,recent,2025-07-21,clear vane,73,1,no,1,"176, CV73, 2025-7-21, Vial 1",bark beetles (25 total),Coleoptera,1,Curculionidae,,Scolytinae,,,,,,,,,
sgl176,recent,2025-07-21,clear vane,73,1,no,1,"176, CV73, 2025-7-21, Vial 1",bark beetles (25 total),Coleoptera,1,Curculionidae,,Scolytinae,,,,,,,,,
sgl176,recent,2025-07-21,clear vane,73,1,no,1,"176, CV73, 2025-7-21, Vial 1",bark beetles (25 total),Coleoptera,1,Curculionidae,,Scolytinae,,,,,,,,,
sgl176,recent,2025-07-21,clear vane,73,1,no,1,"176, CV73, 2025-7-21, Vial 1",bark beetles (25 total),Coleoptera,1,Curculionidae,,Scolytinae,,,,,,,,,
sgl176,recent,2025-07-21,clear vane,73,1,no,1,"176, CV73, 2025-7-21, Vial 1",bark beetles (25 total),Coleoptera,1,Curculionidae,,Scolytinae,,,,,,,,,
sgl176,recent,2025-07-21,clear vane,73,1,no,1,"176, CV73, 2025-7-21, Vial 1",bark beetles (25 total),Coleoptera,1,Curculionidae,,Scolytinae,,,,,,,,,
sgl176,recent,2025-07-21,clear vane,73,1,no,1,"176, CV73, 2025-7-21, Vial 1",bark beetles (25 total),Coleoptera,1,Curculionidae,,Scolytinae,,,,,,,,,
sgl176,recent,2025-07-21,clear vane,73,1,no,1,"176, CV73, 2025-7-21, Vial 1",bark beetles (25 total),Coleoptera,1,Curculionidae,,Scolytinae,,,,,,,,,
sgl176,recent,2025-07-21,clear vane,73,1,no,1,"176, CV73, 2025-7-21, Vial 1",bark beetles (25 total),Coleoptera,1,Curculionidae,,Scolytinae,,,,,,,,,
sgl176,recent,2025-07-21,clear vane,73,1,no,1,"176, CV73, 2025-7-21, Vial 1",bark beetles (25 total),Coleoptera,1,Curculionidae,,Scolytinae,,,,,,,,,
sgl176,recent,2025-07-21,clear vane,73,1,no,1,"176, CV73, 2025-7-21, Vial 1",bark beetles (25 total),Coleoptera,1,Curculionidae,,Scolytinae,,,,,,,,,
sgl176,recent,2025-07-21,clear vane,73,1,no,1,"176, CV73, 2025-7-21, Vial 1",bark beetles (25 total),Coleoptera,1,Curculionidae,,Scolytinae,,,,,,,,,
sgl176,recent,2025-07-21,clear vane,73,1,no,1,"176, CV73, 2025-7-21, Vial 1",bark beetles (25 total),Coleoptera,1,Curculionidae,,Scolytinae,,,,,,,,,
,,,,,,,,,,,,,,,,,,,,,,,
sgl176,medium,2025-07-21,clear vane,79,1,no,1,"176, CV79, 2025-7-21, Vial 1",mordellids (25 total),Coleoptera,1,Mordellidae,,,,,,,,,,,
sgl176,medium,2025-07-21,clear vane,79,1,no,1,"176, CV79, 2025-7-21, Vial 1",mordellids (25 total),Coleoptera,1,Mordellidae,,,,,,,,,,,
sgl176,medium,2025-07-21,clear vane,79,1,no,1,"176, CV79, 2025-7-21, Vial 1",mordellids (25 total),Coleoptera,1,Mordellidae,,,,,,,,,,,
sgl176,medium,2025-07-21,clear vane,79,1,no,1,"176, CV79, 2025-7-21, Vial 1",mordellids (25 total),Coleoptera,1,Mordellidae,,,,,,,,,,,
sgl176,medium,2025-07-21,clear vane,79,1,no,1,"176, CV79, 2025-7-21, Vial 1",mordellids (25 total),Coleoptera,1,Mordellidae,,,,,,,,,,,
sgl176,medium,2025-07-21,clear vane,79,1,no,1,"176, CV79, 2025-7-21, Vial 1",mordellids (25 total),Coleoptera,1,Mordellidae,,,,,,,,,,,
sgl176,medium,2025-07-21,clear vane,79,1,no,1,"176, CV79, 2025-7-21, Vial 1",mordellids (25 total),Coleoptera,1,Mordellidae,,,,,,,,,,,
sgl176,medium,2025-07-21,clear vane,79,1,no,1,"176, CV79, 2025-7-21, Vial 1",mordellids (25 total),Coleoptera,1,Mordellidae,,,,,,,,,,,
sgl176,medium,2025-07-21,clear vane,79,1,no,1,"176, CV79, 2025-7-21, Vial 1",mordellids (25 total),Coleoptera,1,Mordellidae,,,,,,,,,,,
sgl176,medium,2025-07-21,clear vane,79,1,no,1,"176, CV79, 2025-7-21, Vial 1",mordellids (25 total),Coleoptera,1,Mordellidae,,,,,,,,,,,
sgl176,medium,2025-07-21,clear vane,79,1,no,1,"176, CV79, 2025-7-21, Vial 1",mordellids (25 total),Coleoptera,1,Mordellidae,,,,,,,,,,,
sgl176,medium,2025-07-21,clear vane,79,1,no,1,"176, CV79, 2025-7-21, Vial 1",mordellids (25 total),Coleoptera,1,Mordellidae,,,,,,,,,,,
sgl176,medium,2025-07-21,clear vane,79,1,no,1,"176, CV79, 2025-7-21, Vial 1",mordellids (25 total),Coleoptera,1,Mordellidae,,,,,,,,,,,
sgl176,medium,2025-07-21,clear vane,79,1,no,1,"176, CV79, 2025-7-21, Vial 1",mordellids (25 total),Coleoptera,1,Mordellidae,,,,,,,,,,,
sgl176,medium,2025-07-21,clear vane,79,1,no,1,"176, CV79, 2025-7-21, Vial 1",mordellids (25 total),Coleoptera,1,Mordellidae,,,,,,,,,,,
sgl176,medium,2025-07-21,clear vane,79,1,no,1,"176, CV79, 2025-7-21, Vial 1",mordellids (25 total),Coleoptera,1,Mordellidae,,,,,,,,,,,
sgl176,medium,2025-07-21,clear vane,79,1,no,1,"176, CV79, 2025-7-21, Vial 1",mordellids (25 total),Coleoptera,1,Mordellidae,,,,,,,,,,,
sgl176,medium,2025-07-21,clear vane,79,1,no,1,"176, CV79, 2025-7-21, Vial 1",mordellids (25 total),Coleoptera,1,Mordellidae,,,,,,,,,,,
sgl176,medium,2025-07-21,clear vane,79,1,no,1,"176, CV79, 2025-7-21, Vial 1",mordellids (25 total),Coleoptera,1,Mordellidae,,,,,,,,,,,
sgl176,medium,2025-07-21,clear vane,79,1,no,1,"176, CV79, 2025-7-21, Vial 1",mordellids (25 total),Coleoptera,1,Mordellidae,,,,,,,,,,,
sgl176,medium,2025-07-21,clear vane,79,1,no,1,"176, CV79, 2025-7-21, Vial 1",mordellids (25 total),Coleoptera,1,Mordellidae,,,,,,,,,,,
sgl176,medium,2025-07-21,clear vane,79,1,no,1,"176, CV79, 2025-7-21, Vial 1",mordellids (25 total),Coleoptera,1,Mordellidae,,,,,,,,,,,
sgl176,medium,2025-07-21,clear vane,79,1,no,1,"176, CV79, 2025-7-21, Vial 1",mordellids (25 total),Coleoptera,1,Mordellidae,,,,,,,,,,,
sgl176,medium,2025-07-21,clear vane,79,1,no,1,"176, CV79, 2025-7-21, Vial 1",mordellids (25 total),Coleoptera,1,Mordellidae,,,,,,,,,,,
sgl176,medium,2025-07-21,clear vane,79,1,no,1,"176, CV79, 2025-7-21, Vial 1",mordellids (25 total),Coleoptera,1,Mordellidae,,,,,,,,,,,
sgl176,medium,2025-07-21,clear vane,79,1,no,1,"176, CV79, 2025-7-21, Vial 1",brown scarab,Coleoptera,1,Scarabaeidae,,,,,,,,,,,
sgl176,medium,2025-07-21,clear vane,79,1,no,1,"176, CV79, 2025-7-21, Vial 1",carrion beetle,Coleoptera,1,Staphylinidae,,Silphinae,,,,,,,,,
sgl176,medium,2025-07-21,clear vane,79,1,no,1,"176, CV79, 2025-7-21, Vial 1",shiny green carabid,Coleoptera,1,Carabidae,,,,,,,,,,,
sgl176,medium,2025-07-21,clear vane,79,1,no,1,"176, CV79, 2025-7-21, Vial 1","brown carabid with tan margins, maybe genus Cymindis",Coleoptera,1,Carabidae,,,,,,,,,,,
sgl176,medium,2025-07-21,clear vane,79,1,no,1,"176, CV79, 2025-7-21, Vial 1",brow elaterid,Coleoptera,1,Elateridae,,,,,,,,,,,
sgl176,medium,2025-07-21,clear vane,79,1,no,1,"176, CV79, 2025-7-21, Vial 1","tetratomid, probs genus Hallomenus",Coleoptera,1,Tetratomidae,,,,,,,,,,,
sgl176,medium,2025-07-21,clear vane,79,1,no,1,"176, CV79, 2025-7-21, Vial 1","brown cupedid, markings are hard to see but still there",Coleoptera,1,Cupedidae,,,,,,,,,,,
sgl176,medium,2025-07-21,clear vane,79,1,no,1,"176, CV79, 2025-7-21, Vial 1",small brown ptinids,Coleoptera,1,Ptinidae,,,,,,,,,,,
sgl176,medium,2025-07-21,clear vane,79,1,no,1,"176, CV79, 2025-7-21, Vial 1","small brown ptinid, but I broke the head off of the rest of the body",Coleoptera,1,Ptinidae,,,,,,,,,,,
sgl176,medium,2025-07-21,clear vane,79,1,no,1,"176, CV79, 2025-7-21, Vial 1",black aderid with orange-tan markings,Coleoptera,1,Aderidae,,,,,,,,,,,
sgl176,medium,2025-07-21,clear vane,79,1,no,1,"176, CV79, 2025-7-21, Vial 1",black clerids with tan markings (2 total),Coleoptera,1,Cleridae,,,,,,,,,,,
sgl176,medium,2025-07-21,clear vane,79,1,no,1,"176, CV79, 2025-7-21, Vial 1",black clerids with tan markings (2 total),Coleoptera,1,Cleridae,,,,,,,,,,,
sgl176,medium,2025-07-21,clear vane,79,1,no,1,"176, CV79, 2025-7-21, Vial 1",shiny dark blue clerid,Coleoptera,1,Cleridae,,,,,,,,,,,
sgl176,medium,2025-07-21,clear vane,79,1,no,1,"176, CV79, 2025-7-21, Vial 1",staphylinids (10 total),Coleoptera,1,Staphylinidae,,,,,,,,,,,
sgl176,medium,2025-07-21,clear vane,79,1,no,1,"176, CV79, 2025-7-21, Vial 1",staphylinids (10 total),Coleoptera,1,Staphylinidae,,,,,,,,,,,
sgl176,medium,2025-07-21,clear vane,79,1,no,1,"176, CV79, 2025-7-21, Vial 1",staphylinids (10 total),Coleoptera,1,Staphylinidae,,,,,,,,,,,
sgl176,medium,2025-07-21,clear vane,79,1,no,1,"176, CV79, 2025-7-21, Vial 1",staphylinids (10 total),Coleoptera,1,Staphylinidae,,,,,,,,,,,
sgl176,medium,2025-07-21,clear vane,79,1,no,1,"176, CV79, 2025-7-21, Vial 1",staphylinids (10 total),Coleoptera,1,Staphylinidae,,,,,,,,,,,
sgl176,medium,2025-07-21,clear vane,79,1,no,1,"176, CV79, 2025-7-21, Vial 1",staphylinids (10 total),Coleoptera,1,Staphylinidae,,,,,,,,,,,
sgl176,medium,2025-07-21,clear vane,79,1,no,1,"176, CV79, 2025-7-21, Vial 1",staphylinids (10 total),Coleoptera,1,Staphylinidae,,,,,,,,,,,
sgl176,medium,2025-07-21,clear vane,79,1,no,1,"176, CV79, 2025-7-21, Vial 1",staphylinids (10 total),Coleoptera,1,Staphylinidae,,,,,,,,,,,
sgl176,medium,2025-07-21,clear vane,79,1,no,1,"176, CV79, 2025-7-21, Vial 1",staphylinids (10 total),Coleoptera,1,Staphylinidae,,,,,,,,,,,
sgl176,medium,2025-07-21,clear vane,79,1,no,1,"176, CV79, 2025-7-21, Vial 1",staphylinids (10 total),Coleoptera,1,Staphylinidae,,,,,,,,,,,
sgl176,medium,2025-07-21,clear vane,79,1,no,1,"176, CV79, 2025-7-21, Vial 1",round agathidiini leiodids (5 total),Coleoptera,1,Leiodidae,,Agathidiini,,,,,,,,,
sgl176,medium,2025-07-21,clear vane,79,1,no,1,"176, CV79, 2025-7-21, Vial 1",round agathidiini leiodids (5 total),Coleoptera,1,Leiodidae,,Agathidiini,,,,,,,,,
sgl176,medium,2025-07-21,clear vane,79,1,no,1,"176, CV79, 2025-7-21, Vial 1",round agathidiini leiodids (5 total),Coleoptera,1,Leiodidae,,Agathidiini,,,,,,,,,
sgl176,medium,2025-07-21,clear vane,79,1,no,1,"176, CV79, 2025-7-21, Vial 1",round agathidiini leiodids (5 total),Coleoptera,1,Leiodidae,,Agathidiini,,,,,,,,,
sgl176,medium,2025-07-21,clear vane,79,1,no,1,"176, CV79, 2025-7-21, Vial 1",round agathidiini leiodids (5 total),Coleoptera,1,Leiodidae,,Agathidiini,,,,,,,,,
sgl176,medium,2025-07-21,clear vane,79,1,no,1,"176, CV79, 2025-7-21, Vial 1",brown weevil,Coleoptera,1,Curculionidae,,,,,,,,,,,
sgl176,medium,2025-07-21,clear vane,79,1,no,1,"176, CV79, 2025-7-21, Vial 1",brown monotomid,Coleoptera,1,Monotomidae,,,,,,,,,,,
sgl176,medium,2025-07-21,clear vane,79,1,no,1,"176, CV79, 2025-7-21, Vial 1",brown leiodid that I almost confused for a scraptiid or a melandryid,Coleoptera,1,Leiodidae,,,,,,,,,,,
sgl176,medium,2025-07-21,clear vane,79,1,no,1,"176, CV79, 2025-7-21, Vial 1",bark beetles (5 total),Coleoptera,1,Curculionidae,,Scolytinae,,,,,,,,,
sgl176,medium,2025-07-21,clear vane,79,1,no,1,"176, CV79, 2025-7-21, Vial 1",bark beetles (5 total),Coleoptera,1,Curculionidae,,Scolytinae,,,,,,,,,
sgl176,medium,2025-07-21,clear vane,79,1,no,1,"176, CV79, 2025-7-21, Vial 1",bark beetles (5 total),Coleoptera,1,Curculionidae,,Scolytinae,,,,,,,,,
sgl176,medium,2025-07-21,clear vane,79,1,no,1,"176, CV79, 2025-7-21, Vial 1",bark beetles (5 total),Coleoptera,1,Curculionidae,,Scolytinae,,,,,,,,,
sgl176,medium,2025-07-21,clear vane,79,1,no,1,"176, CV79, 2025-7-21, Vial 1",bark beetles (5 total),Coleoptera,1,Curculionidae,,Scolytinae,,,,,,,,,
,,,,,,,,,,,,,,,,,,,,,,,
sgl176,unburned,2025-07-21,clear vane,85,1,no,1,"176, CV85, 2025-7-21, Vial 1",shiny green carabids (2 total),Coleoptera,1,Carabidae,,,,,,,,,,,
sgl176,unburned,2025-07-21,clear vane,85,1,no,1,"176, CV85, 2025-7-21, Vial 1",shiny green carabids (2 total),Coleoptera,1,Carabidae,,,,,,,,,,,
sgl176,unburned,2025-07-21,clear vane,85,1,no,1,"176, CV85, 2025-7-21, Vial 1",large brown elaterid,Coleoptera,1,Elateridae,,,,,,,,,,,
sgl176,unburned,2025-07-21,clear vane,85,1,no,1,"176, CV85, 2025-7-21, Vial 1","all black shield shaped tetratomid, probs Penthe pimelia",Coleoptera,1,Tetratomidae,,,,,,,,,,,
sgl176,unburned,2025-07-21,clear vane,85,1,no,1,"176, CV85, 2025-7-21, Vial 1","cupedid, adorable! maybe Tenomerga cinerea ",Coleoptera,1,Cupedidae,,,,,,,,,,,
sgl176,unburned,2025-07-21,clear vane,85,1,no,1,"176, CV85, 2025-7-21, Vial 1",mordellids (4 total),Coleoptera,1,Mordellidae,,,,,,,,,,,
sgl176,unburned,2025-07-21,clear vane,85,1,no,1,"176, CV85, 2025-7-21, Vial 1",mordellids (4 total),Coleoptera,1,Mordellidae,,,,,,,,,,,
sgl176,unburned,2025-07-21,clear vane,85,1,no,1,"176, CV85, 2025-7-21, Vial 1",mordellids (4 total),Coleoptera,1,Mordellidae,,,,,,,,,,,
sgl176,unburned,2025-07-21,clear vane,85,1,no,1,"176, CV85, 2025-7-21, Vial 1",mordellids (4 total),Coleoptera,1,Mordellidae,,,,,,,,,,,
sgl176,unburned,2025-07-21,clear vane,85,1,no,1,"176, CV85, 2025-7-21, Vial 1",staphylinids (8 total),Coleoptera,1,Staphylinidae,,,,,,,,,,,
sgl176,unburned,2025-07-21,clear vane,85,1,no,1,"176, CV85, 2025-7-21, Vial 1",staphylinids (8 total),Coleoptera,1,Staphylinidae,,,,,,,,,,,
sgl176,unburned,2025-07-21,clear vane,85,1,no,1,"176, CV85, 2025-7-21, Vial 1",staphylinids (8 total),Coleoptera,1,Staphylinidae,,,,,,,,,,,
sgl176,unburned,2025-07-21,clear vane,85,1,no,1,"176, CV85, 2025-7-21, Vial 1",staphylinids (8 total),Coleoptera,1,Staphylinidae,,,,,,,,,,,
sgl176,unburned,2025-07-21,clear vane,85,1,no,1,"176, CV85, 2025-7-21, Vial 1",staphylinids (8 total),Coleoptera,1,Staphylinidae,,,,,,,,,,,
sgl176,unburned,2025-07-21,clear vane,85,1,no,1,"176, CV85, 2025-7-21, Vial 1",staphylinids (8 total),Coleoptera,1,Staphylinidae,,,,,,,,,,,
sgl176,unburned,2025-07-21,clear vane,85,1,no,1,"176, CV85, 2025-7-21, Vial 1",staphylinids (8 total),Coleoptera,1,Staphylinidae,,,,,,,,,,,
sgl176,unburned,2025-07-21,clear vane,85,1,no,1,"176, CV85, 2025-7-21, Vial 1",staphylinids (8 total),Coleoptera,1,Staphylinidae,,,,,,,,,,,
sgl176,unburned,2025-07-21,clear vane,85,1,no,1,"176, CV85, 2025-7-21, Vial 1",tan corylophid,Coleoptera,1,Corylophidae,,,,,,,,,,,
sgl176,unburned,2025-07-21,clear vane,85,1,no,1,"176, CV85, 2025-7-21, Vial 1",black clerid with tan markings,Coleoptera,1,Cleridae,,,,,,,,,,,
sgl176,unburned,2025-07-21,clear vane,85,1,no,1,"176, CV85, 2025-7-21, Vial 1",silvanid,Coleoptera,1,Silvanidae,,,,,,,,,,,
sgl176,unburned,2025-07-21,clear vane,85,1,no,1,"176, CV85, 2025-7-21, Vial 1","brown, 1-segmented club Zopherid, genus Synchita",Coleoptera,1,Zopheridae,,,,,,,,,,,
sgl176,unburned,2025-07-21,clear vane,85,1,no,1,"176, CV85, 2025-7-21, Vial 1",bark beetles (10 total),Coleoptera,1,Curculionidae,,Scolytinae,,,,,,,,,
sgl176,unburned,2025-07-21,clear vane,85,1,no,1,"176, CV85, 2025-7-21, Vial 1",bark beetles (10 total),Coleoptera,1,Curculionidae,,Scolytinae,,,,,,,,,
sgl176,unburned,2025-07-21,clear vane,85,1,no,1,"176, CV85, 2025-7-21, Vial 1",bark beetles (10 total),Coleoptera,1,Curculionidae,,Scolytinae,,,,,,,,,
sgl176,unburned,2025-07-21,clear vane,85,1,no,1,"176, CV85, 2025-7-21, Vial 1",bark beetles (10 total),Coleoptera,1,Curculionidae,,Scolytinae,,,,,,,,,
sgl176,unburned,2025-07-21,clear vane,85,1,no,1,"176, CV85, 2025-7-21, Vial 1",bark beetles (10 total),Coleoptera,1,Curculionidae,,Scolytinae,,,,,,,,,
sgl176,unburned,2025-07-21,clear vane,85,1,no,1,"176, CV85, 2025-7-21, Vial 1",bark beetles (10 total),Coleoptera,1,Curculionidae,,Scolytinae,,,,,,,,,
sgl176,unburned,2025-07-21,clear vane,85,1,no,1,"176, CV85, 2025-7-21, Vial 1",bark beetles (10 total),Coleoptera,1,Curculionidae,,Scolytinae,,,,,,,,,
sgl176,unburned,2025-07-21,clear vane,85,1,no,1,"176, CV85, 2025-7-21, Vial 1",bark beetles (10 total),Coleoptera,1,Curculionidae,,Scolytinae,,,,,,,,,
sgl176,unburned,2025-07-21,clear vane,85,1,no,1,"176, CV85, 2025-7-21, Vial 1",bark beetles (10 total),Coleoptera,1,Curculionidae,,Scolytinae,,,,,,,,,
sgl176,unburned,2025-07-21,clear vane,85,1,no,1,"176, CV85, 2025-7-21, Vial 1",bark beetles (10 total),Coleoptera,1,Curculionidae,,Scolytinae,,,,,,,,,
,,,,,,,,,,,,,,,,,,,,,,,
sgl322,recent,2025-06-09,clear vane,4,1,no,1,"322, CV4, 2025-6-9, Vial 1",mordellids (18 total),Coleoptera,1,Mordellidae,,,,,,,,,,,
sgl322,recent,2025-06-09,clear vane,4,1,no,1,"322, CV4, 2025-6-9, Vial 1",mordellids (18 total),Coleoptera,1,Mordellidae,,,,,,,,,,,
sgl322,recent,2025-06-09,clear vane,4,1,no,1,"322, CV4, 2025-6-9, Vial 1",mordellids (18 total),Coleoptera,1,Mordellidae,,,,,,,,,,,
sgl322,recent,2025-06-09,clear vane,4,1,no,1,"322, CV4, 2025-6-9, Vial 1",mordellids (18 total),Coleoptera,1,Mordellidae,,,,,,,,,,,
sgl322,recent,2025-06-09,clear vane,4,1,no,1,"322, CV4, 2025-6-9, Vial 1",mordellids (18 total),Coleoptera,1,Mordellidae,,,,,,,,,,,
sgl322,recent,2025-06-09,clear vane,4,1,no,1,"322, CV4, 2025-6-9, Vial 1",mordellids (18 total),Coleoptera,1,Mordellidae,,,,,,,,,,,
sgl322,recent,2025-06-09,clear vane,4,1,no,1,"322, CV4, 2025-6-9, Vial 1",mordellids (18 total),Coleoptera,1,Mordellidae,,,,,,,,,,,
sgl322,recent,2025-06-09,clear vane,4,1,no,1,"322, CV4, 2025-6-9, Vial 1",mordellids (18 total),Coleoptera,1,Mordellidae,,,,,,,,,,,
sgl322,recent,2025-06-09,clear vane,4,1,no,1,"322, CV4, 2025-6-9, Vial 1",mordellids (18 total),Coleoptera,1,Mordellidae,,,,,,,,,,,
sgl322,recent,2025-06-09,clear vane,4,1,no,1,"322, CV4, 2025-6-9, Vial 1",mordellids (18 total),Coleoptera,1,Mordellidae,,,,,,,,,,,
sgl322,recent,2025-06-09,clear vane,4,1,no,1,"322, CV4, 2025-6-9, Vial 1",mordellids (18 total),Coleoptera,1,Mordellidae,,,,,,,,,,,
sgl322,recent,2025-06-09,clear vane,4,1,no,1,"322, CV4, 2025-6-9, Vial 1",mordellids (18 total),Coleoptera,1,Mordellidae,,,,,,,,,,,
sgl322,recent,2025-06-09,clear vane,4,1,no,1,"322, CV4, 2025-6-9, Vial 1",mordellids (18 total),Coleoptera,1,Mordellidae,,,,,,,,,,,
sgl322,recent,2025-06-09,clear vane,4,1,no,1,"322, CV4, 2025-6-9, Vial 1",mordellids (18 total),Coleoptera,1,Mordellidae,,,,,,,,,,,
sgl322,recent,2025-06-09,clear vane,4,1,no,1,"322, CV4, 2025-6-9, Vial 1",mordellids (18 total),Coleoptera,1,Mordellidae,,,,,,,,,,,
sgl322,recent,2025-06-09,clear vane,4,1,no,1,"322, CV4, 2025-6-9, Vial 1",mordellids (18 total),Coleoptera,1,Mordellidae,,,,,,,,,,,
sgl322,recent,2025-06-09,clear vane,4,1,no,1,"322, CV4, 2025-6-9, Vial 1",mordellids (18 total),Coleoptera,1,Mordellidae,,,,,,,,,,,
sgl322,recent,2025-06-09,clear vane,4,1,no,1,"322, CV4, 2025-6-9, Vial 1",mordellids (18 total),Coleoptera,1,Mordellidae,,,,,,,,,,,
sgl322,recent,2025-06-09,clear vane,4,1,no,1,"322, CV4, 2025-6-9, Vial 1",tan scarabs (9 total),Coleoptera,1,Scarabaeidae,,,,,,,,,,,
sgl322,recent,2025-06-09,clear vane,4,1,no,1,"322, CV4, 2025-6-9, Vial 1",tan scarabs (9 total),Coleoptera,1,Scarabaeidae,,,,,,,,,,,
sgl322,recent,2025-06-09,clear vane,4,1,no,1,"322, CV4, 2025-6-9, Vial 1",tan scarabs (9 total),Coleoptera,1,Scarabaeidae,,,,,,,,,,,
sgl322,recent,2025-06-09,clear vane,4,1,no,1,"322, CV4, 2025-6-9, Vial 1",tan scarabs (9 total),Coleoptera,1,Scarabaeidae,,,,,,,,,,,
sgl322,recent,2025-06-09,clear vane,4,1,no,1,"322, CV4, 2025-6-9, Vial 1",tan scarabs (9 total),Coleoptera,1,Scarabaeidae,,,,,,,,,,,
sgl322,recent,2025-06-09,clear vane,4,1,no,1,"322, CV4, 2025-6-9, Vial 1",tan scarabs (9 total),Coleoptera,1,Scarabaeidae,,,,,,,,,,,
sgl322,recent,2025-06-09,clear vane,4,1,no,1,"322, CV4, 2025-6-9, Vial 1",tan scarabs (9 total),Coleoptera,1,Scarabaeidae,,,,,,,,,,,
sgl322,recent,2025-06-09,clear vane,4,1,no,1,"322, CV4, 2025-6-9, Vial 1",tan scarabs (9 total),Coleoptera,1,Scarabaeidae,,,,,,,,,,,
sgl322,recent,2025-06-09,clear vane,4,1,no,1,"322, CV4, 2025-6-9, Vial 1",tan scarabs (9 total),Coleoptera,1,Scarabaeidae,,,,,,,,,,,
sgl322,recent,2025-06-09,clear vane,4,1,no,1,"322, CV4, 2025-6-9, Vial 1",mid-size black clerid with orange pronotum,Coleoptera,1,Cleridae,,,,,,,,,,,
sgl322,recent,2025-06-09,clear vane,4,1,no,1,"322, CV4, 2025-6-9, Vial 1",small black clerid with orange pronotum,Coleoptera,1,Cleridae,,,,,,,,,,,
sgl322,recent,2025-06-09,clear vane,4,1,no,1,"322, CV4, 2025-6-9, Vial 1",cerambycids (7 total),Coleoptera,1,Cerambycidae,,,,,,,,,,,
sgl322,recent,2025-06-09,clear vane,4,1,no,1,"322, CV4, 2025-6-9, Vial 1",cerambycids (7 total),Coleoptera,1,Cerambycidae,,,,,,,,,,,
sgl322,recent,2025-06-09,clear vane,4,1,no,1,"322, CV4, 2025-6-9, Vial 1",cerambycids (7 total),Coleoptera,1,Cerambycidae,,,,,,,,,,,
sgl322,recent,2025-06-09,clear vane,4,1,no,1,"322, CV4, 2025-6-9, Vial 1",cerambycids (7 total),Coleoptera,1,Cerambycidae,,,,,,,,,,,
sgl322,recent,2025-06-09,clear vane,4,1,no,1,"322, CV4, 2025-6-9, Vial 1",cerambycids (7 total),Coleoptera,1,Cerambycidae,,,,,,,,,,,
sgl322,recent,2025-06-09,clear vane,4,1,no,1,"322, CV4, 2025-6-9, Vial 1",cerambycids (7 total),Coleoptera,1,Cerambycidae,,,,,,,,,,,
sgl322,recent,2025-06-09,clear vane,4,1,no,1,"322, CV4, 2025-6-9, Vial 1",cerambycids (7 total),Coleoptera,1,Cerambycidae,,,,,,,,,,,
sgl322,recent,2025-06-09,clear vane,4,1,no,1,"322, CV4, 2025-6-9, Vial 1","cantharid that mimics a firefly. No light organ AND the pronotum doesn't cover the head. You should look at your other ""no light organ"" fireflies to confirm that they are not cantharids",Coleoptera,1,Cantharidae,,,,,,,,,,,
sgl322,recent,2025-06-09,clear vane,4,1,no,1,"322, CV4, 2025-6-9, Vial 1",mid-size black elaterid,Coleoptera,1,Elateridae,,,,,,,,,,,
sgl322,recent,2025-06-09,clear vane,4,1,no,1,"322, CV4, 2025-6-9, Vial 1",large black elaterid with orange pronotum,Coleoptera,1,Elateridae,,,,,,,,,,,
sgl322,recent,2025-06-09,clear vane,4,1,no,1,"322, CV4, 2025-6-9, Vial 1",black eucnemids (2 total),Coleoptera,1,Eucnemidae,,,,,,,,,,,
sgl322,recent,2025-06-09,clear vane,4,1,no,1,"322, CV4, 2025-6-9, Vial 1",black eucnemids (2 total),Coleoptera,1,Eucnemidae,,,,,,,,,,,
sgl322,recent,2025-06-09,clear vane,4,1,no,1,"322, CV4, 2025-6-9, Vial 1","orange nitidulid with black spots, maybe Glischrochilus sanguinolentus",Coleoptera,1,Nitidulidae,,,,,,,,,,,
sgl322,recent,2025-06-09,clear vane,4,1,no,1,"322, CV4, 2025-6-9, Vial 1","shield-shaped nitidulid, maybe Prometopia sexmaculata",Coleoptera,1,Nitidulidae,,,,,,,,,,,
sgl322,recent,2025-06-09,clear vane,4,1,no,1,"322, CV4, 2025-6-9, Vial 1",shiny green carabids (2 total),Coleoptera,1,Carabidae,,,,,,,,,,,
sgl322,recent,2025-06-09,clear vane,4,1,no,1,"322, CV4, 2025-6-9, Vial 1",shiny green carabids (2 total),Coleoptera,1,Carabidae,,,,,,,,,,,
sgl322,recent,2025-06-09,clear vane,4,1,no,1,"322, CV4, 2025-6-9, Vial 1",burying beetle,Coleoptera,1,Staphylinidae,,Silphinae,,,,,,,,,
sgl322,recent,2025-06-09,clear vane,4,1,no,1,"322, CV4, 2025-6-9, Vial 1",synchroid-shaped tenebrionid. Toothed claws,Coleoptera,1,Tenebrionidae,,,,,,,,,,,
sgl322,recent,2025-06-09,clear vane,4,1,no,1,"322, CV4, 2025-6-9, Vial 1",staphylinids (18 total),Coleoptera,1,Staphylinidae,,,,,,,,,,,
sgl322,recent,2025-06-09,clear vane,4,1,no,1,"322, CV4, 2025-6-9, Vial 1",staphylinids (18 total),Coleoptera,1,Staphylinidae,,,,,,,,,,,
sgl322,recent,2025-06-09,clear vane,4,1,no,1,"322, CV4, 2025-6-9, Vial 1",staphylinids (18 total),Coleoptera,1,Staphylinidae,,,,,,,,,,,
sgl322,recent,2025-06-09,clear vane,4,1,no,1,"322, CV4, 2025-6-9, Vial 1",staphylinids (18 total),Coleoptera,1,Staphylinidae,,,,,,,,,,,
sgl322,recent,2025-06-09,clear vane,4,1,no,1,"322, CV4, 2025-6-9, Vial 1",staphylinids (18 total),Coleoptera,1,Staphylinidae,,,,,,,,,,,
sgl322,recent,2025-06-09,clear vane,4,1,no,1,"322, CV4, 2025-6-9, Vial 1",staphylinids (18 total),Coleoptera,1,Staphylinidae,,,,,,,,,,,
sgl322,recent,2025-06-09,clear vane,4,1,no,1,"322, CV4, 2025-6-9, Vial 1",staphylinids (18 total),Coleoptera,1,Staphylinidae,,,,,,,,,,,
sgl322,recent,2025-06-09,clear vane,4,1,no,1,"322, CV4, 2025-6-9, Vial 1",staphylinids (18 total),Coleoptera,1,Staphylinidae,,,,,,,,,,,
sgl322,recent,2025-06-09,clear vane,4,1,no,1,"322, CV4, 2025-6-9, Vial 1",staphylinids (18 total),Coleoptera,1,Staphylinidae,,,,,,,,,,,
sgl322,recent,2025-06-09,clear vane,4,1,no,1,"322, CV4, 2025-6-9, Vial 1",staphylinids (18 total),Coleoptera,1,Staphylinidae,,,,,,,,,,,
sgl322,recent,2025-06-09,clear vane,4,1,no,1,"322, CV4, 2025-6-9, Vial 1",staphylinids (18 total),Coleoptera,1,Staphylinidae,,,,,,,,,,,
sgl322,recent,2025-06-09,clear vane,4,1,no,1,"322, CV4, 2025-6-9, Vial 1",staphylinids (18 total),Coleoptera,1,Staphylinidae,,,,,,,,,,,
sgl322,recent,2025-06-09,clear vane,4,1,no,1,"322, CV4, 2025-6-9, Vial 1",staphylinids (18 total),Coleoptera,1,Staphylinidae,,,,,,,,,,,
sgl322,recent,2025-06-09,clear vane,4,1,no,1,"322, CV4, 2025-6-9, Vial 1",staphylinids (18 total),Coleoptera,1,Staphylinidae,,,,,,,,,,,
sgl322,recent,2025-06-09,clear vane,4,1,no,1,"322, CV4, 2025-6-9, Vial 1",staphylinids (18 total),Coleoptera,1,Staphylinidae,,,,,,,,,,,
sgl322,recent,2025-06-09,clear vane,4,1,no,1,"322, CV4, 2025-6-9, Vial 1",staphylinids (18 total),Coleoptera,1,Staphylinidae,,,,,,,,,,,
sgl322,recent,2025-06-09,clear vane,4,1,no,1,"322, CV4, 2025-6-9, Vial 1",staphylinids (18 total),Coleoptera,1,Staphylinidae,,,,,,,,,,,
sgl322,recent,2025-06-09,clear vane,4,1,no,1,"322, CV4, 2025-6-9, Vial 1",staphylinids (18 total),Coleoptera,1,Staphylinidae,,,,,,,,,,,
sgl322,recent,2025-06-09,clear vane,4,1,no,1,"322, CV4, 2025-6-9, Vial 1",monotomids (2 total),Coleoptera,1,Monotomidae,,,,,,,,,,,
sgl322,recent,2025-06-09,clear vane,4,1,no,1,"322, CV4, 2025-6-9, Vial 1",monotomids (2 total),Coleoptera,1,Monotomidae,,,,,,,,,,,
sgl322,recent,2025-06-09,clear vane,4,1,no,1,"322, CV4, 2025-6-9, Vial 1",black weevils (4 total),Coleoptera,1,Curculionidae,,,,,,,,,,,
sgl322,recent,2025-06-09,clear vane,4,1,no,1,"322, CV4, 2025-6-9, Vial 1",black weevils (4 total),Coleoptera,1,Curculionidae,,,,,,,,,,,
sgl322,recent,2025-06-09,clear vane,4,1,no,1,"322, CV4, 2025-6-9, Vial 1",black weevils (4 total),Coleoptera,1,Curculionidae,,,,,,,,,,,
sgl322,recent,2025-06-09,clear vane,4,1,no,1,"322, CV4, 2025-6-9, Vial 1",black weevils (4 total),Coleoptera,1,Curculionidae,,,,,,,,,,,
sgl322,recent,2025-06-09,clear vane,4,1,no,1,"322, CV4, 2025-6-9, Vial 1",small black eucnemids (3 total),Coleoptera,1,Eucnemidae,,,,,,,,,,,
sgl322,recent,2025-06-09,clear vane,4,1,no,1,"322, CV4, 2025-6-9, Vial 1",small black eucnemids (3 total),Coleoptera,1,Eucnemidae,,,,,,,,,,,
sgl322,recent,2025-06-09,clear vane,4,1,no,1,"322, CV4, 2025-6-9, Vial 1",small black eucnemids (3 total),Coleoptera,1,Eucnemidae,,,,,,,,,,,
sgl322,recent,2025-06-09,clear vane,4,1,no,1,"322, CV4, 2025-6-9, Vial 1",dark beetles with tarsi that have 2 lobes. Probs genus Telmatophilus (11 total),Coleoptera,1,Cryptophagidae,,,,,,,,,,,
sgl322,recent,2025-06-09,clear vane,4,1,no,1,"322, CV4, 2025-6-9, Vial 1",dark beetles with tarsi that have 2 lobes. Probs genus Telmatophilus (11 total),Coleoptera,1,Cryptophagidae,,,,,,,,,,,
sgl322,recent,2025-06-09,clear vane,4,1,no,1,"322, CV4, 2025-6-9, Vial 1",dark beetles with tarsi that have 2 lobes. Probs genus Telmatophilus (11 total),Coleoptera,1,Cryptophagidae,,,,,,,,,,,
sgl322,recent,2025-06-09,clear vane,4,1,no,1,"322, CV4, 2025-6-9, Vial 1",dark beetles with tarsi that have 2 lobes. Probs genus Telmatophilus (11 total),Coleoptera,1,Cryptophagidae,,,,,,,,,,,
sgl322,recent,2025-06-09,clear vane,4,1,no,1,"322, CV4, 2025-6-9, Vial 1",dark beetles with tarsi that have 2 lobes. Probs genus Telmatophilus (11 total),Coleoptera,1,Cryptophagidae,,,,,,,,,,,
sgl322,recent,2025-06-09,clear vane,4,1,no,1,"322, CV4, 2025-6-9, Vial 1",dark beetles with tarsi that have 2 lobes. Probs genus Telmatophilus (11 total),Coleoptera,1,Cryptophagidae,,,,,,,,,,,
sgl322,recent,2025-06-09,clear vane,4,1,no,1,"322, CV4, 2025-6-9, Vial 1",dark beetles with tarsi that have 2 lobes. Probs genus Telmatophilus (11 total),Coleoptera,1,Cryptophagidae,,,,,,,,,,,
sgl322,recent,2025-06-09,clear vane,4,1,no,1,"322, CV4, 2025-6-9, Vial 1",dark beetles with tarsi that have 2 lobes. Probs genus Telmatophilus (11 total),Coleoptera,1,Cryptophagidae,,,,,,,,,,,
sgl322,recent,2025-06-09,clear vane,4,1,no,1,"322, CV4, 2025-6-9, Vial 1",dark beetles with tarsi that have 2 lobes. Probs genus Telmatophilus (11 total),Coleoptera,1,Cryptophagidae,,,,,,,,,,,
sgl322,recent,2025-06-09,clear vane,4,1,no,1,"322, CV4, 2025-6-9, Vial 1",dark beetles with tarsi that have 2 lobes. Probs genus Telmatophilus (11 total),Coleoptera,1,Cryptophagidae,,,,,,,,,,,
sgl322,recent,2025-06-09,clear vane,4,1,no,1,"322, CV4, 2025-6-9, Vial 1",dark beetles with tarsi that have 2 lobes. Probs genus Telmatophilus (11 total),Coleoptera,1,Cryptophagidae,,,,,,,,,,,
sgl322,recent,2025-06-09,clear vane,4,1,no,1,"322, CV4, 2025-6-9, Vial 1",brown leiodids (3 total),Coleoptera,1,Leiodidae,,,,,,,,,,,
sgl322,recent,2025-06-09,clear vane,4,1,no,1,"322, CV4, 2025-6-9, Vial 1",brown leiodids (3 total),Coleoptera,1,Leiodidae,,,,,,,,,,,
sgl322,recent,2025-06-09,clear vane,4,1,no,1,"322, CV4, 2025-6-9, Vial 1",brown leiodids (3 total),Coleoptera,1,Leiodidae,,,,,,,,,,,
sgl322,recent,2025-06-09,clear vane,4,1,no,1,"322, CV4, 2025-6-9, Vial 1",genus Mycetophagus (2 total),Coleoptera,1,Mycetophagidae,,,,,,,,,,,
sgl322,recent,2025-06-09,clear vane,4,1,no,1,"322, CV4, 2025-6-9, Vial 1",genus Mycetophagus (2 total),Coleoptera,1,Mycetophagidae,,,,,,,,,,,
sgl322,recent,2025-06-09,clear vane,4,1,no,1,"322, CV4, 2025-6-9, Vial 1",brown laemophloeid with tan spots,Coleoptera,1,Laemophloeidae,,,,,,,,,,,
sgl322,recent,2025-06-09,clear vane,4,1,no,1,"322, CV4, 2025-6-9, Vial 1",tan corylophid,Coleoptera,1,Corylophidae,,,,,,,,,,,
sgl322,recent,2025-06-09,clear vane,4,1,no,1,"322, CV4, 2025-6-9, Vial 1","aderids, body shape and only 4 ventrites, (4 total)",Coleoptera,1,Aderidae,,,,,,,,,,,
sgl322,recent,2025-06-09,clear vane,4,1,no,1,"322, CV4, 2025-6-9, Vial 1","aderids, body shape and only 4 ventrites, (4 total)",Coleoptera,1,Aderidae,,,,,,,,,,,
sgl322,recent,2025-06-09,clear vane,4,1,no,1,"322, CV4, 2025-6-9, Vial 1","aderids, body shape and only 4 ventrites, (4 total)",Coleoptera,1,Aderidae,,,,,,,,,,,
sgl322,recent,2025-06-09,clear vane,4,1,no,1,"322, CV4, 2025-6-9, Vial 1","aderids, body shape and only 4 ventrites, (4 total)",Coleoptera,1,Aderidae,,,,,,,,,,,
sgl322,recent,2025-06-09,clear vane,4,1,no,1,"322, CV4, 2025-6-9, Vial 1","yellow scirtid with black markings, maybe Sacodes pulchella",Coleoptera,1,Scirtidae,,,,,,,,,,,
sgl322,recent,2025-06-09,clear vane,4,1,no,1,"322, CV4, 2025-6-9, Vial 1",clerids (only 5 ventrites) (2 total),Coleoptera,1,Cleridae,,,,,,,,,,,
sgl322,recent,2025-06-09,clear vane,4,1,no,1,"322, CV4, 2025-6-9, Vial 1",clerids (only 5 ventrites) (2 total),Coleoptera,1,Cleridae,,,,,,,,,,,
sgl322,recent,2025-06-09,clear vane,4,1,no,1,"322, CV4, 2025-6-9, Vial 1",agathidiin,Coleoptera,1,Leiodidae,,Agathidiini,,,,,,,,,
sgl322,recent,2025-06-09,clear vane,4,1,no,1,"322, CV4, 2025-6-9, Vial 1",black latridiid,Coleoptera,1,Latridiidae,,,,,,,,,,,
sgl322,recent,2025-06-09,clear vane,4,1,no,1,"322, CV4, 2025-6-9, Vial 1",tan latridiid (5 total),Coleoptera,1,Latridiidae,,,,,,,,,,,
sgl322,recent,2025-06-09,clear vane,4,1,no,1,"322, CV4, 2025-6-9, Vial 1",tan latridiid (5 total),Coleoptera,1,Latridiidae,,,,,,,,,,,
sgl322,recent,2025-06-09,clear vane,4,1,no,1,"322, CV4, 2025-6-9, Vial 1",tan latridiid (5 total),Coleoptera,1,Latridiidae,,,,,,,,,,,
sgl322,recent,2025-06-09,clear vane,4,1,no,1,"322, CV4, 2025-6-9, Vial 1",tan latridiid (5 total),Coleoptera,1,Latridiidae,,,,,,,,,,,
sgl322,recent,2025-06-09,clear vane,4,1,no,1,"322, CV4, 2025-6-9, Vial 1",tan latridiid (5 total),Coleoptera,1,Latridiidae,,,,,,,,,,,
sgl322,recent,2025-06-09,clear vane,4,1,no,1,"322, CV4, 2025-6-9, Vial 1","zopherids, probs genus Synchita (4 total)",Coleoptera,1,Zopheridae,,,,,,,,,,,
sgl322,recent,2025-06-09,clear vane,4,1,no,1,"322, CV4, 2025-6-9, Vial 1","zopherids, probs genus Synchita (4 total)",Coleoptera,1,Zopheridae,,,,,,,,,,,
sgl322,recent,2025-06-09,clear vane,4,1,no,1,"322, CV4, 2025-6-9, Vial 1","zopherids, probs genus Synchita (4 total)",Coleoptera,1,Zopheridae,,,,,,,,,,,
sgl322,recent,2025-06-09,clear vane,4,1,no,1,"322, CV4, 2025-6-9, Vial 1","zopherids, probs genus Synchita (4 total)",Coleoptera,1,Zopheridae,,,,,,,,,,,
sgl322,recent,2025-06-09,clear vane,4,1,no,1,"322, CV4, 2025-6-9, Vial 1","latridiid with pronotum with toothed margin, maybe Corticaria serrata",Coleoptera,1,Latridiidae,,,,,,,,,,,
sgl322,recent,2025-06-09,clear vane,4,1,no,1,"322, CV4, 2025-6-9, Vial 1",mid size brown ptinid,Coleoptera,1,Ptinidae,,,,,,,,,,,
sgl322,recent,2025-06-09,clear vane,4,1,no,1,"322, CV4, 2025-6-9, Vial 1",black nitidulid,Coleoptera,1,Nitidulidae,,,,,,,,,,,
sgl322,recent,2025-06-09,clear vane,4,1,no,1,"322, CV4, 2025-6-9, Vial 1",dark nitidulid with orange markings,Coleoptera,1,Nitidulidae,,,,,,,,,,,
sgl322,recent,2025-06-09,clear vane,4,1,no,1,"322, CV4, 2025-6-9, Vial 1","scraptiids, cliff back of head (3 total)",Coleoptera,1,Scraptiidae,,,,,,,,,,,
sgl322,recent,2025-06-09,clear vane,4,1,no,1,"322, CV4, 2025-6-9, Vial 1","scraptiids, cliff back of head (3 total)",Coleoptera,1,Scraptiidae,,,,,,,,,,,
sgl322,recent,2025-06-09,clear vane,4,1,no,1,"322, CV4, 2025-6-9, Vial 1","scraptiids, cliff back of head (3 total)",Coleoptera,1,Scraptiidae,,,,,,,,,,,
sgl322,recent,2025-06-09,clear vane,4,1,no,1,"322, CV4, 2025-6-9, Vial 1","silvanid-looking monotimid, maybe genus Monotoma",Coleoptera,1,Monotomidae,,,,,,,,,,,
sgl322,recent,2025-06-09,clear vane,4,1,no,1,"322, CV4, 2025-6-9, Vial 1","hard ID, Cerylonid with distinctly separated 2-seg club (not cone-shaped with one segment arising from within another segment), probs genus Philothermus",Coleoptera,1,Cerylonidae,,,,,,,,,,,
sgl322,recent,2025-06-09,clear vane,4,1,no,1,"322, CV4, 2025-6-9, Vial 1","black dermestid with no scales but yes hair, median ocellus visible, grooves on body for legs and antennae, maybe genus Attagenus",Coleoptera,1,Dermestidae,,,,,,,,,,,
sgl322,recent,2025-06-09,clear vane,4,1,no,1,"322, CV4, 2025-6-9, Vial 1","hard ID, black melyrid, maybe Attalus morulus, 6 ventrites, elytra appear too small for abdomen but this may be because abdomen infalted in the ethanol",Coleoptera,1,Melyridae,,,,,,,,,,,
sgl322,recent,2025-06-09,clear vane,4,1,no,1,"322, CV4, 2025-6-9, Vial 1","black cryptophagid, probs genus Telmatophilus",Coleoptera,1,Cryptophagidae,,,,,,,,,,,
sgl322,recent,2025-06-09,clear vane,4,1,no,1,"322, CV4, 2025-6-9, Vial 1","hairy clerid with long antennae, head separated from body",Coleoptera,1,Cleridae,,,,,,,,,,,
sgl322,recent,2025-06-09,clear vane,4,1,no,1,"322, CV4, 2025-6-9, Vial 1","small black staphylinid that has been ripped apart, head and abdomen and thorax all separate",Coleoptera,1,Staphylinidae,,,,,,,,,,,
sgl322,recent,2025-06-09,clear vane,4,1,no,1,"322, CV4, 2025-6-9, Vial 1",black mordellid,Coleoptera,1,Mordellidae,,,,,,,,,,,
sgl322,recent,2025-06-09,clear vane,4,1,no,1,"322, CV4, 2025-6-9, Vial 1",bark beetles (85 total),Coleoptera,1,Curculionidae,,Scolytinae,,,,,,,,,
sgl322,recent,2025-06-09,clear vane,4,1,no,1,"322, CV4, 2025-6-9, Vial 1",bark beetles (85 total),Coleoptera,1,Curculionidae,,Scolytinae,,,,,,,,,
sgl322,recent,2025-06-09,clear vane,4,1,no,1,"322, CV4, 2025-6-9, Vial 1",bark beetles (85 total),Coleoptera,1,Curculionidae,,Scolytinae,,,,,,,,,
sgl322,recent,2025-06-09,clear vane,4,1,no,1,"322, CV4, 2025-6-9, Vial 1",bark beetles (85 total),Coleoptera,1,Curculionidae,,Scolytinae,,,,,,,,,
sgl322,recent,2025-06-09,clear vane,4,1,no,1,"322, CV4, 2025-6-9, Vial 1",bark beetles (85 total),Coleoptera,1,Curculionidae,,Scolytinae,,,,,,,,,
sgl322,recent,2025-06-09,clear vane,4,1,no,1,"322, CV4, 2025-6-9, Vial 1",bark beetles (85 total),Coleoptera,1,Curculionidae,,Scolytinae,,,,,,,,,
sgl322,recent,2025-06-09,clear vane,4,1,no,1,"322, CV4, 2025-6-9, Vial 1",bark beetles (85 total),Coleoptera,1,Curculionidae,,Scolytinae,,,,,,,,,
sgl322,recent,2025-06-09,clear vane,4,1,no,1,"322, CV4, 2025-6-9, Vial 1",bark beetles (85 total),Coleoptera,1,Curculionidae,,Scolytinae,,,,,,,,,
sgl322,recent,2025-06-09,clear vane,4,1,no,1,"322, CV4, 2025-6-9, Vial 1",bark beetles (85 total),Coleoptera,1,Curculionidae,,Scolytinae,,,,,,,,,
sgl322,recent,2025-06-09,clear vane,4,1,no,1,"322, CV4, 2025-6-9, Vial 1",bark beetles (85 total),Coleoptera,1,Curculionidae,,Scolytinae,,,,,,,,,
sgl322,recent,2025-06-09,clear vane,4,1,no,1,"322, CV4, 2025-6-9, Vial 1",bark beetles (85 total),Coleoptera,1,Curculionidae,,Scolytinae,,,,,,,,,
sgl322,recent,2025-06-09,clear vane,4,1,no,1,"322, CV4, 2025-6-9, Vial 1",bark beetles (85 total),Coleoptera,1,Curculionidae,,Scolytinae,,,,,,,,,
sgl322,recent,2025-06-09,clear vane,4,1,no,1,"322, CV4, 2025-6-9, Vial 1",bark beetles (85 total),Coleoptera,1,Curculionidae,,Scolytinae,,,,,,,,,
sgl322,recent,2025-06-09,clear vane,4,1,no,1,"322, CV4, 2025-6-9, Vial 1",bark beetles (85 total),Coleoptera,1,Curculionidae,,Scolytinae,,,,,,,,,
sgl322,recent,2025-06-09,clear vane,4,1,no,1,"322, CV4, 2025-6-9, Vial 1",bark beetles (85 total),Coleoptera,1,Curculionidae,,Scolytinae,,,,,,,,,
sgl322,recent,2025-06-09,clear vane,4,1,no,1,"322, CV4, 2025-6-9, Vial 1",bark beetles (85 total),Coleoptera,1,Curculionidae,,Scolytinae,,,,,,,,,
sgl322,recent,2025-06-09,clear vane,4,1,no,1,"322, CV4, 2025-6-9, Vial 1",bark beetles (85 total),Coleoptera,1,Curculionidae,,Scolytinae,,,,,,,,,
sgl322,recent,2025-06-09,clear vane,4,1,no,1,"322, CV4, 2025-6-9, Vial 1",bark beetles (85 total),Coleoptera,1,Curculionidae,,Scolytinae,,,,,,,,,
sgl322,recent,2025-06-09,clear vane,4,1,no,1,"322, CV4, 2025-6-9, Vial 1",bark beetles (85 total),Coleoptera,1,Curculionidae,,Scolytinae,,,,,,,,,
sgl322,recent,2025-06-09,clear vane,4,1,no,1,"322, CV4, 2025-6-9, Vial 1",bark beetles (85 total),Coleoptera,1,Curculionidae,,Scolytinae,,,,,,,,,
sgl322,recent,2025-06-09,clear vane,4,1,no,1,"322, CV4, 2025-6-9, Vial 1",bark beetles (85 total),Coleoptera,1,Curculionidae,,Scolytinae,,,,,,,,,
sgl322,recent,2025-06-09,clear vane,4,1,no,1,"322, CV4, 2025-6-9, Vial 1",bark beetles (85 total),Coleoptera,1,Curculionidae,,Scolytinae,,,,,,,,,
sgl322,recent,2025-06-09,clear vane,4,1,no,1,"322, CV4, 2025-6-9, Vial 1",bark beetles (85 total),Coleoptera,1,Curculionidae,,Scolytinae,,,,,,,,,
sgl322,recent,2025-06-09,clear vane,4,1,no,1,"322, CV4, 2025-6-9, Vial 1",bark beetles (85 total),Coleoptera,1,Curculionidae,,Scolytinae,,,,,,,,,
sgl322,recent,2025-06-09,clear vane,4,1,no,1,"322, CV4, 2025-6-9, Vial 1",bark beetles (85 total),Coleoptera,1,Curculionidae,,Scolytinae,,,,,,,,,
sgl322,recent,2025-06-09,clear vane,4,1,no,1,"322, CV4, 2025-6-9, Vial 1",bark beetles (85 total),Coleoptera,1,Curculionidae,,Scolytinae,,,,,,,,,
sgl322,recent,2025-06-09,clear vane,4,1,no,1,"322, CV4, 2025-6-9, Vial 1",bark beetles (85 total),Coleoptera,1,Curculionidae,,Scolytinae,,,,,,,,,
sgl322,recent,2025-06-09,clear vane,4,1,no,1,"322, CV4, 2025-6-9, Vial 1",bark beetles (85 total),Coleoptera,1,Curculionidae,,Scolytinae,,,,,,,,,
sgl322,recent,2025-06-09,clear vane,4,1,no,1,"322, CV4, 2025-6-9, Vial 1",bark beetles (85 total),Coleoptera,1,Curculionidae,,Scolytinae,,,,,,,,,
sgl322,recent,2025-06-09,clear vane,4,1,no,1,"322, CV4, 2025-6-9, Vial 1",bark beetles (85 total),Coleoptera,1,Curculionidae,,Scolytinae,,,,,,,,,
sgl322,recent,2025-06-09,clear vane,4,1,no,1,"322, CV4, 2025-6-9, Vial 1",bark beetles (85 total),Coleoptera,1,Curculionidae,,Scolytinae,,,,,,,,,
sgl322,recent,2025-06-09,clear vane,4,1,no,1,"322, CV4, 2025-6-9, Vial 1",bark beetles (85 total),Coleoptera,1,Curculionidae,,Scolytinae,,,,,,,,,
sgl322,recent,2025-06-09,clear vane,4,1,no,1,"322, CV4, 2025-6-9, Vial 1",bark beetles (85 total),Coleoptera,1,Curculionidae,,Scolytinae,,,,,,,,,
sgl322,recent,2025-06-09,clear vane,4,1,no,1,"322, CV4, 2025-6-9, Vial 1",bark beetles (85 total),Coleoptera,1,Curculionidae,,Scolytinae,,,,,,,,,
sgl322,recent,2025-06-09,clear vane,4,1,no,1,"322, CV4, 2025-6-9, Vial 1",bark beetles (85 total),Coleoptera,1,Curculionidae,,Scolytinae,,,,,,,,,
sgl322,recent,2025-06-09,clear vane,4,1,no,1,"322, CV4, 2025-6-9, Vial 1",bark beetles (85 total),Coleoptera,1,Curculionidae,,Scolytinae,,,,,,,,,
sgl322,recent,2025-06-09,clear vane,4,1,no,1,"322, CV4, 2025-6-9, Vial 1",bark beetles (85 total),Coleoptera,1,Curculionidae,,Scolytinae,,,,,,,,,
sgl322,recent,2025-06-09,clear vane,4,1,no,1,"322, CV4, 2025-6-9, Vial 1",bark beetles (85 total),Coleoptera,1,Curculionidae,,Scolytinae,,,,,,,,,
sgl322,recent,2025-06-09,clear vane,4,1,no,1,"322, CV4, 2025-6-9, Vial 1",bark beetles (85 total),Coleoptera,1,Curculionidae,,Scolytinae,,,,,,,,,
sgl322,recent,2025-06-09,clear vane,4,1,no,1,"322, CV4, 2025-6-9, Vial 1",bark beetles (85 total),Coleoptera,1,Curculionidae,,Scolytinae,,,,,,,,,
sgl322,recent,2025-06-09,clear vane,4,1,no,1,"322, CV4, 2025-6-9, Vial 1",bark beetles (85 total),Coleoptera,1,Curculionidae,,Scolytinae,,,,,,,,,
sgl322,recent,2025-06-09,clear vane,4,1,no,1,"322, CV4, 2025-6-9, Vial 1",bark beetles (85 total),Coleoptera,1,Curculionidae,,Scolytinae,,,,,,,,,
sgl322,recent,2025-06-09,clear vane,4,1,no,1,"322, CV4, 2025-6-9, Vial 1",bark beetles (85 total),Coleoptera,1,Curculionidae,,Scolytinae,,,,,,,,,
sgl322,recent,2025-06-09,clear vane,4,1,no,1,"322, CV4, 2025-6-9, Vial 1",bark beetles (85 total),Coleoptera,1,Curculionidae,,Scolytinae,,,,,,,,,
sgl322,recent,2025-06-09,clear vane,4,1,no,1,"322, CV4, 2025-6-9, Vial 1",bark beetles (85 total),Coleoptera,1,Curculionidae,,Scolytinae,,,,,,,,,
sgl322,recent,2025-06-09,clear vane,4,1,no,1,"322, CV4, 2025-6-9, Vial 1",bark beetles (85 total),Coleoptera,1,Curculionidae,,Scolytinae,,,,,,,,,
sgl322,recent,2025-06-09,clear vane,4,1,no,1,"322, CV4, 2025-6-9, Vial 1",bark beetles (85 total),Coleoptera,1,Curculionidae,,Scolytinae,,,,,,,,,
sgl322,recent,2025-06-09,clear vane,4,1,no,1,"322, CV4, 2025-6-9, Vial 1",bark beetles (85 total),Coleoptera,1,Curculionidae,,Scolytinae,,,,,,,,,
sgl322,recent,2025-06-09,clear vane,4,1,no,1,"322, CV4, 2025-6-9, Vial 1",bark beetles (85 total),Coleoptera,1,Curculionidae,,Scolytinae,,,,,,,,,
sgl322,recent,2025-06-09,clear vane,4,1,no,1,"322, CV4, 2025-6-9, Vial 1",bark beetles (85 total),Coleoptera,1,Curculionidae,,Scolytinae,,,,,,,,,
sgl322,recent,2025-06-09,clear vane,4,1,no,1,"322, CV4, 2025-6-9, Vial 1",bark beetles (85 total),Coleoptera,1,Curculionidae,,Scolytinae,,,,,,,,,
sgl322,recent,2025-06-09,clear vane,4,1,no,1,"322, CV4, 2025-6-9, Vial 1",bark beetles (85 total),Coleoptera,1,Curculionidae,,Scolytinae,,,,,,,,,
sgl322,recent,2025-06-09,clear vane,4,1,no,1,"322, CV4, 2025-6-9, Vial 1",bark beetles (85 total),Coleoptera,1,Curculionidae,,Scolytinae,,,,,,,,,
sgl322,recent,2025-06-09,clear vane,4,1,no,1,"322, CV4, 2025-6-9, Vial 1",bark beetles (85 total),Coleoptera,1,Curculionidae,,Scolytinae,,,,,,,,,
sgl322,recent,2025-06-09,clear vane,4,1,no,1,"322, CV4, 2025-6-9, Vial 1",bark beetles (85 total),Coleoptera,1,Curculionidae,,Scolytinae,,,,,,,,,
sgl322,recent,2025-06-09,clear vane,4,1,no,1,"322, CV4, 2025-6-9, Vial 1",bark beetles (85 total),Coleoptera,1,Curculionidae,,Scolytinae,,,,,,,,,
sgl322,recent,2025-06-09,clear vane,4,1,no,1,"322, CV4, 2025-6-9, Vial 1",bark beetles (85 total),Coleoptera,1,Curculionidae,,Scolytinae,,,,,,,,,
sgl322,recent,2025-06-09,clear vane,4,1,no,1,"322, CV4, 2025-6-9, Vial 1",bark beetles (85 total),Coleoptera,1,Curculionidae,,Scolytinae,,,,,,,,,
sgl322,recent,2025-06-09,clear vane,4,1,no,1,"322, CV4, 2025-6-9, Vial 1",bark beetles (85 total),Coleoptera,1,Curculionidae,,Scolytinae,,,,,,,,,
sgl322,recent,2025-06-09,clear vane,4,1,no,1,"322, CV4, 2025-6-9, Vial 1",bark beetles (85 total),Coleoptera,1,Curculionidae,,Scolytinae,,,,,,,,,
sgl322,recent,2025-06-09,clear vane,4,1,no,1,"322, CV4, 2025-6-9, Vial 1",bark beetles (85 total),Coleoptera,1,Curculionidae,,Scolytinae,,,,,,,,,
sgl322,recent,2025-06-09,clear vane,4,1,no,1,"322, CV4, 2025-6-9, Vial 1",bark beetles (85 total),Coleoptera,1,Curculionidae,,Scolytinae,,,,,,,,,
sgl322,recent,2025-06-09,clear vane,4,1,no,1,"322, CV4, 2025-6-9, Vial 1",bark beetles (85 total),Coleoptera,1,Curculionidae,,Scolytinae,,,,,,,,,
sgl322,recent,2025-06-09,clear vane,4,1,no,1,"322, CV4, 2025-6-9, Vial 1",bark beetles (85 total),Coleoptera,1,Curculionidae,,Scolytinae,,,,,,,,,
sgl322,recent,2025-06-09,clear vane,4,1,no,1,"322, CV4, 2025-6-9, Vial 1",bark beetles (85 total),Coleoptera,1,Curculionidae,,Scolytinae,,,,,,,,,
sgl322,recent,2025-06-09,clear vane,4,1,no,1,"322, CV4, 2025-6-9, Vial 1",bark beetles (85 total),Coleoptera,1,Curculionidae,,Scolytinae,,,,,,,,,
sgl322,recent,2025-06-09,clear vane,4,1,no,1,"322, CV4, 2025-6-9, Vial 1",bark beetles (85 total),Coleoptera,1,Curculionidae,,Scolytinae,,,,,,,,,
sgl322,recent,2025-06-09,clear vane,4,1,no,1,"322, CV4, 2025-6-9, Vial 1",bark beetles (85 total),Coleoptera,1,Curculionidae,,Scolytinae,,,,,,,,,
sgl322,recent,2025-06-09,clear vane,4,1,no,1,"322, CV4, 2025-6-9, Vial 1",bark beetles (85 total),Coleoptera,1,Curculionidae,,Scolytinae,,,,,,,,,
sgl322,recent,2025-06-09,clear vane,4,1,no,1,"322, CV4, 2025-6-9, Vial 1",bark beetles (85 total),Coleoptera,1,Curculionidae,,Scolytinae,,,,,,,,,
sgl322,recent,2025-06-09,clear vane,4,1,no,1,"322, CV4, 2025-6-9, Vial 1",bark beetles (85 total),Coleoptera,1,Curculionidae,,Scolytinae,,,,,,,,,
sgl322,recent,2025-06-09,clear vane,4,1,no,1,"322, CV4, 2025-6-9, Vial 1",bark beetles (85 total),Coleoptera,1,Curculionidae,,Scolytinae,,,,,,,,,
sgl322,recent,2025-06-09,clear vane,4,1,no,1,"322, CV4, 2025-6-9, Vial 1",bark beetles (85 total),Coleoptera,1,Curculionidae,,Scolytinae,,,,,,,,,
sgl322,recent,2025-06-09,clear vane,4,1,no,1,"322, CV4, 2025-6-9, Vial 1",bark beetles (85 total),Coleoptera,1,Curculionidae,,Scolytinae,,,,,,,,,
sgl322,recent,2025-06-09,clear vane,4,1,no,1,"322, CV4, 2025-6-9, Vial 1",bark beetles (85 total),Coleoptera,1,Curculionidae,,Scolytinae,,,,,,,,,
sgl322,recent,2025-06-09,clear vane,4,1,no,1,"322, CV4, 2025-6-9, Vial 1",bark beetles (85 total),Coleoptera,1,Curculionidae,,Scolytinae,,,,,,,,,
sgl322,recent,2025-06-09,clear vane,4,1,no,1,"322, CV4, 2025-6-9, Vial 1",bark beetles (85 total),Coleoptera,1,Curculionidae,,Scolytinae,,,,,,,,,
sgl322,recent,2025-06-09,clear vane,4,1,no,1,"322, CV4, 2025-6-9, Vial 1",bark beetles (85 total),Coleoptera,1,Curculionidae,,Scolytinae,,,,,,,,,
sgl322,recent,2025-06-09,clear vane,4,1,no,1,"322, CV4, 2025-6-9, Vial 1",bark beetles (85 total),Coleoptera,1,Curculionidae,,Scolytinae,,,,,,,,,
sgl322,recent,2025-06-09,clear vane,4,1,no,1,"322, CV4, 2025-6-9, Vial 1",bark beetles (85 total),Coleoptera,1,Curculionidae,,Scolytinae,,,,,,,,,
sgl322,recent,2025-06-09,clear vane,4,1,no,1,"322, CV4, 2025-6-9, Vial 1",bark beetles (85 total),Coleoptera,1,Curculionidae,,Scolytinae,,,,,,,,,
sgl322,recent,2025-06-09,clear vane,4,1,no,1,"322, CV4, 2025-6-9, Vial 1",bark beetles (85 total),Coleoptera,1,Curculionidae,,Scolytinae,,,,,,,,,
sgl322,recent,2025-06-09,clear vane,4,1,no,1,"322, CV4, 2025-6-9, Vial 1",bark beetles (85 total),Coleoptera,1,Curculionidae,,Scolytinae,,,,,,,,,
sgl322,recent,2025-06-09,clear vane,4,1,no,1,"322, CV4, 2025-6-9, Vial 1",bark beetles (85 total),Coleoptera,1,Curculionidae,,Scolytinae,,,,,,,,,
sgl322,recent,2025-06-09,clear vane,4,1,no,1,"322, CV4, 2025-6-9, Vial 1",bark beetles (85 total),Coleoptera,1,Curculionidae,,Scolytinae,,,,,,,,,
,,,,,,,,,,,,,,,,,,,,,,,
sgl322,medium,2025-06-10,clear vane,12,1,no,1,"322, CV12, 2025-6-10, Vial 1",tan scarabs (10 total),Coleoptera,1,Scarabaeidae,,,,,,,,,,,
sgl322,medium,2025-06-10,clear vane,12,1,no,1,"322, CV12, 2025-6-10, Vial 1",tan scarabs (10 total),Coleoptera,1,Scarabaeidae,,,,,,,,,,,
sgl322,medium,2025-06-10,clear vane,12,1,no,1,"322, CV12, 2025-6-10, Vial 1",tan scarabs (10 total),Coleoptera,1,Scarabaeidae,,,,,,,,,,,
sgl322,medium,2025-06-10,clear vane,12,1,no,1,"322, CV12, 2025-6-10, Vial 1",tan scarabs (10 total),Coleoptera,1,Scarabaeidae,,,,,,,,,,,
sgl322,medium,2025-06-10,clear vane,12,1,no,1,"322, CV12, 2025-6-10, Vial 1",tan scarabs (10 total),Coleoptera,1,Scarabaeidae,,,,,,,,,,,
sgl322,medium,2025-06-10,clear vane,12,1,no,1,"322, CV12, 2025-6-10, Vial 1",tan scarabs (10 total),Coleoptera,1,Scarabaeidae,,,,,,,,,,,
sgl322,medium,2025-06-10,clear vane,12,1,no,1,"322, CV12, 2025-6-10, Vial 1",tan scarabs (10 total),Coleoptera,1,Scarabaeidae,,,,,,,,,,,
sgl322,medium,2025-06-10,clear vane,12,1,no,1,"322, CV12, 2025-6-10, Vial 1",tan scarabs (10 total),Coleoptera,1,Scarabaeidae,,,,,,,,,,,
sgl322,medium,2025-06-10,clear vane,12,1,no,1,"322, CV12, 2025-6-10, Vial 1",tan scarabs (10 total),Coleoptera,1,Scarabaeidae,,,,,,,,,,,
sgl322,medium,2025-06-10,clear vane,12,1,no,1,"322, CV12, 2025-6-10, Vial 1",tan scarabs (10 total),Coleoptera,1,Scarabaeidae,,,,,,,,,,,
sgl322,medium,2025-06-10,clear vane,12,1,no,1,"322, CV12, 2025-6-10, Vial 1",elaterids (9 total),Coleoptera,1,Elateridae,,,,,,,,,,,
sgl322,medium,2025-06-10,clear vane,12,1,no,1,"322, CV12, 2025-6-10, Vial 1",elaterids (9 total),Coleoptera,1,Elateridae,,,,,,,,,,,
sgl322,medium,2025-06-10,clear vane,12,1,no,1,"322, CV12, 2025-6-10, Vial 1",elaterids (9 total),Coleoptera,1,Elateridae,,,,,,,,,,,
sgl322,medium,2025-06-10,clear vane,12,1,no,1,"322, CV12, 2025-6-10, Vial 1",elaterids (9 total),Coleoptera,1,Elateridae,,,,,,,,,,,
sgl322,medium,2025-06-10,clear vane,12,1,no,1,"322, CV12, 2025-6-10, Vial 1",elaterids (9 total),Coleoptera,1,Elateridae,,,,,,,,,,,
sgl322,medium,2025-06-10,clear vane,12,1,no,1,"322, CV12, 2025-6-10, Vial 1",elaterids (9 total),Coleoptera,1,Elateridae,,,,,,,,,,,
sgl322,medium,2025-06-10,clear vane,12,1,no,1,"322, CV12, 2025-6-10, Vial 1",elaterids (9 total),Coleoptera,1,Elateridae,,,,,,,,,,,
sgl322,medium,2025-06-10,clear vane,12,1,no,1,"322, CV12, 2025-6-10, Vial 1",elaterids (9 total),Coleoptera,1,Elateridae,,,,,,,,,,,
sgl322,medium,2025-06-10,clear vane,12,1,no,1,"322, CV12, 2025-6-10, Vial 1",elaterids (9 total),Coleoptera,1,Elateridae,,,,,,,,,,,
sgl322,medium,2025-06-10,clear vane,12,1,no,1,"322, CV12, 2025-6-10, Vial 1",cerambyids (3 total),Coleoptera,1,Cerambycidae,,,,,,,,,,,
sgl322,medium,2025-06-10,clear vane,12,1,no,1,"322, CV12, 2025-6-10, Vial 1",cerambyids (3 total),Coleoptera,1,Cerambycidae,,,,,,,,,,,
sgl322,medium,2025-06-10,clear vane,12,1,no,1,"322, CV12, 2025-6-10, Vial 1",cerambyids (3 total),Coleoptera,1,Cerambycidae,,,,,,,,,,,
sgl322,medium,2025-06-10,clear vane,12,1,no,1,"322, CV12, 2025-6-10, Vial 1",shiny green carabids (6 total),Coleoptera,1,Carabidae,,,,,,,,,,,
sgl322,medium,2025-06-10,clear vane,12,1,no,1,"322, CV12, 2025-6-10, Vial 1",shiny green carabids (6 total),Coleoptera,1,Carabidae,,,,,,,,,,,
sgl322,medium,2025-06-10,clear vane,12,1,no,1,"322, CV12, 2025-6-10, Vial 1",shiny green carabids (6 total),Coleoptera,1,Carabidae,,,,,,,,,,,
sgl322,medium,2025-06-10,clear vane,12,1,no,1,"322, CV12, 2025-6-10, Vial 1",shiny green carabids (6 total),Coleoptera,1,Carabidae,,,,,,,,,,,
sgl322,medium,2025-06-10,clear vane,12,1,no,1,"322, CV12, 2025-6-10, Vial 1",shiny green carabids (6 total),Coleoptera,1,Carabidae,,,,,,,,,,,
sgl322,medium,2025-06-10,clear vane,12,1,no,1,"322, CV12, 2025-6-10, Vial 1",shiny green carabids (6 total),Coleoptera,1,Carabidae,,,,,,,,,,,
sgl322,medium,2025-06-10,clear vane,12,1,no,1,"322, CV12, 2025-6-10, Vial 1",black carabid,Coleoptera,1,Carabidae,,,,,,,,,,,
sgl322,medium,2025-06-10,clear vane,12,1,no,1,"322, CV12, 2025-6-10, Vial 1",shiny green carabid,Coleoptera,1,Carabidae,,,,,,,,,,,
sgl322,medium,2025-06-10,clear vane,12,1,no,1,"322, CV12, 2025-6-10, Vial 1",probs Prometopia sexmaculata (3 total),Coleoptera,1,Nitidulidae,,,,,,,,,,,
sgl322,medium,2025-06-10,clear vane,12,1,no,1,"322, CV12, 2025-6-10, Vial 1",probs Prometopia sexmaculata (3 total),Coleoptera,1,Nitidulidae,,,,,,,,,,,
sgl322,medium,2025-06-10,clear vane,12,1,no,1,"322, CV12, 2025-6-10, Vial 1",probs Prometopia sexmaculata (3 total),Coleoptera,1,Nitidulidae,,,,,,,,,,,
sgl322,medium,2025-06-10,clear vane,12,1,no,1,"322, CV12, 2025-6-10, Vial 1","dark fireflies (3 total), head clearly covered by pronotum, but no light organ visible",Coleoptera,1,Lampyridae,,,,,,,,,,,
sgl322,medium,2025-06-10,clear vane,12,1,no,1,"322, CV12, 2025-6-10, Vial 1","dark fireflies (3 total), head clearly covered by pronotum, but no light organ visible",Coleoptera,1,Lampyridae,,,,,,,,,,,
sgl322,medium,2025-06-10,clear vane,12,1,no,1,"322, CV12, 2025-6-10, Vial 1","dark fireflies (3 total), head clearly covered by pronotum, but no light organ visible",Coleoptera,1,Lampyridae,,,,,,,,,,,
sgl322,medium,2025-06-10,clear vane,12,1,no,1,"322, CV12, 2025-6-10, Vial 1",black histerid,Coleoptera,1,Histeridae,,,,,,,,,,,
sgl322,medium,2025-06-10,clear vane,12,1,no,1,"322, CV12, 2025-6-10, Vial 1",cantharid mimicing a firefly (head clearly not hidden under pronotum),Coleoptera,1,Cantharidae,,,,,,,,,,,
sgl322,medium,2025-06-10,clear vane,12,1,no,1,"322, CV12, 2025-6-10, Vial 1","stenotrachelid, clearly a lob on each tarsal claw",Coleoptera,1,Stenotrachelidae,,,,,,,,,,,
sgl322,medium,2025-06-10,clear vane,12,1,no,1,"322, CV12, 2025-6-10, Vial 1",green buprestid with cream colored markings,Coleoptera,1,Buprestidae,,,,,,,,,,,
sgl322,medium,2025-06-10,clear vane,12,1,no,1,"322, CV12, 2025-6-10, Vial 1",cream colored coccinellid,Coleoptera,1,Coccinellidae,,,,,,,,,,,
sgl322,medium,2025-06-10,clear vane,12,1,no,1,"322, CV12, 2025-6-10, Vial 1",mid size black elaterids (2 total),Coleoptera,1,Elateridae,,,,,,,,,,,
sgl322,medium,2025-06-10,clear vane,12,1,no,1,"322, CV12, 2025-6-10, Vial 1",mid size black elaterids (2 total),Coleoptera,1,Elateridae,,,,,,,,,,,
sgl322,medium,2025-06-10,clear vane,12,1,no,1,"322, CV12, 2025-6-10, Vial 1","large black nitidulids with orange markings, maybe genus Glischrochilus (2 total)",Coleoptera,1,Nitidulidae,,,,,,,,,,,
sgl322,medium,2025-06-10,clear vane,12,1,no,1,"322, CV12, 2025-6-10, Vial 1","large black nitidulids with orange markings, maybe genus Glischrochilus (2 total)",Coleoptera,1,Nitidulidae,,,,,,,,,,,
sgl322,medium,2025-06-10,clear vane,12,1,no,1,"322, CV12, 2025-6-10, Vial 1",mid size black nitidulid with cream markings,Coleoptera,1,Nitidulidae,,,,,,,,,,,
sgl322,medium,2025-06-10,clear vane,12,1,no,1,"322, CV12, 2025-6-10, Vial 1",brown eucnemids (3 total),Coleoptera,1,Eucnemidae,,,,,,,,,,,
sgl322,medium,2025-06-10,clear vane,12,1,no,1,"322, CV12, 2025-6-10, Vial 1",brown eucnemids (3 total),Coleoptera,1,Eucnemidae,,,,,,,,,,,
sgl322,medium,2025-06-10,clear vane,12,1,no,1,"322, CV12, 2025-6-10, Vial 1",brown eucnemids (3 total),Coleoptera,1,Eucnemidae,,,,,,,,,,,
sgl322,medium,2025-06-10,clear vane,12,1,no,1,"322, CV12, 2025-6-10, Vial 1","plain brown tetratomid, looks like a melandryid, maybe genus Eustrophus",Coleoptera,1,Tetratomidae,,,,,,,,,,,
sgl322,medium,2025-06-10,clear vane,12,1,no,1,"322, CV12, 2025-6-10, Vial 1",probs Dircaea liturata,Coleoptera,1,Melandryidae,,,,,,,,,,,
sgl322,medium,2025-06-10,clear vane,12,1,no,1,"322, CV12, 2025-6-10, Vial 1",just the head of a tan scarab,Coleoptera,1,Scarabaeidae,,,,,,,,,,,
sgl322,medium,2025-06-10,clear vane,12,1,no,1,"322, CV12, 2025-6-10, Vial 1","compact mottled, scale-covered scarab",Coleoptera,1,Scarabaeidae,,,,,,,,,,,
sgl322,medium,2025-06-10,clear vane,12,1,no,1,"322, CV12, 2025-6-10, Vial 1","smooth, round brown scarab",Coleoptera,1,Scarabaeidae,,,,,,,,,,,
sgl322,medium,2025-06-10,clear vane,12,1,no,1,"322, CV12, 2025-6-10, Vial 1",tiny black corylophids (2 total),Coleoptera,1,Corylophidae,,,,,,,,,,,
sgl322,medium,2025-06-10,clear vane,12,1,no,1,"322, CV12, 2025-6-10, Vial 1",tiny black corylophids (2 total),Coleoptera,1,Corylophidae,,,,,,,,,,,
sgl322,medium,2025-06-10,clear vane,12,1,no,1,"322, CV12, 2025-6-10, Vial 1",reddish brown small staphylinids (10 total),Coleoptera,1,Staphylinidae,,,,,,,,,,,
sgl322,medium,2025-06-10,clear vane,12,1,no,1,"322, CV12, 2025-6-10, Vial 1",reddish brown small staphylinids (10 total),Coleoptera,1,Staphylinidae,,,,,,,,,,,
sgl322,medium,2025-06-10,clear vane,12,1,no,1,"322, CV12, 2025-6-10, Vial 1",reddish brown small staphylinids (10 total),Coleoptera,1,Staphylinidae,,,,,,,,,,,
sgl322,medium,2025-06-10,clear vane,12,1,no,1,"322, CV12, 2025-6-10, Vial 1",reddish brown small staphylinids (10 total),Coleoptera,1,Staphylinidae,,,,,,,,,,,
sgl322,medium,2025-06-10,clear vane,12,1,no,1,"322, CV12, 2025-6-10, Vial 1",reddish brown small staphylinids (10 total),Coleoptera,1,Staphylinidae,,,,,,,,,,,
sgl322,medium,2025-06-10,clear vane,12,1,no,1,"322, CV12, 2025-6-10, Vial 1",reddish brown small staphylinids (10 total),Coleoptera,1,Staphylinidae,,,,,,,,,,,
sgl322,medium,2025-06-10,clear vane,12,1,no,1,"322, CV12, 2025-6-10, Vial 1",reddish brown small staphylinids (10 total),Coleoptera,1,Staphylinidae,,,,,,,,,,,
sgl322,medium,2025-06-10,clear vane,12,1,no,1,"322, CV12, 2025-6-10, Vial 1",reddish brown small staphylinids (10 total),Coleoptera,1,Staphylinidae,,,,,,,,,,,
sgl322,medium,2025-06-10,clear vane,12,1,no,1,"322, CV12, 2025-6-10, Vial 1",reddish brown small staphylinids (10 total),Coleoptera,1,Staphylinidae,,,,,,,,,,,
sgl322,medium,2025-06-10,clear vane,12,1,no,1,"322, CV12, 2025-6-10, Vial 1",reddish brown small staphylinids (10 total),Coleoptera,1,Staphylinidae,,,,,,,,,,,
sgl322,medium,2025-06-10,clear vane,12,1,no,1,"322, CV12, 2025-6-10, Vial 1",staphylinids (9 total),Coleoptera,1,Staphylinidae,,,,,,,,,,,
sgl322,medium,2025-06-10,clear vane,12,1,no,1,"322, CV12, 2025-6-10, Vial 1",staphylinids (9 total),Coleoptera,1,Staphylinidae,,,,,,,,,,,
sgl322,medium,2025-06-10,clear vane,12,1,no,1,"322, CV12, 2025-6-10, Vial 1",staphylinids (9 total),Coleoptera,1,Staphylinidae,,,,,,,,,,,
sgl322,medium,2025-06-10,clear vane,12,1,no,1,"322, CV12, 2025-6-10, Vial 1",staphylinids (9 total),Coleoptera,1,Staphylinidae,,,,,,,,,,,
sgl322,medium,2025-06-10,clear vane,12,1,no,1,"322, CV12, 2025-6-10, Vial 1",staphylinids (9 total),Coleoptera,1,Staphylinidae,,,,,,,,,,,
sgl322,medium,2025-06-10,clear vane,12,1,no,1,"322, CV12, 2025-6-10, Vial 1",staphylinids (9 total),Coleoptera,1,Staphylinidae,,,,,,,,,,,
sgl322,medium,2025-06-10,clear vane,12,1,no,1,"322, CV12, 2025-6-10, Vial 1",staphylinids (9 total),Coleoptera,1,Staphylinidae,,,,,,,,,,,
sgl322,medium,2025-06-10,clear vane,12,1,no,1,"322, CV12, 2025-6-10, Vial 1",staphylinids (9 total),Coleoptera,1,Staphylinidae,,,,,,,,,,,
sgl322,medium,2025-06-10,clear vane,12,1,no,1,"322, CV12, 2025-6-10, Vial 1",staphylinids (9 total),Coleoptera,1,Staphylinidae,,,,,,,,,,,
sgl322,medium,2025-06-10,clear vane,12,1,no,1,"322, CV12, 2025-6-10, Vial 1",melandryid-looking Leiodids (5 total),Coleoptera,1,Leiodidae,,,,,,,,,,,
sgl322,medium,2025-06-10,clear vane,12,1,no,1,"322, CV12, 2025-6-10, Vial 1",melandryid-looking Leiodids (5 total),Coleoptera,1,Leiodidae,,,,,,,,,,,
sgl322,medium,2025-06-10,clear vane,12,1,no,1,"322, CV12, 2025-6-10, Vial 1",melandryid-looking Leiodids (5 total),Coleoptera,1,Leiodidae,,,,,,,,,,,
sgl322,medium,2025-06-10,clear vane,12,1,no,1,"322, CV12, 2025-6-10, Vial 1",melandryid-looking Leiodids (5 total),Coleoptera,1,Leiodidae,,,,,,,,,,,
sgl322,medium,2025-06-10,clear vane,12,1,no,1,"322, CV12, 2025-6-10, Vial 1",melandryid-looking Leiodids (5 total),Coleoptera,1,Leiodidae,,,,,,,,,,,
sgl322,medium,2025-06-10,clear vane,12,1,no,1,"322, CV12, 2025-6-10, Vial 1",black mordellid,Coleoptera,1,Mordellidae,,,,,,,,,,,
sgl322,medium,2025-06-10,clear vane,12,1,no,1,"322, CV12, 2025-6-10, Vial 1",tear-drop staphylinid,Coleoptera,1,Staphylinidae,,,,,,,,,,,
sgl322,medium,2025-06-10,clear vane,12,1,no,1,"322, CV12, 2025-6-10, Vial 1",Genus Mycetophagus (2 total),Coleoptera,1,Mycetophagidae,,,,,,,,,,,
sgl322,medium,2025-06-10,clear vane,12,1,no,1,"322, CV12, 2025-6-10, Vial 1",Genus Mycetophagus (2 total),Coleoptera,1,Mycetophagidae,,,,,,,,,,,
sgl322,medium,2025-06-10,clear vane,12,1,no,1,"322, CV12, 2025-6-10, Vial 1",mottled brown compact weevils (2 total),Coleoptera,1,Curculionidae,,,,,,,,,,,
sgl322,medium,2025-06-10,clear vane,12,1,no,1,"322, CV12, 2025-6-10, Vial 1",mottled brown compact weevils (2 total),Coleoptera,1,Curculionidae,,,,,,,,,,,
sgl322,medium,2025-06-10,clear vane,12,1,no,1,"322, CV12, 2025-6-10, Vial 1",small black compact weevil,Coleoptera,1,Curculionidae,,,,,,,,,,,
sgl322,medium,2025-06-10,clear vane,12,1,no,1,"322, CV12, 2025-6-10, Vial 1",flat brown monotomids (5 total),Coleoptera,1,Monotomidae,,,,,,,,,,,
sgl322,medium,2025-06-10,clear vane,12,1,no,1,"322, CV12, 2025-6-10, Vial 1",flat brown monotomids (5 total),Coleoptera,1,Monotomidae,,,,,,,,,,,
sgl322,medium,2025-06-10,clear vane,12,1,no,1,"322, CV12, 2025-6-10, Vial 1",flat brown monotomids (5 total),Coleoptera,1,Monotomidae,,,,,,,,,,,
sgl322,medium,2025-06-10,clear vane,12,1,no,1,"322, CV12, 2025-6-10, Vial 1",flat brown monotomids (5 total),Coleoptera,1,Monotomidae,,,,,,,,,,,
sgl322,medium,2025-06-10,clear vane,12,1,no,1,"322, CV12, 2025-6-10, Vial 1",flat brown monotomids (5 total),Coleoptera,1,Monotomidae,,,,,,,,,,,
sgl322,medium,2025-06-10,clear vane,12,1,no,1,"322, CV12, 2025-6-10, Vial 1","tiny beetles with 4 ventrites, saying Carabidae because of bean trochanter (3 total), maybe genus Tachys/Paratachys",Coleoptera,1,Carabidae,,,,,,,,,,,
sgl322,medium,2025-06-10,clear vane,12,1,no,1,"322, CV12, 2025-6-10, Vial 1","tiny beetles with 4 ventrites, saying Carabidae because of bean trochanter (3 total), maybe genus Tachys/Paratachys",Coleoptera,1,Carabidae,,,,,,,,,,,
sgl322,medium,2025-06-10,clear vane,12,1,no,1,"322, CV12, 2025-6-10, Vial 1","tiny beetles with 4 ventrites, saying Carabidae because of bean trochanter (3 total), maybe genus Tachys/Paratachys",Coleoptera,1,Carabidae,,,,,,,,,,,
sgl322,medium,2025-06-10,clear vane,12,1,no,1,"322, CV12, 2025-6-10, Vial 1",nitidulids (5 total),Coleoptera,1,Nitidulidae,,,,,,,,,,,
sgl322,medium,2025-06-10,clear vane,12,1,no,1,"322, CV12, 2025-6-10, Vial 1",nitidulids (5 total),Coleoptera,1,Nitidulidae,,,,,,,,,,,
sgl322,medium,2025-06-10,clear vane,12,1,no,1,"322, CV12, 2025-6-10, Vial 1",nitidulids (5 total),Coleoptera,1,Nitidulidae,,,,,,,,,,,
sgl322,medium,2025-06-10,clear vane,12,1,no,1,"322, CV12, 2025-6-10, Vial 1",nitidulids (5 total),Coleoptera,1,Nitidulidae,,,,,,,,,,,
sgl322,medium,2025-06-10,clear vane,12,1,no,1,"322, CV12, 2025-6-10, Vial 1",nitidulids (5 total),Coleoptera,1,Nitidulidae,,,,,,,,,,,
sgl322,medium,2025-06-10,clear vane,12,1,no,1,"322, CV12, 2025-6-10, Vial 1",tribe Euplectini (2 total),Coleoptera,1,Staphylinidae,,Euplectini,,,,,,,,,
sgl322,medium,2025-06-10,clear vane,12,1,no,1,"322, CV12, 2025-6-10, Vial 1",tribe Euplectini (2 total),Coleoptera,1,Staphylinidae,,Euplectini,,,,,,,,,
sgl322,medium,2025-06-10,clear vane,12,1,no,1,"322, CV12, 2025-6-10, Vial 1","black beetles with lobes under taris, probs genus Telmatophilus (8 total)",Coleoptera,1,Cryptophagidae,,,,,,,,,,,
sgl322,medium,2025-06-10,clear vane,12,1,no,1,"322, CV12, 2025-6-10, Vial 1","black beetles with lobes under taris, probs genus Telmatophilus (8 total)",Coleoptera,1,Cryptophagidae,,,,,,,,,,,
sgl322,medium,2025-06-10,clear vane,12,1,no,1,"322, CV12, 2025-6-10, Vial 1","black beetles with lobes under taris, probs genus Telmatophilus (8 total)",Coleoptera,1,Cryptophagidae,,,,,,,,,,,
sgl322,medium,2025-06-10,clear vane,12,1,no,1,"322, CV12, 2025-6-10, Vial 1","black beetles with lobes under taris, probs genus Telmatophilus (8 total)",Coleoptera,1,Cryptophagidae,,,,,,,,,,,
sgl322,medium,2025-06-10,clear vane,12,1,no,1,"322, CV12, 2025-6-10, Vial 1","black beetles with lobes under taris, probs genus Telmatophilus (8 total)",Coleoptera,1,Cryptophagidae,,,,,,,,,,,
sgl322,medium,2025-06-10,clear vane,12,1,no,1,"322, CV12, 2025-6-10, Vial 1","black beetles with lobes under taris, probs genus Telmatophilus (8 total)",Coleoptera,1,Cryptophagidae,,,,,,,,,,,
sgl322,medium,2025-06-10,clear vane,12,1,no,1,"322, CV12, 2025-6-10, Vial 1","black beetles with lobes under taris, probs genus Telmatophilus (8 total)",Coleoptera,1,Cryptophagidae,,,,,,,,,,,
sgl322,medium,2025-06-10,clear vane,12,1,no,1,"322, CV12, 2025-6-10, Vial 1","black beetles with lobes under taris, probs genus Telmatophilus (8 total)",Coleoptera,1,Cryptophagidae,,,,,,,,,,,
sgl322,medium,2025-06-10,clear vane,12,1,no,1,"322, CV12, 2025-6-10, Vial 1",scraptiids (2 total),Coleoptera,1,Scraptiidae,,,,,,,,,,,
sgl322,medium,2025-06-10,clear vane,12,1,no,1,"322, CV12, 2025-6-10, Vial 1",scraptiids (2 total),Coleoptera,1,Scraptiidae,,,,,,,,,,,
sgl322,medium,2025-06-10,clear vane,12,1,no,1,"322, CV12, 2025-6-10, Vial 1",silvanids (6 total),Coleoptera,1,Silvanidae,,,,,,,,,,,
sgl322,medium,2025-06-10,clear vane,12,1,no,1,"322, CV12, 2025-6-10, Vial 1",silvanids (6 total),Coleoptera,1,Silvanidae,,,,,,,,,,,
sgl322,medium,2025-06-10,clear vane,12,1,no,1,"322, CV12, 2025-6-10, Vial 1",silvanids (6 total),Coleoptera,1,Silvanidae,,,,,,,,,,,
sgl322,medium,2025-06-10,clear vane,12,1,no,1,"322, CV12, 2025-6-10, Vial 1",silvanids (6 total),Coleoptera,1,Silvanidae,,,,,,,,,,,
sgl322,medium,2025-06-10,clear vane,12,1,no,1,"322, CV12, 2025-6-10, Vial 1",silvanids (6 total),Coleoptera,1,Silvanidae,,,,,,,,,,,
sgl322,medium,2025-06-10,clear vane,12,1,no,1,"322, CV12, 2025-6-10, Vial 1",silvanids (6 total),Coleoptera,1,Silvanidae,,,,,,,,,,,
sgl322,medium,2025-06-10,clear vane,12,1,no,1,"322, CV12, 2025-6-10, Vial 1",brown genus Synchita,Coleoptera,1,Zopheridae,,,,,,,,,,,
sgl322,medium,2025-06-10,clear vane,12,1,no,1,"322, CV12, 2025-6-10, Vial 1",mottled genus Synchita,Coleoptera,1,Zopheridae,,,,,,,,,,,
sgl322,medium,2025-06-10,clear vane,12,1,no,1,"322, CV12, 2025-6-10, Vial 1","2-seg clubbed reddish brown beetle, probs genus Pycnomerus (2 total)",Coleoptera,1,Zopheridae,,,,,,,,,,,
sgl322,medium,2025-06-10,clear vane,12,1,no,1,"322, CV12, 2025-6-10, Vial 1","2-seg clubbed reddish brown beetle, probs genus Pycnomerus (2 total)",Coleoptera,1,Zopheridae,,,,,,,,,,,
sgl322,medium,2025-06-10,clear vane,12,1,no,1,"322, CV12, 2025-6-10, Vial 1",the hard ID. genus Odontosphindus (3 total),Coleoptera,1,Sphindidae,,,,,,,,,,,
sgl322,medium,2025-06-10,clear vane,12,1,no,1,"322, CV12, 2025-6-10, Vial 1",the hard ID. genus Odontosphindus (3 total),Coleoptera,1,Sphindidae,,,,,,,,,,,
sgl322,medium,2025-06-10,clear vane,12,1,no,1,"322, CV12, 2025-6-10, Vial 1",the hard ID. genus Odontosphindus (3 total),Coleoptera,1,Sphindidae,,,,,,,,,,,
sgl322,medium,2025-06-10,clear vane,12,1,no,1,"322, CV12, 2025-6-10, Vial 1",bark beetles (119 total),Coleoptera,1,Curculionidae,,Scolytinae,,,,,,,,,
sgl322,medium,2025-06-10,clear vane,12,1,no,1,"322, CV12, 2025-6-10, Vial 1",bark beetles (119 total),Coleoptera,1,Curculionidae,,Scolytinae,,,,,,,,,
sgl322,medium,2025-06-10,clear vane,12,1,no,1,"322, CV12, 2025-6-10, Vial 1",bark beetles (119 total),Coleoptera,1,Curculionidae,,Scolytinae,,,,,,,,,
sgl322,medium,2025-06-10,clear vane,12,1,no,1,"322, CV12, 2025-6-10, Vial 1",bark beetles (119 total),Coleoptera,1,Curculionidae,,Scolytinae,,,,,,,,,
sgl322,medium,2025-06-10,clear vane,12,1,no,1,"322, CV12, 2025-6-10, Vial 1",bark beetles (119 total),Coleoptera,1,Curculionidae,,Scolytinae,,,,,,,,,
sgl322,medium,2025-06-10,clear vane,12,1,no,1,"322, CV12, 2025-6-10, Vial 1",bark beetles (119 total),Coleoptera,1,Curculionidae,,Scolytinae,,,,,,,,,
sgl322,medium,2025-06-10,clear vane,12,1,no,1,"322, CV12, 2025-6-10, Vial 1",bark beetles (119 total),Coleoptera,1,Curculionidae,,Scolytinae,,,,,,,,,
sgl322,medium,2025-06-10,clear vane,12,1,no,1,"322, CV12, 2025-6-10, Vial 1",bark beetles (119 total),Coleoptera,1,Curculionidae,,Scolytinae,,,,,,,,,
sgl322,medium,2025-06-10,clear vane,12,1,no,1,"322, CV12, 2025-6-10, Vial 1",bark beetles (119 total),Coleoptera,1,Curculionidae,,Scolytinae,,,,,,,,,
sgl322,medium,2025-06-10,clear vane,12,1,no,1,"322, CV12, 2025-6-10, Vial 1",bark beetles (119 total),Coleoptera,1,Curculionidae,,Scolytinae,,,,,,,,,
sgl322,medium,2025-06-10,clear vane,12,1,no,1,"322, CV12, 2025-6-10, Vial 1",bark beetles (119 total),Coleoptera,1,Curculionidae,,Scolytinae,,,,,,,,,
sgl322,medium,2025-06-10,clear vane,12,1,no,1,"322, CV12, 2025-6-10, Vial 1",bark beetles (119 total),Coleoptera,1,Curculionidae,,Scolytinae,,,,,,,,,
sgl322,medium,2025-06-10,clear vane,12,1,no,1,"322, CV12, 2025-6-10, Vial 1",bark beetles (119 total),Coleoptera,1,Curculionidae,,Scolytinae,,,,,,,,,
sgl322,medium,2025-06-10,clear vane,12,1,no,1,"322, CV12, 2025-6-10, Vial 1",bark beetles (119 total),Coleoptera,1,Curculionidae,,Scolytinae,,,,,,,,,
sgl322,medium,2025-06-10,clear vane,12,1,no,1,"322, CV12, 2025-6-10, Vial 1",bark beetles (119 total),Coleoptera,1,Curculionidae,,Scolytinae,,,,,,,,,
sgl322,medium,2025-06-10,clear vane,12,1,no,1,"322, CV12, 2025-6-10, Vial 1",bark beetles (119 total),Coleoptera,1,Curculionidae,,Scolytinae,,,,,,,,,
sgl322,medium,2025-06-10,clear vane,12,1,no,1,"322, CV12, 2025-6-10, Vial 1",bark beetles (119 total),Coleoptera,1,Curculionidae,,Scolytinae,,,,,,,,,
sgl322,medium,2025-06-10,clear vane,12,1,no,1,"322, CV12, 2025-6-10, Vial 1",bark beetles (119 total),Coleoptera,1,Curculionidae,,Scolytinae,,,,,,,,,
sgl322,medium,2025-06-10,clear vane,12,1,no,1,"322, CV12, 2025-6-10, Vial 1",bark beetles (119 total),Coleoptera,1,Curculionidae,,Scolytinae,,,,,,,,,
sgl322,medium,2025-06-10,clear vane,12,1,no,1,"322, CV12, 2025-6-10, Vial 1",bark beetles (119 total),Coleoptera,1,Curculionidae,,Scolytinae,,,,,,,,,
sgl322,medium,2025-06-10,clear vane,12,1,no,1,"322, CV12, 2025-6-10, Vial 1",bark beetles (119 total),Coleoptera,1,Curculionidae,,Scolytinae,,,,,,,,,
sgl322,medium,2025-06-10,clear vane,12,1,no,1,"322, CV12, 2025-6-10, Vial 1",bark beetles (119 total),Coleoptera,1,Curculionidae,,Scolytinae,,,,,,,,,
sgl322,medium,2025-06-10,clear vane,12,1,no,1,"322, CV12, 2025-6-10, Vial 1",bark beetles (119 total),Coleoptera,1,Curculionidae,,Scolytinae,,,,,,,,,
sgl322,medium,2025-06-10,clear vane,12,1,no,1,"322, CV12, 2025-6-10, Vial 1",bark beetles (119 total),Coleoptera,1,Curculionidae,,Scolytinae,,,,,,,,,
sgl322,medium,2025-06-10,clear vane,12,1,no,1,"322, CV12, 2025-6-10, Vial 1",bark beetles (119 total),Coleoptera,1,Curculionidae,,Scolytinae,,,,,,,,,
sgl322,medium,2025-06-10,clear vane,12,1,no,1,"322, CV12, 2025-6-10, Vial 1",bark beetles (119 total),Coleoptera,1,Curculionidae,,Scolytinae,,,,,,,,,
sgl322,medium,2025-06-10,clear vane,12,1,no,1,"322, CV12, 2025-6-10, Vial 1",bark beetles (119 total),Coleoptera,1,Curculionidae,,Scolytinae,,,,,,,,,
sgl322,medium,2025-06-10,clear vane,12,1,no,1,"322, CV12, 2025-6-10, Vial 1",bark beetles (119 total),Coleoptera,1,Curculionidae,,Scolytinae,,,,,,,,,
sgl322,medium,2025-06-10,clear vane,12,1,no,1,"322, CV12, 2025-6-10, Vial 1",bark beetles (119 total),Coleoptera,1,Curculionidae,,Scolytinae,,,,,,,,,
sgl322,medium,2025-06-10,clear vane,12,1,no,1,"322, CV12, 2025-6-10, Vial 1",bark beetles (119 total),Coleoptera,1,Curculionidae,,Scolytinae,,,,,,,,,
sgl322,medium,2025-06-10,clear vane,12,1,no,1,"322, CV12, 2025-6-10, Vial 1",bark beetles (119 total),Coleoptera,1,Curculionidae,,Scolytinae,,,,,,,,,
sgl322,medium,2025-06-10,clear vane,12,1,no,1,"322, CV12, 2025-6-10, Vial 1",bark beetles (119 total),Coleoptera,1,Curculionidae,,Scolytinae,,,,,,,,,
sgl322,medium,2025-06-10,clear vane,12,1,no,1,"322, CV12, 2025-6-10, Vial 1",bark beetles (119 total),Coleoptera,1,Curculionidae,,Scolytinae,,,,,,,,,
sgl322,medium,2025-06-10,clear vane,12,1,no,1,"322, CV12, 2025-6-10, Vial 1",bark beetles (119 total),Coleoptera,1,Curculionidae,,Scolytinae,,,,,,,,,
sgl322,medium,2025-06-10,clear vane,12,1,no,1,"322, CV12, 2025-6-10, Vial 1",bark beetles (119 total),Coleoptera,1,Curculionidae,,Scolytinae,,,,,,,,,
sgl322,medium,2025-06-10,clear vane,12,1,no,1,"322, CV12, 2025-6-10, Vial 1",bark beetles (119 total),Coleoptera,1,Curculionidae,,Scolytinae,,,,,,,,,
sgl322,medium,2025-06-10,clear vane,12,1,no,1,"322, CV12, 2025-6-10, Vial 1",bark beetles (119 total),Coleoptera,1,Curculionidae,,Scolytinae,,,,,,,,,
sgl322,medium,2025-06-10,clear vane,12,1,no,1,"322, CV12, 2025-6-10, Vial 1",bark beetles (119 total),Coleoptera,1,Curculionidae,,Scolytinae,,,,,,,,,
sgl322,medium,2025-06-10,clear vane,12,1,no,1,"322, CV12, 2025-6-10, Vial 1",bark beetles (119 total),Coleoptera,1,Curculionidae,,Scolytinae,,,,,,,,,
sgl322,medium,2025-06-10,clear vane,12,1,no,1,"322, CV12, 2025-6-10, Vial 1",bark beetles (119 total),Coleoptera,1,Curculionidae,,Scolytinae,,,,,,,,,
sgl322,medium,2025-06-10,clear vane,12,1,no,1,"322, CV12, 2025-6-10, Vial 1",bark beetles (119 total),Coleoptera,1,Curculionidae,,Scolytinae,,,,,,,,,
sgl322,medium,2025-06-10,clear vane,12,1,no,1,"322, CV12, 2025-6-10, Vial 1",bark beetles (119 total),Coleoptera,1,Curculionidae,,Scolytinae,,,,,,,,,
sgl322,medium,2025-06-10,clear vane,12,1,no,1,"322, CV12, 2025-6-10, Vial 1",bark beetles (119 total),Coleoptera,1,Curculionidae,,Scolytinae,,,,,,,,,
sgl322,medium,2025-06-10,clear vane,12,1,no,1,"322, CV12, 2025-6-10, Vial 1",bark beetles (119 total),Coleoptera,1,Curculionidae,,Scolytinae,,,,,,,,,
sgl322,medium,2025-06-10,clear vane,12,1,no,1,"322, CV12, 2025-6-10, Vial 1",bark beetles (119 total),Coleoptera,1,Curculionidae,,Scolytinae,,,,,,,,,
sgl322,medium,2025-06-10,clear vane,12,1,no,1,"322, CV12, 2025-6-10, Vial 1",bark beetles (119 total),Coleoptera,1,Curculionidae,,Scolytinae,,,,,,,,,
sgl322,medium,2025-06-10,clear vane,12,1,no,1,"322, CV12, 2025-6-10, Vial 1",bark beetles (119 total),Coleoptera,1,Curculionidae,,Scolytinae,,,,,,,,,
sgl322,medium,2025-06-10,clear vane,12,1,no,1,"322, CV12, 2025-6-10, Vial 1",bark beetles (119 total),Coleoptera,1,Curculionidae,,Scolytinae,,,,,,,,,
sgl322,medium,2025-06-10,clear vane,12,1,no,1,"322, CV12, 2025-6-10, Vial 1",bark beetles (119 total),Coleoptera,1,Curculionidae,,Scolytinae,,,,,,,,,
sgl322,medium,2025-06-10,clear vane,12,1,no,1,"322, CV12, 2025-6-10, Vial 1",bark beetles (119 total),Coleoptera,1,Curculionidae,,Scolytinae,,,,,,,,,
sgl322,medium,2025-06-10,clear vane,12,1,no,1,"322, CV12, 2025-6-10, Vial 1",bark beetles (119 total),Coleoptera,1,Curculionidae,,Scolytinae,,,,,,,,,
sgl322,medium,2025-06-10,clear vane,12,1,no,1,"322, CV12, 2025-6-10, Vial 1",bark beetles (119 total),Coleoptera,1,Curculionidae,,Scolytinae,,,,,,,,,
sgl322,medium,2025-06-10,clear vane,12,1,no,1,"322, CV12, 2025-6-10, Vial 1",bark beetles (119 total),Coleoptera,1,Curculionidae,,Scolytinae,,,,,,,,,
sgl322,medium,2025-06-10,clear vane,12,1,no,1,"322, CV12, 2025-6-10, Vial 1",bark beetles (119 total),Coleoptera,1,Curculionidae,,Scolytinae,,,,,,,,,
sgl322,medium,2025-06-10,clear vane,12,1,no,1,"322, CV12, 2025-6-10, Vial 1",bark beetles (119 total),Coleoptera,1,Curculionidae,,Scolytinae,,,,,,,,,
sgl322,medium,2025-06-10,clear vane,12,1,no,1,"322, CV12, 2025-6-10, Vial 1",bark beetles (119 total),Coleoptera,1,Curculionidae,,Scolytinae,,,,,,,,,
sgl322,medium,2025-06-10,clear vane,12,1,no,1,"322, CV12, 2025-6-10, Vial 1",bark beetles (119 total),Coleoptera,1,Curculionidae,,Scolytinae,,,,,,,,,
sgl322,medium,2025-06-10,clear vane,12,1,no,1,"322, CV12, 2025-6-10, Vial 1",bark beetles (119 total),Coleoptera,1,Curculionidae,,Scolytinae,,,,,,,,,
sgl322,medium,2025-06-10,clear vane,12,1,no,1,"322, CV12, 2025-6-10, Vial 1",bark beetles (119 total),Coleoptera,1,Curculionidae,,Scolytinae,,,,,,,,,
sgl322,medium,2025-06-10,clear vane,12,1,no,1,"322, CV12, 2025-6-10, Vial 1",bark beetles (119 total),Coleoptera,1,Curculionidae,,Scolytinae,,,,,,,,,
sgl322,medium,2025-06-10,clear vane,12,1,no,1,"322, CV12, 2025-6-10, Vial 1",bark beetles (119 total),Coleoptera,1,Curculionidae,,Scolytinae,,,,,,,,,
sgl322,medium,2025-06-10,clear vane,12,1,no,1,"322, CV12, 2025-6-10, Vial 1",bark beetles (119 total),Coleoptera,1,Curculionidae,,Scolytinae,,,,,,,,,
sgl322,medium,2025-06-10,clear vane,12,1,no,1,"322, CV12, 2025-6-10, Vial 1",bark beetles (119 total),Coleoptera,1,Curculionidae,,Scolytinae,,,,,,,,,
sgl322,medium,2025-06-10,clear vane,12,1,no,1,"322, CV12, 2025-6-10, Vial 1",bark beetles (119 total),Coleoptera,1,Curculionidae,,Scolytinae,,,,,,,,,
sgl322,medium,2025-06-10,clear vane,12,1,no,1,"322, CV12, 2025-6-10, Vial 1",bark beetles (119 total),Coleoptera,1,Curculionidae,,Scolytinae,,,,,,,,,
sgl322,medium,2025-06-10,clear vane,12,1,no,1,"322, CV12, 2025-6-10, Vial 1",bark beetles (119 total),Coleoptera,1,Curculionidae,,Scolytinae,,,,,,,,,
sgl322,medium,2025-06-10,clear vane,12,1,no,1,"322, CV12, 2025-6-10, Vial 1",bark beetles (119 total),Coleoptera,1,Curculionidae,,Scolytinae,,,,,,,,,
sgl322,medium,2025-06-10,clear vane,12,1,no,1,"322, CV12, 2025-6-10, Vial 1",bark beetles (119 total),Coleoptera,1,Curculionidae,,Scolytinae,,,,,,,,,
sgl322,medium,2025-06-10,clear vane,12,1,no,1,"322, CV12, 2025-6-10, Vial 1",bark beetles (119 total),Coleoptera,1,Curculionidae,,Scolytinae,,,,,,,,,
sgl322,medium,2025-06-10,clear vane,12,1,no,1,"322, CV12, 2025-6-10, Vial 1",bark beetles (119 total),Coleoptera,1,Curculionidae,,Scolytinae,,,,,,,,,
sgl322,medium,2025-06-10,clear vane,12,1,no,1,"322, CV12, 2025-6-10, Vial 1",bark beetles (119 total),Coleoptera,1,Curculionidae,,Scolytinae,,,,,,,,,
sgl322,medium,2025-06-10,clear vane,12,1,no,1,"322, CV12, 2025-6-10, Vial 1",bark beetles (119 total),Coleoptera,1,Curculionidae,,Scolytinae,,,,,,,,,
sgl322,medium,2025-06-10,clear vane,12,1,no,1,"322, CV12, 2025-6-10, Vial 1",bark beetles (119 total),Coleoptera,1,Curculionidae,,Scolytinae,,,,,,,,,
sgl322,medium,2025-06-10,clear vane,12,1,no,1,"322, CV12, 2025-6-10, Vial 1",bark beetles (119 total),Coleoptera,1,Curculionidae,,Scolytinae,,,,,,,,,
sgl322,medium,2025-06-10,clear vane,12,1,no,1,"322, CV12, 2025-6-10, Vial 1",bark beetles (119 total),Coleoptera,1,Curculionidae,,Scolytinae,,,,,,,,,
sgl322,medium,2025-06-10,clear vane,12,1,no,1,"322, CV12, 2025-6-10, Vial 1",bark beetles (119 total),Coleoptera,1,Curculionidae,,Scolytinae,,,,,,,,,
sgl322,medium,2025-06-10,clear vane,12,1,no,1,"322, CV12, 2025-6-10, Vial 1",bark beetles (119 total),Coleoptera,1,Curculionidae,,Scolytinae,,,,,,,,,
sgl322,medium,2025-06-10,clear vane,12,1,no,1,"322, CV12, 2025-6-10, Vial 1",bark beetles (119 total),Coleoptera,1,Curculionidae,,Scolytinae,,,,,,,,,
sgl322,medium,2025-06-10,clear vane,12,1,no,1,"322, CV12, 2025-6-10, Vial 1",bark beetles (119 total),Coleoptera,1,Curculionidae,,Scolytinae,,,,,,,,,
sgl322,medium,2025-06-10,clear vane,12,1,no,1,"322, CV12, 2025-6-10, Vial 1",bark beetles (119 total),Coleoptera,1,Curculionidae,,Scolytinae,,,,,,,,,
sgl322,medium,2025-06-10,clear vane,12,1,no,1,"322, CV12, 2025-6-10, Vial 1",bark beetles (119 total),Coleoptera,1,Curculionidae,,Scolytinae,,,,,,,,,
sgl322,medium,2025-06-10,clear vane,12,1,no,1,"322, CV12, 2025-6-10, Vial 1",bark beetles (119 total),Coleoptera,1,Curculionidae,,Scolytinae,,,,,,,,,
sgl322,medium,2025-06-10,clear vane,12,1,no,1,"322, CV12, 2025-6-10, Vial 1",bark beetles (119 total),Coleoptera,1,Curculionidae,,Scolytinae,,,,,,,,,
sgl322,medium,2025-06-10,clear vane,12,1,no,1,"322, CV12, 2025-6-10, Vial 1",bark beetles (119 total),Coleoptera,1,Curculionidae,,Scolytinae,,,,,,,,,
sgl322,medium,2025-06-10,clear vane,12,1,no,1,"322, CV12, 2025-6-10, Vial 1",bark beetles (119 total),Coleoptera,1,Curculionidae,,Scolytinae,,,,,,,,,
sgl322,medium,2025-06-10,clear vane,12,1,no,1,"322, CV12, 2025-6-10, Vial 1",bark beetles (119 total),Coleoptera,1,Curculionidae,,Scolytinae,,,,,,,,,
sgl322,medium,2025-06-10,clear vane,12,1,no,1,"322, CV12, 2025-6-10, Vial 1",bark beetles (119 total),Coleoptera,1,Curculionidae,,Scolytinae,,,,,,,,,
sgl322,medium,2025-06-10,clear vane,12,1,no,1,"322, CV12, 2025-6-10, Vial 1",bark beetles (119 total),Coleoptera,1,Curculionidae,,Scolytinae,,,,,,,,,
sgl322,medium,2025-06-10,clear vane,12,1,no,1,"322, CV12, 2025-6-10, Vial 1",bark beetles (119 total),Coleoptera,1,Curculionidae,,Scolytinae,,,,,,,,,
sgl322,medium,2025-06-10,clear vane,12,1,no,1,"322, CV12, 2025-6-10, Vial 1",bark beetles (119 total),Coleoptera,1,Curculionidae,,Scolytinae,,,,,,,,,
sgl322,medium,2025-06-10,clear vane,12,1,no,1,"322, CV12, 2025-6-10, Vial 1",bark beetles (119 total),Coleoptera,1,Curculionidae,,Scolytinae,,,,,,,,,
sgl322,medium,2025-06-10,clear vane,12,1,no,1,"322, CV12, 2025-6-10, Vial 1",bark beetles (119 total),Coleoptera,1,Curculionidae,,Scolytinae,,,,,,,,,
sgl322,medium,2025-06-10,clear vane,12,1,no,1,"322, CV12, 2025-6-10, Vial 1",bark beetles (119 total),Coleoptera,1,Curculionidae,,Scolytinae,,,,,,,,,
sgl322,medium,2025-06-10,clear vane,12,1,no,1,"322, CV12, 2025-6-10, Vial 1",bark beetles (119 total),Coleoptera,1,Curculionidae,,Scolytinae,,,,,,,,,
sgl322,medium,2025-06-10,clear vane,12,1,no,1,"322, CV12, 2025-6-10, Vial 1",bark beetles (119 total),Coleoptera,1,Curculionidae,,Scolytinae,,,,,,,,,
sgl322,medium,2025-06-10,clear vane,12,1,no,1,"322, CV12, 2025-6-10, Vial 1",bark beetles (119 total),Coleoptera,1,Curculionidae,,Scolytinae,,,,,,,,,
sgl322,medium,2025-06-10,clear vane,12,1,no,1,"322, CV12, 2025-6-10, Vial 1",bark beetles (119 total),Coleoptera,1,Curculionidae,,Scolytinae,,,,,,,,,
sgl322,medium,2025-06-10,clear vane,12,1,no,1,"322, CV12, 2025-6-10, Vial 1",bark beetles (119 total),Coleoptera,1,Curculionidae,,Scolytinae,,,,,,,,,
sgl322,medium,2025-06-10,clear vane,12,1,no,1,"322, CV12, 2025-6-10, Vial 1",bark beetles (119 total),Coleoptera,1,Curculionidae,,Scolytinae,,,,,,,,,
sgl322,medium,2025-06-10,clear vane,12,1,no,1,"322, CV12, 2025-6-10, Vial 1",bark beetles (119 total),Coleoptera,1,Curculionidae,,Scolytinae,,,,,,,,,
sgl322,medium,2025-06-10,clear vane,12,1,no,1,"322, CV12, 2025-6-10, Vial 1",bark beetles (119 total),Coleoptera,1,Curculionidae,,Scolytinae,,,,,,,,,
sgl322,medium,2025-06-10,clear vane,12,1,no,1,"322, CV12, 2025-6-10, Vial 1",bark beetles (119 total),Coleoptera,1,Curculionidae,,Scolytinae,,,,,,,,,
sgl322,medium,2025-06-10,clear vane,12,1,no,1,"322, CV12, 2025-6-10, Vial 1",bark beetles (119 total),Coleoptera,1,Curculionidae,,Scolytinae,,,,,,,,,
sgl322,medium,2025-06-10,clear vane,12,1,no,1,"322, CV12, 2025-6-10, Vial 1",bark beetles (119 total),Coleoptera,1,Curculionidae,,Scolytinae,,,,,,,,,
sgl322,medium,2025-06-10,clear vane,12,1,no,1,"322, CV12, 2025-6-10, Vial 1",bark beetles (119 total),Coleoptera,1,Curculionidae,,Scolytinae,,,,,,,,,
sgl322,medium,2025-06-10,clear vane,12,1,no,1,"322, CV12, 2025-6-10, Vial 1",bark beetles (119 total),Coleoptera,1,Curculionidae,,Scolytinae,,,,,,,,,
sgl322,medium,2025-06-10,clear vane,12,1,no,1,"322, CV12, 2025-6-10, Vial 1",bark beetles (119 total),Coleoptera,1,Curculionidae,,Scolytinae,,,,,,,,,
sgl322,medium,2025-06-10,clear vane,12,1,no,1,"322, CV12, 2025-6-10, Vial 1",bark beetles (119 total),Coleoptera,1,Curculionidae,,Scolytinae,,,,,,,,,
sgl322,medium,2025-06-10,clear vane,12,1,no,1,"322, CV12, 2025-6-10, Vial 1",bark beetles (119 total),Coleoptera,1,Curculionidae,,Scolytinae,,,,,,,,,
sgl322,medium,2025-06-10,clear vane,12,1,no,1,"322, CV12, 2025-6-10, Vial 1",bark beetles (119 total),Coleoptera,1,Curculionidae,,Scolytinae,,,,,,,,,
sgl322,medium,2025-06-10,clear vane,12,1,no,1,"322, CV12, 2025-6-10, Vial 1",bark beetles (119 total),Coleoptera,1,Curculionidae,,Scolytinae,,,,,,,,,
sgl322,medium,2025-06-10,clear vane,12,1,no,1,"322, CV12, 2025-6-10, Vial 1",bark beetles (119 total),Coleoptera,1,Curculionidae,,Scolytinae,,,,,,,,,
sgl322,medium,2025-06-10,clear vane,12,1,no,1,"322, CV12, 2025-6-10, Vial 1",bark beetles (119 total),Coleoptera,1,Curculionidae,,Scolytinae,,,,,,,,,
sgl322,medium,2025-06-10,clear vane,12,1,no,1,"322, CV12, 2025-6-10, Vial 1",bark beetles (119 total),Coleoptera,1,Curculionidae,,Scolytinae,,,,,,,,,
sgl322,medium,2025-06-10,clear vane,12,1,no,1,"322, CV12, 2025-6-10, Vial 1",bark beetles (119 total),Coleoptera,1,Curculionidae,,Scolytinae,,,,,,,,,
sgl322,medium,2025-06-10,clear vane,12,1,no,1,"322, CV12, 2025-6-10, Vial 1",bark beetles (119 total),Coleoptera,1,Curculionidae,,Scolytinae,,,,,,,,,
sgl322,medium,2025-06-10,clear vane,12,1,no,1,"322, CV12, 2025-6-10, Vial 1",bark beetles (119 total),Coleoptera,1,Curculionidae,,Scolytinae,,,,,,,,,
sgl322,medium,2025-06-10,clear vane,12,1,no,1,"322, CV12, 2025-6-10, Vial 1",bark beetles (119 total),Coleoptera,1,Curculionidae,,Scolytinae,,,,,,,,,
sgl322,medium,2025-06-10,clear vane,12,1,no,1,"322, CV12, 2025-6-10, Vial 1",bark beetles (119 total),Coleoptera,1,Curculionidae,,Scolytinae,,,,,,,,,
sgl322,medium,2025-06-10,clear vane,12,1,no,1,"322, CV12, 2025-6-10, Vial 1","hard ID. Tiny histerid with 1 segmented club, ventrites 1 and 2 very large, short elytra exposing 2-3 tergites, brown body color. Maybe genus Aeletes",Coleoptera,1,Histeridae,,,,,,,,,,,
,,,,,,,,,,,,,,,,,,,,,,,
sgl322,recent,2025-07-30,clear vane,4,2,no,1,"322, CV4, 2025-7-30, Vial 1",mordellids (4 total),Coleoptera,1,Mordellidae,,,,,,,,,,,
sgl322,recent,2025-07-30,clear vane,4,2,no,1,"322, CV4, 2025-7-30, Vial 1",mordellids (4 total),Coleoptera,1,Mordellidae,,,,,,,,,,,
sgl322,recent,2025-07-30,clear vane,4,2,no,1,"322, CV4, 2025-7-30, Vial 1",mordellids (4 total),Coleoptera,1,Mordellidae,,,,,,,,,,,
sgl322,recent,2025-07-30,clear vane,4,2,no,1,"322, CV4, 2025-7-30, Vial 1",mordellids (4 total),Coleoptera,1,Mordellidae,,,,,,,,,,,
sgl322,recent,2025-07-30,clear vane,4,2,no,1,"322, CV4, 2025-7-30, Vial 1",shiny green carabids (2 total),Coleoptera,1,Carabidae,,,,,,,,,,,
sgl322,recent,2025-07-30,clear vane,4,2,no,1,"322, CV4, 2025-7-30, Vial 1",shiny green carabids (2 total),Coleoptera,1,Carabidae,,,,,,,,,,,
sgl322,recent,2025-07-30,clear vane,4,2,no,1,"322, CV4, 2025-7-30, Vial 1",weevils (5 total),Coleoptera,1,Curculionidae,,,,,,,,,,,
sgl322,recent,2025-07-30,clear vane,4,2,no,1,"322, CV4, 2025-7-30, Vial 1",weevils (5 total),Coleoptera,1,Curculionidae,,,,,,,,,,,
sgl322,recent,2025-07-30,clear vane,4,2,no,1,"322, CV4, 2025-7-30, Vial 1",weevils (5 total),Coleoptera,1,Curculionidae,,,,,,,,,,,
sgl322,recent,2025-07-30,clear vane,4,2,no,1,"322, CV4, 2025-7-30, Vial 1",weevils (5 total),Coleoptera,1,Curculionidae,,,,,,,,,,,
sgl322,recent,2025-07-30,clear vane,4,2,no,1,"322, CV4, 2025-7-30, Vial 1",weevils (5 total),Coleoptera,1,Curculionidae,,,,,,,,,,,
sgl322,recent,2025-07-30,clear vane,4,2,no,1,"322, CV4, 2025-7-30, Vial 1","melandryid-eque tetratomids, probs genus Eustrophus (3 total)",Coleoptera,1,Tetratomidae,,,,,,,,,,,
sgl322,recent,2025-07-30,clear vane,4,2,no,1,"322, CV4, 2025-7-30, Vial 1","melandryid-eque tetratomids, probs genus Eustrophus (3 total)",Coleoptera,1,Tetratomidae,,,,,,,,,,,
sgl322,recent,2025-07-30,clear vane,4,2,no,1,"322, CV4, 2025-7-30, Vial 1","melandryid-eque tetratomids, probs genus Eustrophus (3 total)",Coleoptera,1,Tetratomidae,,,,,,,,,,,
sgl322,recent,2025-07-30,clear vane,4,2,no,1,"322, CV4, 2025-7-30, Vial 1",black clerids with tan markings (2 total),Coleoptera,1,Cleridae,,,,,,,,,,,
sgl322,recent,2025-07-30,clear vane,4,2,no,1,"322, CV4, 2025-7-30, Vial 1",black clerids with tan markings (2 total),Coleoptera,1,Cleridae,,,,,,,,,,,
sgl322,recent,2025-07-30,clear vane,4,2,no,1,"322, CV4, 2025-7-30, Vial 1","No, it's a nitidulid. dark kateretid, antennal bobbles not so compact, very short elytra ",Coleoptera,1,Nitidulidae,,,,,,,,,,,
sgl322,recent,2025-07-30,clear vane,4,2,no,1,"322, CV4, 2025-7-30, Vial 1",laemophloeids with orange spots (2 total),Coleoptera,1,Laemophloeidae,,,,,,,,,,,
sgl322,recent,2025-07-30,clear vane,4,2,no,1,"322, CV4, 2025-7-30, Vial 1",laemophloeids with orange spots (2 total),Coleoptera,1,Laemophloeidae,,,,,,,,,,,
sgl322,recent,2025-07-30,clear vane,4,2,no,1,"322, CV4, 2025-7-30, Vial 1",mid size brown throscid ,Coleoptera,1,Throscidae,,,,,,,,,,,
sgl322,recent,2025-07-30,clear vane,4,2,no,1,"322, CV4, 2025-7-30, Vial 1",staphylinids (5 total),Coleoptera,1,Staphylinidae,,,,,,,,,,,
sgl322,recent,2025-07-30,clear vane,4,2,no,1,"322, CV4, 2025-7-30, Vial 1",staphylinids (5 total),Coleoptera,1,Staphylinidae,,,,,,,,,,,
sgl322,recent,2025-07-30,clear vane,4,2,no,1,"322, CV4, 2025-7-30, Vial 1",staphylinids (5 total),Coleoptera,1,Staphylinidae,,,,,,,,,,,
sgl322,recent,2025-07-30,clear vane,4,2,no,1,"322, CV4, 2025-7-30, Vial 1",staphylinids (5 total),Coleoptera,1,Staphylinidae,,,,,,,,,,,
sgl322,recent,2025-07-30,clear vane,4,2,no,1,"322, CV4, 2025-7-30, Vial 1",staphylinids (5 total),Coleoptera,1,Staphylinidae,,,,,,,,,,,
sgl322,recent,2025-07-30,clear vane,4,2,no,1,"322, CV4, 2025-7-30, Vial 1",tan corylophids (2 total),Coleoptera,1,Corylophidae,,,,,,,,,,,
sgl322,recent,2025-07-30,clear vane,4,2,no,1,"322, CV4, 2025-7-30, Vial 1",tan corylophids (2 total),Coleoptera,1,Corylophidae,,,,,,,,,,,
sgl322,recent,2025-07-30,clear vane,4,2,no,1,"322, CV4, 2025-7-30, Vial 1",tiny black corylophid,Coleoptera,1,Corylophidae,,,,,,,,,,,
sgl322,recent,2025-07-30,clear vane,4,2,no,1,"322, CV4, 2025-7-30, Vial 1",tan latridiids (4 total),Coleoptera,1,Latridiidae,,,,,,,,,,,
sgl322,recent,2025-07-30,clear vane,4,2,no,1,"322, CV4, 2025-7-30, Vial 1",tan latridiids (4 total),Coleoptera,1,Latridiidae,,,,,,,,,,,
sgl322,recent,2025-07-30,clear vane,4,2,no,1,"322, CV4, 2025-7-30, Vial 1",tan latridiids (4 total),Coleoptera,1,Latridiidae,,,,,,,,,,,
sgl322,recent,2025-07-30,clear vane,4,2,no,1,"322, CV4, 2025-7-30, Vial 1",tan latridiids (4 total),Coleoptera,1,Latridiidae,,,,,,,,,,,
sgl322,recent,2025-07-30,clear vane,4,2,no,1,"322, CV4, 2025-7-30, Vial 1",black dermestid,Coleoptera,1,Dermestidae,,,,,,,,,,,
sgl322,recent,2025-07-30,clear vane,4,2,no,1,"322, CV4, 2025-7-30, Vial 1",tribe Euplectini,Coleoptera,1,Staphylinidae,,Euplectini,,,,,,,,,
sgl322,recent,2025-07-30,clear vane,4,2,no,1,"322, CV4, 2025-7-30, Vial 1","mottled black and white anthribid (antennae clearly not elbowed), maybe genus Anthribus",Coleoptera,1,Anthribidae,,,,,,,,,,,
sgl322,recent,2025-07-30,clear vane,4,2,no,1,"322, CV4, 2025-7-30, Vial 1","silvanid, head, thorax, and abdomen all in separate pieces",Coleoptera,1,Silvanidae,,,,,,,,,,,
sgl322,recent,2025-07-30,clear vane,4,2,no,1,"322, CV4, 2025-7-30, Vial 1",bark beetles (44 total),Coleoptera,1,Curculionidae,,Scolytinae,,,,,,,,,
sgl322,recent,2025-07-30,clear vane,4,2,no,1,"322, CV4, 2025-7-30, Vial 1",bark beetles (44 total),Coleoptera,1,Curculionidae,,Scolytinae,,,,,,,,,
sgl322,recent,2025-07-30,clear vane,4,2,no,1,"322, CV4, 2025-7-30, Vial 1",bark beetles (44 total),Coleoptera,1,Curculionidae,,Scolytinae,,,,,,,,,
sgl322,recent,2025-07-30,clear vane,4,2,no,1,"322, CV4, 2025-7-30, Vial 1",bark beetles (44 total),Coleoptera,1,Curculionidae,,Scolytinae,,,,,,,,,
sgl322,recent,2025-07-30,clear vane,4,2,no,1,"322, CV4, 2025-7-30, Vial 1",bark beetles (44 total),Coleoptera,1,Curculionidae,,Scolytinae,,,,,,,,,
sgl322,recent,2025-07-30,clear vane,4,2,no,1,"322, CV4, 2025-7-30, Vial 1",bark beetles (44 total),Coleoptera,1,Curculionidae,,Scolytinae,,,,,,,,,
sgl322,recent,2025-07-30,clear vane,4,2,no,1,"322, CV4, 2025-7-30, Vial 1",bark beetles (44 total),Coleoptera,1,Curculionidae,,Scolytinae,,,,,,,,,
sgl322,recent,2025-07-30,clear vane,4,2,no,1,"322, CV4, 2025-7-30, Vial 1",bark beetles (44 total),Coleoptera,1,Curculionidae,,Scolytinae,,,,,,,,,
sgl322,recent,2025-07-30,clear vane,4,2,no,1,"322, CV4, 2025-7-30, Vial 1",bark beetles (44 total),Coleoptera,1,Curculionidae,,Scolytinae,,,,,,,,,
sgl322,recent,2025-07-30,clear vane,4,2,no,1,"322, CV4, 2025-7-30, Vial 1",bark beetles (44 total),Coleoptera,1,Curculionidae,,Scolytinae,,,,,,,,,
sgl322,recent,2025-07-30,clear vane,4,2,no,1,"322, CV4, 2025-7-30, Vial 1",bark beetles (44 total),Coleoptera,1,Curculionidae,,Scolytinae,,,,,,,,,
sgl322,recent,2025-07-30,clear vane,4,2,no,1,"322, CV4, 2025-7-30, Vial 1",bark beetles (44 total),Coleoptera,1,Curculionidae,,Scolytinae,,,,,,,,,
sgl322,recent,2025-07-30,clear vane,4,2,no,1,"322, CV4, 2025-7-30, Vial 1",bark beetles (44 total),Coleoptera,1,Curculionidae,,Scolytinae,,,,,,,,,
sgl322,recent,2025-07-30,clear vane,4,2,no,1,"322, CV4, 2025-7-30, Vial 1",bark beetles (44 total),Coleoptera,1,Curculionidae,,Scolytinae,,,,,,,,,
sgl322,recent,2025-07-30,clear vane,4,2,no,1,"322, CV4, 2025-7-30, Vial 1",bark beetles (44 total),Coleoptera,1,Curculionidae,,Scolytinae,,,,,,,,,
sgl322,recent,2025-07-30,clear vane,4,2,no,1,"322, CV4, 2025-7-30, Vial 1",bark beetles (44 total),Coleoptera,1,Curculionidae,,Scolytinae,,,,,,,,,
sgl322,recent,2025-07-30,clear vane,4,2,no,1,"322, CV4, 2025-7-30, Vial 1",bark beetles (44 total),Coleoptera,1,Curculionidae,,Scolytinae,,,,,,,,,
sgl322,recent,2025-07-30,clear vane,4,2,no,1,"322, CV4, 2025-7-30, Vial 1",bark beetles (44 total),Coleoptera,1,Curculionidae,,Scolytinae,,,,,,,,,
sgl322,recent,2025-07-30,clear vane,4,2,no,1,"322, CV4, 2025-7-30, Vial 1",bark beetles (44 total),Coleoptera,1,Curculionidae,,Scolytinae,,,,,,,,,
sgl322,recent,2025-07-30,clear vane,4,2,no,1,"322, CV4, 2025-7-30, Vial 1",bark beetles (44 total),Coleoptera,1,Curculionidae,,Scolytinae,,,,,,,,,
sgl322,recent,2025-07-30,clear vane,4,2,no,1,"322, CV4, 2025-7-30, Vial 1",bark beetles (44 total),Coleoptera,1,Curculionidae,,Scolytinae,,,,,,,,,
sgl322,recent,2025-07-30,clear vane,4,2,no,1,"322, CV4, 2025-7-30, Vial 1",bark beetles (44 total),Coleoptera,1,Curculionidae,,Scolytinae,,,,,,,,,
sgl322,recent,2025-07-30,clear vane,4,2,no,1,"322, CV4, 2025-7-30, Vial 1",bark beetles (44 total),Coleoptera,1,Curculionidae,,Scolytinae,,,,,,,,,
sgl322,recent,2025-07-30,clear vane,4,2,no,1,"322, CV4, 2025-7-30, Vial 1",bark beetles (44 total),Coleoptera,1,Curculionidae,,Scolytinae,,,,,,,,,
sgl322,recent,2025-07-30,clear vane,4,2,no,1,"322, CV4, 2025-7-30, Vial 1",bark beetles (44 total),Coleoptera,1,Curculionidae,,Scolytinae,,,,,,,,,
sgl322,recent,2025-07-30,clear vane,4,2,no,1,"322, CV4, 2025-7-30, Vial 1",bark beetles (44 total),Coleoptera,1,Curculionidae,,Scolytinae,,,,,,,,,
sgl322,recent,2025-07-30,clear vane,4,2,no,1,"322, CV4, 2025-7-30, Vial 1",bark beetles (44 total),Coleoptera,1,Curculionidae,,Scolytinae,,,,,,,,,
sgl322,recent,2025-07-30,clear vane,4,2,no,1,"322, CV4, 2025-7-30, Vial 1",bark beetles (44 total),Coleoptera,1,Curculionidae,,Scolytinae,,,,,,,,,
sgl322,recent,2025-07-30,clear vane,4,2,no,1,"322, CV4, 2025-7-30, Vial 1",bark beetles (44 total),Coleoptera,1,Curculionidae,,Scolytinae,,,,,,,,,
sgl322,recent,2025-07-30,clear vane,4,2,no,1,"322, CV4, 2025-7-30, Vial 1",bark beetles (44 total),Coleoptera,1,Curculionidae,,Scolytinae,,,,,,,,,
sgl322,recent,2025-07-30,clear vane,4,2,no,1,"322, CV4, 2025-7-30, Vial 1",bark beetles (44 total),Coleoptera,1,Curculionidae,,Scolytinae,,,,,,,,,
sgl322,recent,2025-07-30,clear vane,4,2,no,1,"322, CV4, 2025-7-30, Vial 1",bark beetles (44 total),Coleoptera,1,Curculionidae,,Scolytinae,,,,,,,,,
sgl322,recent,2025-07-30,clear vane,4,2,no,1,"322, CV4, 2025-7-30, Vial 1",bark beetles (44 total),Coleoptera,1,Curculionidae,,Scolytinae,,,,,,,,,
sgl322,recent,2025-07-30,clear vane,4,2,no,1,"322, CV4, 2025-7-30, Vial 1",bark beetles (44 total),Coleoptera,1,Curculionidae,,Scolytinae,,,,,,,,,
sgl322,recent,2025-07-30,clear vane,4,2,no,1,"322, CV4, 2025-7-30, Vial 1",bark beetles (44 total),Coleoptera,1,Curculionidae,,Scolytinae,,,,,,,,,
sgl322,recent,2025-07-30,clear vane,4,2,no,1,"322, CV4, 2025-7-30, Vial 1",bark beetles (44 total),Coleoptera,1,Curculionidae,,Scolytinae,,,,,,,,,
sgl322,recent,2025-07-30,clear vane,4,2,no,1,"322, CV4, 2025-7-30, Vial 1",bark beetles (44 total),Coleoptera,1,Curculionidae,,Scolytinae,,,,,,,,,
sgl322,recent,2025-07-30,clear vane,4,2,no,1,"322, CV4, 2025-7-30, Vial 1",bark beetles (44 total),Coleoptera,1,Curculionidae,,Scolytinae,,,,,,,,,
sgl322,recent,2025-07-30,clear vane,4,2,no,1,"322, CV4, 2025-7-30, Vial 1",bark beetles (44 total),Coleoptera,1,Curculionidae,,Scolytinae,,,,,,,,,
sgl322,recent,2025-07-30,clear vane,4,2,no,1,"322, CV4, 2025-7-30, Vial 1",bark beetles (44 total),Coleoptera,1,Curculionidae,,Scolytinae,,,,,,,,,
sgl322,recent,2025-07-30,clear vane,4,2,no,1,"322, CV4, 2025-7-30, Vial 1",bark beetles (44 total),Coleoptera,1,Curculionidae,,Scolytinae,,,,,,,,,
sgl322,recent,2025-07-30,clear vane,4,2,no,1,"322, CV4, 2025-7-30, Vial 1",bark beetles (44 total),Coleoptera,1,Curculionidae,,Scolytinae,,,,,,,,,
sgl322,recent,2025-07-30,clear vane,4,2,no,1,"322, CV4, 2025-7-30, Vial 1",bark beetles (44 total),Coleoptera,1,Curculionidae,,Scolytinae,,,,,,,,,
sgl322,recent,2025-07-30,clear vane,4,2,no,1,"322, CV4, 2025-7-30, Vial 1",bark beetles (44 total),Coleoptera,1,Curculionidae,,Scolytinae,,,,,,,,,
,,,,,,,,,,,,,,,,,,,,,,,
sgl322,medium,2025-07-30,clear vane,7,2,no,1,"322, CV7, 2025-7-30, Vial 1",mordellids (12 total),Coleoptera,1,Mordellidae,,,,,,,,,,,
sgl322,medium,2025-07-30,clear vane,7,2,no,1,"322, CV7, 2025-7-30, Vial 1",mordellids (12 total),Coleoptera,1,Mordellidae,,,,,,,,,,,
sgl322,medium,2025-07-30,clear vane,7,2,no,1,"322, CV7, 2025-7-30, Vial 1",mordellids (12 total),Coleoptera,1,Mordellidae,,,,,,,,,,,
sgl322,medium,2025-07-30,clear vane,7,2,no,1,"322, CV7, 2025-7-30, Vial 1",mordellids (12 total),Coleoptera,1,Mordellidae,,,,,,,,,,,
sgl322,medium,2025-07-30,clear vane,7,2,no,1,"322, CV7, 2025-7-30, Vial 1",mordellids (12 total),Coleoptera,1,Mordellidae,,,,,,,,,,,
sgl322,medium,2025-07-30,clear vane,7,2,no,1,"322, CV7, 2025-7-30, Vial 1",mordellids (12 total),Coleoptera,1,Mordellidae,,,,,,,,,,,
sgl322,medium,2025-07-30,clear vane,7,2,no,1,"322, CV7, 2025-7-30, Vial 1",mordellids (12 total),Coleoptera,1,Mordellidae,,,,,,,,,,,
sgl322,medium,2025-07-30,clear vane,7,2,no,1,"322, CV7, 2025-7-30, Vial 1",mordellids (12 total),Coleoptera,1,Mordellidae,,,,,,,,,,,
sgl322,medium,2025-07-30,clear vane,7,2,no,1,"322, CV7, 2025-7-30, Vial 1",mordellids (12 total),Coleoptera,1,Mordellidae,,,,,,,,,,,
sgl322,medium,2025-07-30,clear vane,7,2,no,1,"322, CV7, 2025-7-30, Vial 1",mordellids (12 total),Coleoptera,1,Mordellidae,,,,,,,,,,,
sgl322,medium,2025-07-30,clear vane,7,2,no,1,"322, CV7, 2025-7-30, Vial 1",mordellids (12 total),Coleoptera,1,Mordellidae,,,,,,,,,,,
sgl322,medium,2025-07-30,clear vane,7,2,no,1,"322, CV7, 2025-7-30, Vial 1",mordellids (12 total),Coleoptera,1,Mordellidae,,,,,,,,,,,
sgl322,medium,2025-07-30,clear vane,7,2,no,1,"322, CV7, 2025-7-30, Vial 1",burying beetles (6 total),Coleoptera,1,Staphylinidae,,Silphinae,,,,,,,,,
sgl322,medium,2025-07-30,clear vane,7,2,no,1,"322, CV7, 2025-7-30, Vial 1",burying beetles (6 total),Coleoptera,1,Staphylinidae,,Silphinae,,,,,,,,,
sgl322,medium,2025-07-30,clear vane,7,2,no,1,"322, CV7, 2025-7-30, Vial 1",burying beetles (6 total),Coleoptera,1,Staphylinidae,,Silphinae,,,,,,,,,
sgl322,medium,2025-07-30,clear vane,7,2,no,1,"322, CV7, 2025-7-30, Vial 1",burying beetles (6 total),Coleoptera,1,Staphylinidae,,Silphinae,,,,,,,,,
sgl322,medium,2025-07-30,clear vane,7,2,no,1,"322, CV7, 2025-7-30, Vial 1",burying beetles (6 total),Coleoptera,1,Staphylinidae,,Silphinae,,,,,,,,,
sgl322,medium,2025-07-30,clear vane,7,2,no,1,"322, CV7, 2025-7-30, Vial 1",burying beetles (6 total),Coleoptera,1,Staphylinidae,,Silphinae,,,,,,,,,
sgl322,medium,2025-07-30,clear vane,7,2,no,1,"322, CV7, 2025-7-30, Vial 1",shiny green carabid (2 total),Coleoptera,1,Carabidae,,,,,,,,,,,
sgl322,medium,2025-07-30,clear vane,7,2,no,1,"322, CV7, 2025-7-30, Vial 1",shiny green carabid (2 total),Coleoptera,1,Carabidae,,,,,,,,,,,
sgl322,medium,2025-07-30,clear vane,7,2,no,1,"322, CV7, 2025-7-30, Vial 1","dark carabid, maybe genus Cymindis",Coleoptera,1,Carabidae,,,,,,,,,,,
sgl322,medium,2025-07-30,clear vane,7,2,no,1,"322, CV7, 2025-7-30, Vial 1",elaterids (4 total),Coleoptera,1,Elateridae,,,,,,,,,,,
sgl322,medium,2025-07-30,clear vane,7,2,no,1,"322, CV7, 2025-7-30, Vial 1",elaterids (4 total),Coleoptera,1,Elateridae,,,,,,,,,,,
sgl322,medium,2025-07-30,clear vane,7,2,no,1,"322, CV7, 2025-7-30, Vial 1",elaterids (4 total),Coleoptera,1,Elateridae,,,,,,,,,,,
sgl322,medium,2025-07-30,clear vane,7,2,no,1,"322, CV7, 2025-7-30, Vial 1",elaterids (4 total),Coleoptera,1,Elateridae,,,,,,,,,,,
sgl322,medium,2025-07-30,clear vane,7,2,no,1,"322, CV7, 2025-7-30, Vial 1",carrion beetle,Coleoptera,1,Staphylinidae,,Silphinae,,,,,,,,,
sgl322,medium,2025-07-30,clear vane,7,2,no,1,"322, CV7, 2025-7-30, Vial 1",mid size black nitidulid,Coleoptera,1,Nitidulidae,,,,,,,,,,,
sgl322,medium,2025-07-30,clear vane,7,2,no,1,"322, CV7, 2025-7-30, Vial 1",brown weevils (2 total),Coleoptera,1,Curculionidae,,,,,,,,,,,
sgl322,medium,2025-07-30,clear vane,7,2,no,1,"322, CV7, 2025-7-30, Vial 1",brown weevils (2 total),Coleoptera,1,Curculionidae,,,,,,,,,,,
sgl322,medium,2025-07-30,clear vane,7,2,no,1,"322, CV7, 2025-7-30, Vial 1","dark brown tenebrionid, head separated from body",Coleoptera,1,Tenebrionidae,,,,,,,,,,,
sgl322,medium,2025-07-30,clear vane,7,2,no,1,"322, CV7, 2025-7-30, Vial 1",laemophloeids (2 total),Coleoptera,1,Laemophloeidae,,,,,,,,,,,
sgl322,medium,2025-07-30,clear vane,7,2,no,1,"322, CV7, 2025-7-30, Vial 1",laemophloeids (2 total),Coleoptera,1,Laemophloeidae,,,,,,,,,,,
sgl322,medium,2025-07-30,clear vane,7,2,no,1,"322, CV7, 2025-7-30, Vial 1",skinny tan staphylinid,Coleoptera,1,Staphylinidae,,,,,,,,,,,
sgl322,medium,2025-07-30,clear vane,7,2,no,1,"322, CV7, 2025-7-30, Vial 1",tear drop staphylinid,Coleoptera,1,Staphylinidae,,,,,,,,,,,
sgl322,medium,2025-07-30,clear vane,7,2,no,1,"322, CV7, 2025-7-30, Vial 1",black clerids with tan markings (7 total),Coleoptera,1,Cleridae,,,,,,,,,,,
sgl322,medium,2025-07-30,clear vane,7,2,no,1,"322, CV7, 2025-7-30, Vial 1",black clerids with tan markings (7 total),Coleoptera,1,Cleridae,,,,,,,,,,,
sgl322,medium,2025-07-30,clear vane,7,2,no,1,"322, CV7, 2025-7-30, Vial 1",black clerids with tan markings (7 total),Coleoptera,1,Cleridae,,,,,,,,,,,
sgl322,medium,2025-07-30,clear vane,7,2,no,1,"322, CV7, 2025-7-30, Vial 1",black clerids with tan markings (7 total),Coleoptera,1,Cleridae,,,,,,,,,,,
sgl322,medium,2025-07-30,clear vane,7,2,no,1,"322, CV7, 2025-7-30, Vial 1",black clerids with tan markings (7 total),Coleoptera,1,Cleridae,,,,,,,,,,,
sgl322,medium,2025-07-30,clear vane,7,2,no,1,"322, CV7, 2025-7-30, Vial 1",black clerids with tan markings (7 total),Coleoptera,1,Cleridae,,,,,,,,,,,
sgl322,medium,2025-07-30,clear vane,7,2,no,1,"322, CV7, 2025-7-30, Vial 1",black clerids with tan markings (7 total),Coleoptera,1,Cleridae,,,,,,,,,,,
sgl322,medium,2025-07-30,clear vane,7,2,no,1,"322, CV7, 2025-7-30, Vial 1",clerid with tan and brown elytra and a blueish-black head and pronotum,Coleoptera,1,Cleridae,,,,,,,,,,,
sgl322,medium,2025-07-30,clear vane,7,2,no,1,"322, CV7, 2025-7-30, Vial 1",genus Mycetophagus,Coleoptera,1,Mycetophagidae,,,,,,,,,,,
sgl322,medium,2025-07-30,clear vane,7,2,no,1,"322, CV7, 2025-7-30, Vial 1",silvanid,Coleoptera,1,Silvanidae,,,,,,,,,,,
sgl322,medium,2025-07-30,clear vane,7,2,no,1,"322, CV7, 2025-7-30, Vial 1",mid size brown eucnemid,Coleoptera,1,Eucnemidae,,,,,,,,,,,
sgl322,medium,2025-07-30,clear vane,7,2,no,1,"322, CV7, 2025-7-30, Vial 1",small black eucnemid,Coleoptera,1,Eucnemidae,,,,,,,,,,,
sgl322,medium,2025-07-30,clear vane,7,2,no,1,"322, CV7, 2025-7-30, Vial 1",black and orange elaterid,Coleoptera,1,Elateridae,,,,,,,,,,,
sgl322,medium,2025-07-30,clear vane,7,2,no,1,"322, CV7, 2025-7-30, Vial 1","staphylinid that looks a bit like a nitidulid. Ends of antennae are broken off, so no club is visible. But the hind coxae are very close and quite unlike nitidulids",Coleoptera,1,Staphylinidae,,,,,,,,,,,
sgl322,medium,2025-07-30,clear vane,7,2,no,1,"322, CV7, 2025-7-30, Vial 1","scraptiid-esque tetratomid, maybe genus Hallomenus",Coleoptera,1,Tetratomidae,,,,,,,,,,,
sgl322,medium,2025-07-30,clear vane,7,2,no,1,"322, CV7, 2025-7-30, Vial 1",Scraptiid ,Coleoptera,1,Scraptiidae,,,,,,,,,,,
sgl322,medium,2025-07-30,clear vane,7,2,no,1,"322, CV7, 2025-7-30, Vial 1",headless black corylophid,Coleoptera,1,Corylophidae,,,,,,,,,,,
sgl322,medium,2025-07-30,clear vane,7,2,no,1,"322, CV7, 2025-7-30, Vial 1",headless brown beetle,Coleoptera,1,Unknown,,,,,,,,,,,
sgl322,medium,2025-07-30,clear vane,7,2,no,1,"322, CV7, 2025-7-30, Vial 1",agathidiini beetles with heads separated (3 total),Coleoptera,1,Leiodidae,,Agathidiini,,,,,,,,,
sgl322,medium,2025-07-30,clear vane,7,2,no,1,"322, CV7, 2025-7-30, Vial 1",agathidiini beetles with heads separated (3 total),Coleoptera,1,Leiodidae,,Agathidiini,,,,,,,,,
sgl322,medium,2025-07-30,clear vane,7,2,no,1,"322, CV7, 2025-7-30, Vial 1",agathidiini beetles with heads separated (3 total),Coleoptera,1,Leiodidae,,Agathidiini,,,,,,,,,
sgl322,medium,2025-07-30,clear vane,7,2,no,1,"322, CV7, 2025-7-30, Vial 1",bark beetles (21 total),Coleoptera,1,Curculionidae,,Scolytinae,,,,,,,,,
sgl322,medium,2025-07-30,clear vane,7,2,no,1,"322, CV7, 2025-7-30, Vial 1",bark beetles (21 total),Coleoptera,1,Curculionidae,,Scolytinae,,,,,,,,,
sgl322,medium,2025-07-30,clear vane,7,2,no,1,"322, CV7, 2025-7-30, Vial 1",bark beetles (21 total),Coleoptera,1,Curculionidae,,Scolytinae,,,,,,,,,
sgl322,medium,2025-07-30,clear vane,7,2,no,1,"322, CV7, 2025-7-30, Vial 1",bark beetles (21 total),Coleoptera,1,Curculionidae,,Scolytinae,,,,,,,,,
sgl322,medium,2025-07-30,clear vane,7,2,no,1,"322, CV7, 2025-7-30, Vial 1",bark beetles (21 total),Coleoptera,1,Curculionidae,,Scolytinae,,,,,,,,,
sgl322,medium,2025-07-30,clear vane,7,2,no,1,"322, CV7, 2025-7-30, Vial 1",bark beetles (21 total),Coleoptera,1,Curculionidae,,Scolytinae,,,,,,,,,
sgl322,medium,2025-07-30,clear vane,7,2,no,1,"322, CV7, 2025-7-30, Vial 1",bark beetles (21 total),Coleoptera,1,Curculionidae,,Scolytinae,,,,,,,,,
sgl322,medium,2025-07-30,clear vane,7,2,no,1,"322, CV7, 2025-7-30, Vial 1",bark beetles (21 total),Coleoptera,1,Curculionidae,,Scolytinae,,,,,,,,,
sgl322,medium,2025-07-30,clear vane,7,2,no,1,"322, CV7, 2025-7-30, Vial 1",bark beetles (21 total),Coleoptera,1,Curculionidae,,Scolytinae,,,,,,,,,
sgl322,medium,2025-07-30,clear vane,7,2,no,1,"322, CV7, 2025-7-30, Vial 1",bark beetles (21 total),Coleoptera,1,Curculionidae,,Scolytinae,,,,,,,,,
sgl322,medium,2025-07-30,clear vane,7,2,no,1,"322, CV7, 2025-7-30, Vial 1",bark beetles (21 total),Coleoptera,1,Curculionidae,,Scolytinae,,,,,,,,,
sgl322,medium,2025-07-30,clear vane,7,2,no,1,"322, CV7, 2025-7-30, Vial 1",bark beetles (21 total),Coleoptera,1,Curculionidae,,Scolytinae,,,,,,,,,
sgl322,medium,2025-07-30,clear vane,7,2,no,1,"322, CV7, 2025-7-30, Vial 1",bark beetles (21 total),Coleoptera,1,Curculionidae,,Scolytinae,,,,,,,,,
sgl322,medium,2025-07-30,clear vane,7,2,no,1,"322, CV7, 2025-7-30, Vial 1",bark beetles (21 total),Coleoptera,1,Curculionidae,,Scolytinae,,,,,,,,,
sgl322,medium,2025-07-30,clear vane,7,2,no,1,"322, CV7, 2025-7-30, Vial 1",bark beetles (21 total),Coleoptera,1,Curculionidae,,Scolytinae,,,,,,,,,
sgl322,medium,2025-07-30,clear vane,7,2,no,1,"322, CV7, 2025-7-30, Vial 1",bark beetles (21 total),Coleoptera,1,Curculionidae,,Scolytinae,,,,,,,,,
sgl322,medium,2025-07-30,clear vane,7,2,no,1,"322, CV7, 2025-7-30, Vial 1",bark beetles (21 total),Coleoptera,1,Curculionidae,,Scolytinae,,,,,,,,,
sgl322,medium,2025-07-30,clear vane,7,2,no,1,"322, CV7, 2025-7-30, Vial 1",bark beetles (21 total),Coleoptera,1,Curculionidae,,Scolytinae,,,,,,,,,
sgl322,medium,2025-07-30,clear vane,7,2,no,1,"322, CV7, 2025-7-30, Vial 1",bark beetles (21 total),Coleoptera,1,Curculionidae,,Scolytinae,,,,,,,,,
sgl322,medium,2025-07-30,clear vane,7,2,no,1,"322, CV7, 2025-7-30, Vial 1",bark beetles (21 total),Coleoptera,1,Curculionidae,,Scolytinae,,,,,,,,,
sgl322,medium,2025-07-30,clear vane,7,2,no,1,"322, CV7, 2025-7-30, Vial 1",bark beetles (21 total),Coleoptera,1,Curculionidae,,Scolytinae,,,,,,,,,
,,,,,,,,,,,,,,,,,,,,,,,
sgl322,unburned,2025-07-30,clear vane,16,2,no,1,"322, CV16, 2025-7-30, Vial 1",black clerids with tan markings (9 total),Coleoptera,1,Cleridae,,,,,,,,,,,
sgl322,unburned,2025-07-30,clear vane,16,2,no,1,"322, CV16, 2025-7-30, Vial 1",black clerids with tan markings (9 total),Coleoptera,1,Cleridae,,,,,,,,,,,
sgl322,unburned,2025-07-30,clear vane,16,2,no,1,"322, CV16, 2025-7-30, Vial 1",black clerids with tan markings (9 total),Coleoptera,1,Cleridae,,,,,,,,,,,
sgl322,unburned,2025-07-30,clear vane,16,2,no,1,"322, CV16, 2025-7-30, Vial 1",black clerids with tan markings (9 total),Coleoptera,1,Cleridae,,,,,,,,,,,
sgl322,unburned,2025-07-30,clear vane,16,2,no,1,"322, CV16, 2025-7-30, Vial 1",black clerids with tan markings (9 total),Coleoptera,1,Cleridae,,,,,,,,,,,
sgl322,unburned,2025-07-30,clear vane,16,2,no,1,"322, CV16, 2025-7-30, Vial 1",black clerids with tan markings (9 total),Coleoptera,1,Cleridae,,,,,,,,,,,
sgl322,unburned,2025-07-30,clear vane,16,2,no,1,"322, CV16, 2025-7-30, Vial 1",black clerids with tan markings (9 total),Coleoptera,1,Cleridae,,,,,,,,,,,
sgl322,unburned,2025-07-30,clear vane,16,2,no,1,"322, CV16, 2025-7-30, Vial 1",black clerids with tan markings (9 total),Coleoptera,1,Cleridae,,,,,,,,,,,
sgl322,unburned,2025-07-30,clear vane,16,2,no,1,"322, CV16, 2025-7-30, Vial 1",black clerids with tan markings (9 total),Coleoptera,1,Cleridae,,,,,,,,,,,
sgl322,unburned,2025-07-30,clear vane,16,2,no,1,"322, CV16, 2025-7-30, Vial 1",burying beetles (5 total),Coleoptera,1,Staphylinidae,,Silphinae,,,,,,,,,
sgl322,unburned,2025-07-30,clear vane,16,2,no,1,"322, CV16, 2025-7-30, Vial 1",burying beetles (5 total),Coleoptera,1,Staphylinidae,,Silphinae,,,,,,,,,
sgl322,unburned,2025-07-30,clear vane,16,2,no,1,"322, CV16, 2025-7-30, Vial 1",burying beetles (5 total),Coleoptera,1,Staphylinidae,,Silphinae,,,,,,,,,
sgl322,unburned,2025-07-30,clear vane,16,2,no,1,"322, CV16, 2025-7-30, Vial 1",burying beetles (5 total),Coleoptera,1,Staphylinidae,,Silphinae,,,,,,,,,
sgl322,unburned,2025-07-30,clear vane,16,2,no,1,"322, CV16, 2025-7-30, Vial 1",burying beetles (5 total),Coleoptera,1,Staphylinidae,,Silphinae,,,,,,,,,
sgl322,unburned,2025-07-30,clear vane,16,2,no,1,"322, CV16, 2025-7-30, Vial 1",carrion beetles (3 total),Coleoptera,1,Staphylinidae,,Silphinae,,,,,,,,,
sgl322,unburned,2025-07-30,clear vane,16,2,no,1,"322, CV16, 2025-7-30, Vial 1",carrion beetles (3 total),Coleoptera,1,Staphylinidae,,Silphinae,,,,,,,,,
sgl322,unburned,2025-07-30,clear vane,16,2,no,1,"322, CV16, 2025-7-30, Vial 1",carrion beetles (3 total),Coleoptera,1,Staphylinidae,,Silphinae,,,,,,,,,
sgl322,unburned,2025-07-30,clear vane,16,2,no,1,"322, CV16, 2025-7-30, Vial 1",carrion beetle with just a head and an elytron. Not sure where the rest of the body is,Coleoptera,1,Staphylinidae,,Silphinae,,,,,,,,,
sgl322,unburned,2025-07-30,clear vane,16,2,no,1,"322, CV16, 2025-7-30, Vial 1",mid size brown elaterid,Coleoptera,1,Elateridae,,,,,,,,,,,
sgl322,unburned,2025-07-30,clear vane,16,2,no,1,"322, CV16, 2025-7-30, Vial 1",large brown elaterid,Coleoptera,1,Elateridae,,,,,,,,,,,
sgl322,unburned,2025-07-30,clear vane,16,2,no,1,"322, CV16, 2025-7-30, Vial 1",brown ptilodactylidae,Coleoptera,1,Ptilodactylidae,,,,,,,,,,,
sgl322,unburned,2025-07-30,clear vane,16,2,no,1,"322, CV16, 2025-7-30, Vial 1",dark eucnemids (2 total),Coleoptera,1,Eucnemidae,,,,,,,,,,,
sgl322,unburned,2025-07-30,clear vane,16,2,no,1,"322, CV16, 2025-7-30, Vial 1",dark eucnemids (2 total),Coleoptera,1,Eucnemidae,,,,,,,,,,,
sgl322,unburned,2025-07-30,clear vane,16,2,no,1,"322, CV16, 2025-7-30, Vial 1",black eucnemid with filiform antennae,Coleoptera,1,Eucnemidae,,,,,,,,,,,
sgl322,unburned,2025-07-30,clear vane,16,2,no,1,"322, CV16, 2025-7-30, Vial 1",probs Dircaea liturata,Coleoptera,1,Melandryidae,,,,,,,,,,,
sgl322,unburned,2025-07-30,clear vane,16,2,no,1,"322, CV16, 2025-7-30, Vial 1",shiny blue rove beetle,Coleoptera,1,Staphylinidae,,,,,,,,,,,
sgl322,unburned,2025-07-30,clear vane,16,2,no,1,"322, CV16, 2025-7-30, Vial 1",black mordellid,Coleoptera,1,Mordellidae,,,,,,,,,,,
sgl322,unburned,2025-07-30,clear vane,16,2,no,1,"322, CV16, 2025-7-30, Vial 1","tube-shaped nitidulid, probs genus Conotelus",Coleoptera,1,Nitidulidae,,,,,,,,,,,
sgl322,unburned,2025-07-30,clear vane,16,2,no,1,"322, CV16, 2025-7-30, Vial 1","brown leiodids, melandryid-esque shape (3 total)",Coleoptera,1,Leiodidae,,,,,,,,,,,
sgl322,unburned,2025-07-30,clear vane,16,2,no,1,"322, CV16, 2025-7-30, Vial 1","brown leiodids, melandryid-esque shape (3 total)",Coleoptera,1,Leiodidae,,,,,,,,,,,
sgl322,unburned,2025-07-30,clear vane,16,2,no,1,"322, CV16, 2025-7-30, Vial 1","brown leiodids, melandryid-esque shape (3 total)",Coleoptera,1,Leiodidae,,,,,,,,,,,
sgl322,unburned,2025-07-30,clear vane,16,2,no,1,"322, CV16, 2025-7-30, Vial 1","terrestrial hydrophilid, maybe genus Cercyon. 9 antennomeres, first antennomere (scape) over 3x as long as 2nd antennomere. Round body, glabrous, elytra fully coveres abdomen, 5-5-5. Antennal insertions hidden from above.",Coleoptera,1,Hydrophilidae,,,,,,,,,,,
sgl322,unburned,2025-07-30,clear vane,16,2,no,1,"322, CV16, 2025-7-30, Vial 1",staphylinids (3 total),Coleoptera,1,Staphylinidae,,,,,,,,,,,
sgl322,unburned,2025-07-30,clear vane,16,2,no,1,"322, CV16, 2025-7-30, Vial 1",staphylinids (3 total),Coleoptera,1,Staphylinidae,,,,,,,,,,,
sgl322,unburned,2025-07-30,clear vane,16,2,no,1,"322, CV16, 2025-7-30, Vial 1",staphylinids (3 total),Coleoptera,1,Staphylinidae,,,,,,,,,,,
sgl322,unburned,2025-07-30,clear vane,16,2,no,1,"322, CV16, 2025-7-30, Vial 1",monotomid,Coleoptera,1,Monotimdae,,,,,,,,,,,
sgl322,unburned,2025-07-30,clear vane,16,2,no,1,"322, CV16, 2025-7-30, Vial 1",tear shaped staph,Coleoptera,1,Staphylinidae,,,,,,,,,,,
sgl322,unburned,2025-07-30,clear vane,16,2,no,1,"322, CV16, 2025-7-30, Vial 1","sphindid with separated head and body. Hairy body with a glabrous pronotum and head, thick scape, arched clypeal suture, pedicel is asymetrically inflated with a narrow point of insertion",Coleoptera,1,Sphindidae,,,,,,,,,,,
sgl322,unburned,2025-07-30,clear vane,16,2,no,1,"322, CV16, 2025-7-30, Vial 1","mottled black and white anthribid, maybe genus Anthribus",Coleoptera,1,Anthribidae,,,,,,,,,,,
sgl322,unburned,2025-07-30,clear vane,16,2,no,1,"322, CV16, 2025-7-30, Vial 1",melandryid-esque tetratomids (2 total),Coleoptera,1,Tetratomidae,,,,,,,,,,,
sgl322,unburned,2025-07-30,clear vane,16,2,no,1,"322, CV16, 2025-7-30, Vial 1",melandryid-esque tetratomids (2 total),Coleoptera,1,Tetratomidae,,,,,,,,,,,
sgl322,unburned,2025-07-30,clear vane,16,2,no,1,"322, CV16, 2025-7-30, Vial 1",bark beetles (17 total),Coleoptera,1,Curculionidae,,Scolytinae,,,,,,,,,
sgl322,unburned,2025-07-30,clear vane,16,2,no,1,"322, CV16, 2025-7-30, Vial 1",bark beetles (17 total),Coleoptera,1,Curculionidae,,Scolytinae,,,,,,,,,
sgl322,unburned,2025-07-30,clear vane,16,2,no,1,"322, CV16, 2025-7-30, Vial 1",bark beetles (17 total),Coleoptera,1,Curculionidae,,Scolytinae,,,,,,,,,
sgl322,unburned,2025-07-30,clear vane,16,2,no,1,"322, CV16, 2025-7-30, Vial 1",bark beetles (17 total),Coleoptera,1,Curculionidae,,Scolytinae,,,,,,,,,
sgl322,unburned,2025-07-30,clear vane,16,2,no,1,"322, CV16, 2025-7-30, Vial 1",bark beetles (17 total),Coleoptera,1,Curculionidae,,Scolytinae,,,,,,,,,
sgl322,unburned,2025-07-30,clear vane,16,2,no,1,"322, CV16, 2025-7-30, Vial 1",bark beetles (17 total),Coleoptera,1,Curculionidae,,Scolytinae,,,,,,,,,
sgl322,unburned,2025-07-30,clear vane,16,2,no,1,"322, CV16, 2025-7-30, Vial 1",bark beetles (17 total),Coleoptera,1,Curculionidae,,Scolytinae,,,,,,,,,
sgl322,unburned,2025-07-30,clear vane,16,2,no,1,"322, CV16, 2025-7-30, Vial 1",bark beetles (17 total),Coleoptera,1,Curculionidae,,Scolytinae,,,,,,,,,
sgl322,unburned,2025-07-30,clear vane,16,2,no,1,"322, CV16, 2025-7-30, Vial 1",bark beetles (17 total),Coleoptera,1,Curculionidae,,Scolytinae,,,,,,,,,
sgl322,unburned,2025-07-30,clear vane,16,2,no,1,"322, CV16, 2025-7-30, Vial 1",bark beetles (17 total),Coleoptera,1,Curculionidae,,Scolytinae,,,,,,,,,
sgl322,unburned,2025-07-30,clear vane,16,2,no,1,"322, CV16, 2025-7-30, Vial 1",bark beetles (17 total),Coleoptera,1,Curculionidae,,Scolytinae,,,,,,,,,
sgl322,unburned,2025-07-30,clear vane,16,2,no,1,"322, CV16, 2025-7-30, Vial 1",bark beetles (17 total),Coleoptera,1,Curculionidae,,Scolytinae,,,,,,,,,
sgl322,unburned,2025-07-30,clear vane,16,2,no,1,"322, CV16, 2025-7-30, Vial 1",bark beetles (17 total),Coleoptera,1,Curculionidae,,Scolytinae,,,,,,,,,
sgl322,unburned,2025-07-30,clear vane,16,2,no,1,"322, CV16, 2025-7-30, Vial 1",bark beetles (17 total),Coleoptera,1,Curculionidae,,Scolytinae,,,,,,,,,
sgl322,unburned,2025-07-30,clear vane,16,2,no,1,"322, CV16, 2025-7-30, Vial 1",bark beetles (17 total),Coleoptera,1,Curculionidae,,Scolytinae,,,,,,,,,
sgl322,unburned,2025-07-30,clear vane,16,2,no,1,"322, CV16, 2025-7-30, Vial 1",bark beetles (17 total),Coleoptera,1,Curculionidae,,Scolytinae,,,,,,,,,
sgl322,unburned,2025-07-30,clear vane,16,2,no,1,"322, CV16, 2025-7-30, Vial 1",bark beetles (17 total),Coleoptera,1,Curculionidae,,Scolytinae,,,,,,,,,
,,,,,,,,,,,,,,,,,,,,,,,
besf,recent,2025-08-13,clear vane,21,2,no,1,"besf, CV21, 2025-8-13, Vial 1",mordellids (3 total),Coleoptera,1,Mordellidae,,,,,,,,,,,
besf,recent,2025-08-13,clear vane,21,2,no,1,"besf, CV21, 2025-8-13, Vial 1",mordellids (3 total),Coleoptera,1,Mordellidae,,,,,,,,,,,
besf,recent,2025-08-13,clear vane,21,2,no,1,"besf, CV21, 2025-8-13, Vial 1",mordellids (3 total),Coleoptera,1,Mordellidae,,,,,,,,,,,
besf,recent,2025-08-13,clear vane,21,2,no,1,"besf, CV21, 2025-8-13, Vial 1","flat passandrid (obvious rounded genae on underside of head), probs genus Catogenus",Coleoptera,1,Passandridae,,,,,,,,,,,
besf,recent,2025-08-13,clear vane,21,2,no,1,"besf, CV21, 2025-8-13, Vial 1",mottled tan and brown cerambycid,Coleoptera,1,Cerambycidae,,,,,,,,,,,
besf,recent,2025-08-13,clear vane,21,2,no,1,"besf, CV21, 2025-8-13, Vial 1",tan ptilodactylids (2 total),Coleoptera,1,Ptilodactylidae,,,,,,,,,,,
besf,recent,2025-08-13,clear vane,21,2,no,1,"besf, CV21, 2025-8-13, Vial 1",tan ptilodactylids (2 total),Coleoptera,1,Ptilodactylidae,,,,,,,,,,,
besf,recent,2025-08-13,clear vane,21,2,no,1,"besf, CV21, 2025-8-13, Vial 1","rouged scarab that looks a bit like a trogossitid, maybe Dialytes truncatus",Coleoptera,1,Scarabaeidae,,,,,,,,,,,
besf,recent,2025-08-13,clear vane,21,2,no,1,"besf, CV21, 2025-8-13, Vial 1","No, it's a nitidulid. mid size dark kateretid",Coleoptera,1,Nitidulidae,,,,,,,,,,,
besf,recent,2025-08-13,clear vane,21,2,no,1,"besf, CV21, 2025-8-13, Vial 1",No. It's a nitidulid. small brown kateretid,Coleoptera,1,Nitidulidae,,,,,,,,,,,
besf,recent,2025-08-13,clear vane,21,2,no,1,"besf, CV21, 2025-8-13, Vial 1",staphylinid,Coleoptera,1,Staphylinidae,,,,,,,,,,,
besf,recent,2025-08-13,clear vane,21,2,no,1,"besf, CV21, 2025-8-13, Vial 1","mid-size cryptophagid, probs genus Antherophagus",Coleoptera,1,Cryptophagidae,,,,,,,,,,,
besf,recent,2025-08-13,clear vane,21,2,no,1,"besf, CV21, 2025-8-13, Vial 1",laemophloeids (4 total),Coleoptera,1,Laemophloeidae,,,,,,,,,,,
besf,recent,2025-08-13,clear vane,21,2,no,1,"besf, CV21, 2025-8-13, Vial 1",laemophloeids (4 total),Coleoptera,1,Laemophloeidae,,,,,,,,,,,
besf,recent,2025-08-13,clear vane,21,2,no,1,"besf, CV21, 2025-8-13, Vial 1",laemophloeids (4 total),Coleoptera,1,Laemophloeidae,,,,,,,,,,,
besf,recent,2025-08-13,clear vane,21,2,no,1,"besf, CV21, 2025-8-13, Vial 1",laemophloeids (4 total),Coleoptera,1,Laemophloeidae,,,,,,,,,,,
besf,recent,2025-08-13,clear vane,21,2,no,1,"besf, CV21, 2025-8-13, Vial 1",small dark ptinid,Coleoptera,1,Ptinidae,,,,,,,,,,,
besf,recent,2025-08-13,clear vane,21,2,no,1,"besf, CV21, 2025-8-13, Vial 1",small brown sphindids (2 total),Coleoptera,1,Sphindidae,,,,,,,,,,,
besf,recent,2025-08-13,clear vane,21,2,no,1,"besf, CV21, 2025-8-13, Vial 1",small brown sphindids (2 total),Coleoptera,1,Sphindidae,,,,,,,,,,,
besf,recent,2025-08-13,clear vane,21,2,no,1,"besf, CV21, 2025-8-13, Vial 1",tan corylophid,Coleoptera,1,Corylophidae,,,,,,,,,,,
besf,recent,2025-08-13,clear vane,21,2,no,1,"besf, CV21, 2025-8-13, Vial 1",tan latridiids (3 total),Coleoptera,1,Latridiidae,,,,,,,,,,,
besf,recent,2025-08-13,clear vane,21,2,no,1,"besf, CV21, 2025-8-13, Vial 1",tan latridiids (3 total),Coleoptera,1,Latridiidae,,,,,,,,,,,
besf,recent,2025-08-13,clear vane,21,2,no,1,"besf, CV21, 2025-8-13, Vial 1",tan latridiids (3 total),Coleoptera,1,Latridiidae,,,,,,,,,,,
besf,recent,2025-08-13,clear vane,21,2,no,1,"besf, CV21, 2025-8-13, Vial 1",bark beetles (4 total),Coleoptera,1,Curculionidae,,Scolytinae,,,,,,,,,
besf,recent,2025-08-13,clear vane,21,2,no,1,"besf, CV21, 2025-8-13, Vial 1",bark beetles (4 total),Coleoptera,1,Curculionidae,,Scolytinae,,,,,,,,,
besf,recent,2025-08-13,clear vane,21,2,no,1,"besf, CV21, 2025-8-13, Vial 1",bark beetles (4 total),Coleoptera,1,Curculionidae,,Scolytinae,,,,,,,,,
besf,recent,2025-08-13,clear vane,21,2,no,1,"besf, CV21, 2025-8-13, Vial 1",bark beetles (4 total),Coleoptera,1,Curculionidae,,Scolytinae,,,,,,,,,
,,,,,,,,,,,,,,,,,,,,,,,
besf,recent,2025-08-13,clear vane,19,2,no,1,"besf, CV19, 2025-8-13, Vial 1",mordellids (6 total),Coleoptera,1,Mordellidae,,,,,,,,,,,
besf,recent,2025-08-13,clear vane,19,2,no,1,"besf, CV19, 2025-8-13, Vial 1",mordellids (6 total),Coleoptera,1,Mordellidae,,,,,,,,,,,
besf,recent,2025-08-13,clear vane,19,2,no,1,"besf, CV19, 2025-8-13, Vial 1",mordellids (6 total),Coleoptera,1,Mordellidae,,,,,,,,,,,
besf,recent,2025-08-13,clear vane,19,2,no,1,"besf, CV19, 2025-8-13, Vial 1",mordellids (6 total),Coleoptera,1,Mordellidae,,,,,,,,,,,
besf,recent,2025-08-13,clear vane,19,2,no,1,"besf, CV19, 2025-8-13, Vial 1",mordellids (6 total),Coleoptera,1,Mordellidae,,,,,,,,,,,
besf,recent,2025-08-13,clear vane,19,2,no,1,"besf, CV19, 2025-8-13, Vial 1",mordellids (6 total),Coleoptera,1,Mordellidae,,,,,,,,,,,
besf,recent,2025-08-13,clear vane,19,2,no,1,"besf, CV19, 2025-8-13, Vial 1","dark blue buprestid, probs genus Agrilus",Coleoptera,1,Buprestidae,,,,,,,,,,,
besf,recent,2025-08-13,clear vane,19,2,no,1,"besf, CV19, 2025-8-13, Vial 1",dark carabid with tan edges,Coleoptera,1,Carabidae,,,,,,,,,,,
besf,recent,2025-08-13,clear vane,19,2,no,1,"besf, CV19, 2025-8-13, Vial 1",brown ptilodactylid,Coleoptera,1,Ptilodactylidae,,,,,,,,,,,
besf,recent,2025-08-13,clear vane,19,2,no,1,"besf, CV19, 2025-8-13, Vial 1",mottled black and tan cerambycid,Coleoptera,1,Cerambycidae,,,,,,,,,,,
besf,recent,2025-08-13,clear vane,19,2,no,1,"besf, CV19, 2025-8-13, Vial 1","dark brown curculionids, the elbows in their antennae tend to straighten out, but not in all of them (4 total)",Coleoptera,1,Curculionidae,,,,,,,,,,,
besf,recent,2025-08-13,clear vane,19,2,no,1,"besf, CV19, 2025-8-13, Vial 1","dark brown curculionids, the elbows in their antennae tend to straighten out, but not in all of them (4 total)",Coleoptera,1,Curculionidae,,,,,,,,,,,
besf,recent,2025-08-13,clear vane,19,2,no,1,"besf, CV19, 2025-8-13, Vial 1","dark brown curculionids, the elbows in their antennae tend to straighten out, but not in all of them (4 total)",Coleoptera,1,Curculionidae,,,,,,,,,,,
besf,recent,2025-08-13,clear vane,19,2,no,1,"besf, CV19, 2025-8-13, Vial 1","dark brown curculionids, the elbows in their antennae tend to straighten out, but not in all of them (4 total)",Coleoptera,1,Curculionidae,,,,,,,,,,,
besf,recent,2025-08-13,clear vane,19,2,no,1,"besf, CV19, 2025-8-13, Vial 1","dark blue, slightly irridescent clerid",Coleoptera,1,Cleridae,,,,,,,,,,,
besf,recent,2025-08-13,clear vane,19,2,no,1,"besf, CV19, 2025-8-13, Vial 1","flea beetle, maybe Epitrix hirtipennis",Coleoptera,1,Chrysomelidae,,,,,,,,,,,
besf,recent,2025-08-13,clear vane,19,2,no,1,"besf, CV19, 2025-8-13, Vial 1","probs genus Orchesia, brown melandryid with very long hind tibial spurs, as long as the super long first tarosmere of hind leg. However, procoxae are clearly separated by sternal process",Coleoptera,1,Melandryidae,,,,,,,,,,,
besf,recent,2025-08-13,clear vane,19,2,no,1,"besf, CV19, 2025-8-13, Vial 1",small brown ptinid,Coleoptera,1,Ptinidae,,,,,,,,,,,
besf,recent,2025-08-13,clear vane,19,2,no,1,"besf, CV19, 2025-8-13, Vial 1",tan latridiids (3 total),Coleoptera,1,Latridiidae,,,,,,,,,,,
besf,recent,2025-08-13,clear vane,19,2,no,1,"besf, CV19, 2025-8-13, Vial 1",tan latridiids (3 total),Coleoptera,1,Latridiidae,,,,,,,,,,,
besf,recent,2025-08-13,clear vane,19,2,no,1,"besf, CV19, 2025-8-13, Vial 1",tan latridiids (3 total),Coleoptera,1,Latridiidae,,,,,,,,,,,
besf,recent,2025-08-13,clear vane,19,2,no,1,"besf, CV19, 2025-8-13, Vial 1",dark latridiids with white markings on underside (2 total),Coleoptera,1,Latridiidae,,,,,,,,,,,
besf,recent,2025-08-13,clear vane,19,2,no,1,"besf, CV19, 2025-8-13, Vial 1",dark latridiids with white markings on underside (2 total),Coleoptera,1,Latridiidae,,,,,,,,,,,
besf,recent,2025-08-13,clear vane,19,2,no,1,"besf, CV19, 2025-8-13, Vial 1",pale corylophid with dark head,Coleoptera,1,Corylophidae,,,,,,,,,,,
besf,recent,2025-08-13,clear vane,19,2,no,1,"besf, CV19, 2025-8-13, Vial 1","brown nitidulid that looked a bit like a kateretid, but the antennal club looks too strong. Maybe genus Epuraea",Coleoptera,1,Nitidulidae,,,,,,,,,,,
besf,recent,2025-08-13,clear vane,19,2,no,1,"besf, CV19, 2025-8-13, Vial 1",monotomid with head missing. Body shape and enlarged 1st and 5th ventrites show that this is a monotimid,Coleoptera,1,Monotomidae,,,,,,,,,,,
besf,recent,2025-08-13,clear vane,19,2,no,1,"besf, CV19, 2025-8-13, Vial 1","cerylonid-esque cryptophagid (loose 3-seg club make it clear that it's a cryptophagid), maybe genus Atomaria, Cryptophagus, or Caenoscelis",Coleoptera,1,Cryptophagidae,,,,,,,,,,,
besf,recent,2025-08-13,clear vane,19,2,no,1,"besf, CV19, 2025-8-13, Vial 1","stumpy chrysomelid, probs subfamily Cryptocephalinae",Coleoptera,1,Chrysomelidae,,,,,,,,,,,
besf,recent,2025-08-13,clear vane,19,2,no,1,"besf, CV19, 2025-8-13, Vial 1",bark beetles (7 total),Coleoptera,1,Curculionidae,,Scolytinae,,,,,,,,,
besf,recent,2025-08-13,clear vane,19,2,no,1,"besf, CV19, 2025-8-13, Vial 1",bark beetles (7 total),Coleoptera,1,Curculionidae,,Scolytinae,,,,,,,,,
besf,recent,2025-08-13,clear vane,19,2,no,1,"besf, CV19, 2025-8-13, Vial 1",bark beetles (7 total),Coleoptera,1,Curculionidae,,Scolytinae,,,,,,,,,
besf,recent,2025-08-13,clear vane,19,2,no,1,"besf, CV19, 2025-8-13, Vial 1",bark beetles (7 total),Coleoptera,1,Curculionidae,,Scolytinae,,,,,,,,,
besf,recent,2025-08-13,clear vane,19,2,no,1,"besf, CV19, 2025-8-13, Vial 1",bark beetles (7 total),Coleoptera,1,Curculionidae,,Scolytinae,,,,,,,,,
besf,recent,2025-08-13,clear vane,19,2,no,1,"besf, CV19, 2025-8-13, Vial 1",bark beetles (7 total),Coleoptera,1,Curculionidae,,Scolytinae,,,,,,,,,
besf,recent,2025-08-13,clear vane,19,2,no,1,"besf, CV19, 2025-8-13, Vial 1",bark beetles (7 total),Coleoptera,1,Curculionidae,,Scolytinae,,,,,,,,,
,,,,,,,,,,,,,,,,,,,,,,,
besf,medium,2025-08-13,clear vane,25,2,no,1,"besf, CV25, 2025-8-13, Vial 1",dark carabids with dark orange edges (2 total),Coleoptera,1,Carabidae,,,,,,,,,,,
besf,medium,2025-08-13,clear vane,25,2,no,1,"besf, CV25, 2025-8-13, Vial 1",dark carabids with dark orange edges (2 total),Coleoptera,1,Carabidae,,,,,,,,,,,
besf,medium,2025-08-13,clear vane,25,2,no,1,"besf, CV25, 2025-8-13, Vial 1",pale orange and black cantharid,Coleoptera,1,Cantharidae,,,,,,,,,,,
besf,medium,2025-08-13,clear vane,25,2,no,1,"besf, CV25, 2025-8-13, Vial 1",tan and black mordellid,Coleoptera,1,Mordellidae,,,,,,,,,,,
besf,medium,2025-08-13,clear vane,25,2,no,1,"besf, CV25, 2025-8-13, Vial 1",dark staphylinids (2 total),Coleoptera,1,Staphylinidae,,,,,,,,,,,
besf,medium,2025-08-13,clear vane,25,2,no,1,"besf, CV25, 2025-8-13, Vial 1",dark staphylinids (2 total),Coleoptera,1,Staphylinidae,,,,,,,,,,,
besf,medium,2025-08-13,clear vane,25,2,no,1,"besf, CV25, 2025-8-13, Vial 1",dark agathidiini,Coleoptera,1,Leiodidae,,Agathidiini,,,,,,,,,
besf,medium,2025-08-13,clear vane,25,2,no,1,"besf, CV25, 2025-8-13, Vial 1",tan latridiid,Coleoptera,1,Latridiidae,,,,,,,,,,,
besf,medium,2025-08-13,clear vane,25,2,no,1,"besf, CV25, 2025-8-13, Vial 1",brown melandryid-esque leiodid,Coleoptera,1,Leiodidae,,,,,,,,,,,
besf,medium,2025-08-13,clear vane,25,2,no,1,"besf, CV25, 2025-8-13, Vial 1",bark beetles (5 total),Coleoptera,1,Curculionidae,,Scolytinae,,,,,,,,,
besf,medium,2025-08-13,clear vane,25,2,no,1,"besf, CV25, 2025-8-13, Vial 1",bark beetles (5 total),Coleoptera,1,Curculionidae,,Scolytinae,,,,,,,,,
besf,medium,2025-08-13,clear vane,25,2,no,1,"besf, CV25, 2025-8-13, Vial 1",bark beetles (5 total),Coleoptera,1,Curculionidae,,Scolytinae,,,,,,,,,
besf,medium,2025-08-13,clear vane,25,2,no,1,"besf, CV25, 2025-8-13, Vial 1",bark beetles (5 total),Coleoptera,1,Curculionidae,,Scolytinae,,,,,,,,,
besf,medium,2025-08-13,clear vane,25,2,no,1,"besf, CV25, 2025-8-13, Vial 1",bark beetles (5 total),Coleoptera,1,Curculionidae,,Scolytinae,,,,,,,,,
,,,,,,,,,,,,,,,,,,,,,,,
besf,unburned,2025-08-13,clear vane,31,2,no,1,"besf, CV31, 2025-8-13, Vial 1",tan scarab,Coleoptera,1,Scarabaeidae,,,,,,,,,,,
besf,unburned,2025-08-13,clear vane,31,2,no,1,"besf, CV31, 2025-8-13, Vial 1",pyrochroid with most of the antennae broken off,Coleoptera,1,Pyrochroidae,,,,,,,,,,,
besf,unburned,2025-08-13,clear vane,31,2,no,1,"besf, CV31, 2025-8-13, Vial 1","lampyrid with pale pink pronotum, light organ visible",Coleoptera,1,Lampyridae,,,,,,,,,,,
besf,unburned,2025-08-13,clear vane,31,2,no,1,"besf, CV31, 2025-8-13, Vial 1",shiny blue elytra rove beetle,Coleoptera,1,Staphylinidae,,,,,,,,,,,
besf,unburned,2025-08-13,clear vane,31,2,no,1,"besf, CV31, 2025-8-13, Vial 1",black clerid with tan horizontal markings (2 total),Coleoptera,1,Cleridae,,,,,,,,,,,
besf,unburned,2025-08-13,clear vane,31,2,no,1,"besf, CV31, 2025-8-13, Vial 1",black clerid with tan horizontal markings (2 total),Coleoptera,1,Cleridae,,,,,,,,,,,
besf,unburned,2025-08-13,clear vane,31,2,no,1,"besf, CV31, 2025-8-13, Vial 1","rouged scarab, maybe Dialytes truncatus",Coleoptera,1,Scarabaeidae,,,,,,,,,,,
besf,unburned,2025-08-13,clear vane,31,2,no,1,"besf, CV31, 2025-8-13, Vial 1",staphylinids (2 total),Coleoptera,1,Staphylinidae,,,,,,,,,,,
besf,unburned,2025-08-13,clear vane,31,2,no,1,"besf, CV31, 2025-8-13, Vial 1",staphylinids (2 total),Coleoptera,1,Staphylinidae,,,,,,,,,,,
besf,unburned,2025-08-13,clear vane,31,2,no,1,"besf, CV31, 2025-8-13, Vial 1",black staphylinid with no head,Coleoptera,1,Staphylinidae,,,,,,,,,,,
besf,unburned,2025-08-13,clear vane,31,2,no,1,"besf, CV31, 2025-8-13, Vial 1",small brown ptinids (4 total),Coleoptera,1,Ptinidae,,,,,,,,,,,
besf,unburned,2025-08-13,clear vane,31,2,no,1,"besf, CV31, 2025-8-13, Vial 1",small brown ptinids (4 total),Coleoptera,1,Ptinidae,,,,,,,,,,,
besf,unburned,2025-08-13,clear vane,31,2,no,1,"besf, CV31, 2025-8-13, Vial 1",small brown ptinids (4 total),Coleoptera,1,Ptinidae,,,,,,,,,,,
besf,unburned,2025-08-13,clear vane,31,2,no,1,"besf, CV31, 2025-8-13, Vial 1",small brown ptinids (4 total),Coleoptera,1,Ptinidae,,,,,,,,,,,
besf,unburned,2025-08-13,clear vane,31,2,no,1,"besf, CV31, 2025-8-13, Vial 1",pale beetle larva,Coleoptera,1,Unknown,Juvenile,,,,,,,,,,
besf,unburned,2025-08-13,clear vane,31,2,no,1,"besf, CV31, 2025-8-13, Vial 1",bark beetles (7 total),Coleoptera,1,Curculionidae,,Scolytinae,,,,,,,,,
besf,unburned,2025-08-13,clear vane,31,2,no,1,"besf, CV31, 2025-8-13, Vial 1",bark beetles (7 total),Coleoptera,1,Curculionidae,,Scolytinae,,,,,,,,,
besf,unburned,2025-08-13,clear vane,31,2,no,1,"besf, CV31, 2025-8-13, Vial 1",bark beetles (7 total),Coleoptera,1,Curculionidae,,Scolytinae,,,,,,,,,
besf,unburned,2025-08-13,clear vane,31,2,no,1,"besf, CV31, 2025-8-13, Vial 1",bark beetles (7 total),Coleoptera,1,Curculionidae,,Scolytinae,,,,,,,,,
besf,unburned,2025-08-13,clear vane,31,2,no,1,"besf, CV31, 2025-8-13, Vial 1",bark beetles (7 total),Coleoptera,1,Curculionidae,,Scolytinae,,,,,,,,,
besf,unburned,2025-08-13,clear vane,31,2,no,1,"besf, CV31, 2025-8-13, Vial 1",bark beetles (7 total),Coleoptera,1,Curculionidae,,Scolytinae,,,,,,,,,
besf,unburned,2025-08-13,clear vane,31,2,no,1,"besf, CV31, 2025-8-13, Vial 1",bark beetles (7 total),Coleoptera,1,Curculionidae,,Scolytinae,,,,,,,,,
,,,,,,,,,,,,,,,,,,,,,,,
msf,recent,2025-08-26,clear vane,37,2,no,1,"msf, CV37, 2025-8-26, Vial 1",black clerids with tan markings (4 total),Coleoptera,1,Cleridae,,,,,,,,,,,
msf,recent,2025-08-26,clear vane,37,2,no,1,"msf, CV37, 2025-8-26, Vial 1",black clerids with tan markings (4 total),Coleoptera,1,Cleridae,,,,,,,,,,,
msf,recent,2025-08-26,clear vane,37,2,no,1,"msf, CV37, 2025-8-26, Vial 1",black clerids with tan markings (4 total),Coleoptera,1,Cleridae,,,,,,,,,,,
msf,recent,2025-08-26,clear vane,37,2,no,1,"msf, CV37, 2025-8-26, Vial 1",black clerids with tan markings (4 total),Coleoptera,1,Cleridae,,,,,,,,,,,
msf,recent,2025-08-26,clear vane,37,2,no,1,"msf, CV37, 2025-8-26, Vial 1","large tan cryptophagid, probs genus Antherophagus",Coleoptera,1,Cryptophagidae,,,,,,,,,,,
msf,recent,2025-08-26,clear vane,37,2,no,1,"msf, CV37, 2025-8-26, Vial 1",mid size dark weevil with elbowed antennae that are beginning to straighten,Coleoptera,1,Curculionidae,,,,,,,,,,,
msf,recent,2025-08-26,clear vane,37,2,no,1,"msf, CV37, 2025-8-26, Vial 1",staphylinids (23 total),Coleoptera,1,Staphylinidae,,,,,,,,,,,
msf,recent,2025-08-26,clear vane,37,2,no,1,"msf, CV37, 2025-8-26, Vial 1",staphylinids (23 total),Coleoptera,1,Staphylinidae,,,,,,,,,,,
msf,recent,2025-08-26,clear vane,37,2,no,1,"msf, CV37, 2025-8-26, Vial 1",staphylinids (23 total),Coleoptera,1,Staphylinidae,,,,,,,,,,,
msf,recent,2025-08-26,clear vane,37,2,no,1,"msf, CV37, 2025-8-26, Vial 1",staphylinids (23 total),Coleoptera,1,Staphylinidae,,,,,,,,,,,
msf,recent,2025-08-26,clear vane,37,2,no,1,"msf, CV37, 2025-8-26, Vial 1",staphylinids (23 total),Coleoptera,1,Staphylinidae,,,,,,,,,,,
msf,recent,2025-08-26,clear vane,37,2,no,1,"msf, CV37, 2025-8-26, Vial 1",staphylinids (23 total),Coleoptera,1,Staphylinidae,,,,,,,,,,,
msf,recent,2025-08-26,clear vane,37,2,no,1,"msf, CV37, 2025-8-26, Vial 1",staphylinids (23 total),Coleoptera,1,Staphylinidae,,,,,,,,,,,
msf,recent,2025-08-26,clear vane,37,2,no,1,"msf, CV37, 2025-8-26, Vial 1",staphylinids (23 total),Coleoptera,1,Staphylinidae,,,,,,,,,,,
msf,recent,2025-08-26,clear vane,37,2,no,1,"msf, CV37, 2025-8-26, Vial 1",staphylinids (23 total),Coleoptera,1,Staphylinidae,,,,,,,,,,,
msf,recent,2025-08-26,clear vane,37,2,no,1,"msf, CV37, 2025-8-26, Vial 1",staphylinids (23 total),Coleoptera,1,Staphylinidae,,,,,,,,,,,
msf,recent,2025-08-26,clear vane,37,2,no,1,"msf, CV37, 2025-8-26, Vial 1",staphylinids (23 total),Coleoptera,1,Staphylinidae,,,,,,,,,,,
msf,recent,2025-08-26,clear vane,37,2,no,1,"msf, CV37, 2025-8-26, Vial 1",staphylinids (23 total),Coleoptera,1,Staphylinidae,,,,,,,,,,,
msf,recent,2025-08-26,clear vane,37,2,no,1,"msf, CV37, 2025-8-26, Vial 1",staphylinids (23 total),Coleoptera,1,Staphylinidae,,,,,,,,,,,
msf,recent,2025-08-26,clear vane,37,2,no,1,"msf, CV37, 2025-8-26, Vial 1",staphylinids (23 total),Coleoptera,1,Staphylinidae,,,,,,,,,,,
msf,recent,2025-08-26,clear vane,37,2,no,1,"msf, CV37, 2025-8-26, Vial 1",staphylinids (23 total),Coleoptera,1,Staphylinidae,,,,,,,,,,,
msf,recent,2025-08-26,clear vane,37,2,no,1,"msf, CV37, 2025-8-26, Vial 1",staphylinids (23 total),Coleoptera,1,Staphylinidae,,,,,,,,,,,
msf,recent,2025-08-26,clear vane,37,2,no,1,"msf, CV37, 2025-8-26, Vial 1",staphylinids (23 total),Coleoptera,1,Staphylinidae,,,,,,,,,,,
msf,recent,2025-08-26,clear vane,37,2,no,1,"msf, CV37, 2025-8-26, Vial 1",staphylinids (23 total),Coleoptera,1,Staphylinidae,,,,,,,,,,,
msf,recent,2025-08-26,clear vane,37,2,no,1,"msf, CV37, 2025-8-26, Vial 1",staphylinids (23 total),Coleoptera,1,Staphylinidae,,,,,,,,,,,
msf,recent,2025-08-26,clear vane,37,2,no,1,"msf, CV37, 2025-8-26, Vial 1",staphylinids (23 total),Coleoptera,1,Staphylinidae,,,,,,,,,,,
msf,recent,2025-08-26,clear vane,37,2,no,1,"msf, CV37, 2025-8-26, Vial 1",staphylinids (23 total),Coleoptera,1,Staphylinidae,,,,,,,,,,,
msf,recent,2025-08-26,clear vane,37,2,no,1,"msf, CV37, 2025-8-26, Vial 1",staphylinids (23 total),Coleoptera,1,Staphylinidae,,,,,,,,,,,
msf,recent,2025-08-26,clear vane,37,2,no,1,"msf, CV37, 2025-8-26, Vial 1",staphylinids (23 total),Coleoptera,1,Staphylinidae,,,,,,,,,,,
msf,recent,2025-08-26,clear vane,37,2,no,1,"msf, CV37, 2025-8-26, Vial 1","brown staphylinids that look a bit like Nitidulids, but they are definitely Staphylinids (2 total)",Coleoptera,1,Staphylinidae,,,,,,,,,,,
msf,recent,2025-08-26,clear vane,37,2,no,1,"msf, CV37, 2025-8-26, Vial 1","brown staphylinids that look a bit like Nitidulids, but they are definitely Staphylinids (2 total)",Coleoptera,1,Staphylinidae,,,,,,,,,,,
msf,recent,2025-08-26,clear vane,37,2,no,1,"msf, CV37, 2025-8-26, Vial 1",tan latridiids (7 total),Coleoptera,1,Latridiidae,,,,,,,,,,,
msf,recent,2025-08-26,clear vane,37,2,no,1,"msf, CV37, 2025-8-26, Vial 1",tan latridiids (7 total),Coleoptera,1,Latridiidae,,,,,,,,,,,
msf,recent,2025-08-26,clear vane,37,2,no,1,"msf, CV37, 2025-8-26, Vial 1",tan latridiids (7 total),Coleoptera,1,Latridiidae,,,,,,,,,,,
msf,recent,2025-08-26,clear vane,37,2,no,1,"msf, CV37, 2025-8-26, Vial 1",tan latridiids (7 total),Coleoptera,1,Latridiidae,,,,,,,,,,,
msf,recent,2025-08-26,clear vane,37,2,no,1,"msf, CV37, 2025-8-26, Vial 1",tan latridiids (7 total),Coleoptera,1,Latridiidae,,,,,,,,,,,
msf,recent,2025-08-26,clear vane,37,2,no,1,"msf, CV37, 2025-8-26, Vial 1",tan latridiids (7 total),Coleoptera,1,Latridiidae,,,,,,,,,,,
msf,recent,2025-08-26,clear vane,37,2,no,1,"msf, CV37, 2025-8-26, Vial 1",tan latridiids (7 total),Coleoptera,1,Latridiidae,,,,,,,,,,,
msf,recent,2025-08-26,clear vane,37,2,no,1,"msf, CV37, 2025-8-26, Vial 1","dark aderid, looks a bit like a latridiid or scraptiid, only 4 ventrites visible and antennae not clubbed, more than 3 tarsomeres",Coleoptera,1,Aderidae,,,,,,,,,,,
msf,recent,2025-08-26,clear vane,37,2,no,1,"msf, CV37, 2025-8-26, Vial 1",black lady beetle with pale yellow spots,Coleoptera,1,Coccinellidae,,,,,,,,,,,
msf,recent,2025-08-26,clear vane,37,2,no,1,"msf, CV37, 2025-8-26, Vial 1",bark beetles (19 total),Coleoptera,1,Curculionidae,,Scolytinae,,,,,,,,,
msf,recent,2025-08-26,clear vane,37,2,no,1,"msf, CV37, 2025-8-26, Vial 1",bark beetles (19 total),Coleoptera,1,Curculionidae,,Scolytinae,,,,,,,,,
msf,recent,2025-08-26,clear vane,37,2,no,1,"msf, CV37, 2025-8-26, Vial 1",bark beetles (19 total),Coleoptera,1,Curculionidae,,Scolytinae,,,,,,,,,
msf,recent,2025-08-26,clear vane,37,2,no,1,"msf, CV37, 2025-8-26, Vial 1",bark beetles (19 total),Coleoptera,1,Curculionidae,,Scolytinae,,,,,,,,,
msf,recent,2025-08-26,clear vane,37,2,no,1,"msf, CV37, 2025-8-26, Vial 1",bark beetles (19 total),Coleoptera,1,Curculionidae,,Scolytinae,,,,,,,,,
msf,recent,2025-08-26,clear vane,37,2,no,1,"msf, CV37, 2025-8-26, Vial 1",bark beetles (19 total),Coleoptera,1,Curculionidae,,Scolytinae,,,,,,,,,
msf,recent,2025-08-26,clear vane,37,2,no,1,"msf, CV37, 2025-8-26, Vial 1",bark beetles (19 total),Coleoptera,1,Curculionidae,,Scolytinae,,,,,,,,,
msf,recent,2025-08-26,clear vane,37,2,no,1,"msf, CV37, 2025-8-26, Vial 1",bark beetles (19 total),Coleoptera,1,Curculionidae,,Scolytinae,,,,,,,,,
msf,recent,2025-08-26,clear vane,37,2,no,1,"msf, CV37, 2025-8-26, Vial 1",bark beetles (19 total),Coleoptera,1,Curculionidae,,Scolytinae,,,,,,,,,
msf,recent,2025-08-26,clear vane,37,2,no,1,"msf, CV37, 2025-8-26, Vial 1",bark beetles (19 total),Coleoptera,1,Curculionidae,,Scolytinae,,,,,,,,,
msf,recent,2025-08-26,clear vane,37,2,no,1,"msf, CV37, 2025-8-26, Vial 1",bark beetles (19 total),Coleoptera,1,Curculionidae,,Scolytinae,,,,,,,,,
msf,recent,2025-08-26,clear vane,37,2,no,1,"msf, CV37, 2025-8-26, Vial 1",bark beetles (19 total),Coleoptera,1,Curculionidae,,Scolytinae,,,,,,,,,
msf,recent,2025-08-26,clear vane,37,2,no,1,"msf, CV37, 2025-8-26, Vial 1",bark beetles (19 total),Coleoptera,1,Curculionidae,,Scolytinae,,,,,,,,,
msf,recent,2025-08-26,clear vane,37,2,no,1,"msf, CV37, 2025-8-26, Vial 1",bark beetles (19 total),Coleoptera,1,Curculionidae,,Scolytinae,,,,,,,,,
msf,recent,2025-08-26,clear vane,37,2,no,1,"msf, CV37, 2025-8-26, Vial 1",bark beetles (19 total),Coleoptera,1,Curculionidae,,Scolytinae,,,,,,,,,
msf,recent,2025-08-26,clear vane,37,2,no,1,"msf, CV37, 2025-8-26, Vial 1",bark beetles (19 total),Coleoptera,1,Curculionidae,,Scolytinae,,,,,,,,,
msf,recent,2025-08-26,clear vane,37,2,no,1,"msf, CV37, 2025-8-26, Vial 1",bark beetles (19 total),Coleoptera,1,Curculionidae,,Scolytinae,,,,,,,,,
msf,recent,2025-08-26,clear vane,37,2,no,1,"msf, CV37, 2025-8-26, Vial 1",bark beetles (19 total),Coleoptera,1,Curculionidae,,Scolytinae,,,,,,,,,
msf,recent,2025-08-26,clear vane,37,2,no,1,"msf, CV37, 2025-8-26, Vial 1",bark beetles (19 total),Coleoptera,1,Curculionidae,,Scolytinae,,,,,,,,,
,,,,,,,,,,,,,,,,,,,,,,,
msf,medium,2025-08-26,clear vane,43,2,no,1,"msf, CV43, 2025-8-26, Vial 1",staphylinids (6 total),Coleoptera,1,Staphylinidae,,,,,,,,,,,
msf,medium,2025-08-26,clear vane,43,2,no,1,"msf, CV43, 2025-8-26, Vial 1",staphylinids (6 total),Coleoptera,1,Staphylinidae,,,,,,,,,,,
msf,medium,2025-08-26,clear vane,43,2,no,1,"msf, CV43, 2025-8-26, Vial 1",staphylinids (6 total),Coleoptera,1,Staphylinidae,,,,,,,,,,,
msf,medium,2025-08-26,clear vane,43,2,no,1,"msf, CV43, 2025-8-26, Vial 1",staphylinids (6 total),Coleoptera,1,Staphylinidae,,,,,,,,,,,
msf,medium,2025-08-26,clear vane,43,2,no,1,"msf, CV43, 2025-8-26, Vial 1",staphylinids (6 total),Coleoptera,1,Staphylinidae,,,,,,,,,,,
msf,medium,2025-08-26,clear vane,43,2,no,1,"msf, CV43, 2025-8-26, Vial 1",staphylinids (6 total),Coleoptera,1,Staphylinidae,,,,,,,,,,,
msf,medium,2025-08-26,clear vane,43,2,no,1,"msf, CV43, 2025-8-26, Vial 1",dark brown curculionid with elbowed antennae straightening,Coleoptera,1,Curculionidae,,,,,,,,,,,
msf,medium,2025-08-26,clear vane,43,2,no,1,"msf, CV43, 2025-8-26, Vial 1","tan weevil with very long snout, probs acorn weevil genus Curculio",Coleoptera,1,Curculionidae,,,,,,,,,,,
msf,medium,2025-08-26,clear vane,43,2,no,1,"msf, CV43, 2025-8-26, Vial 1",compact dark weevil,Coleoptera,1,Curculionidae,,,,,,,,,,,
msf,medium,2025-08-26,clear vane,43,2,no,1,"msf, CV43, 2025-8-26, Vial 1",tan latridiids (5 total),Coleoptera,1,Latridiidae,,,,,,,,,,,
msf,medium,2025-08-26,clear vane,43,2,no,1,"msf, CV43, 2025-8-26, Vial 1",tan latridiids (5 total),Coleoptera,1,Latridiidae,,,,,,,,,,,
msf,medium,2025-08-26,clear vane,43,2,no,1,"msf, CV43, 2025-8-26, Vial 1",tan latridiids (5 total),Coleoptera,1,Latridiidae,,,,,,,,,,,
msf,medium,2025-08-26,clear vane,43,2,no,1,"msf, CV43, 2025-8-26, Vial 1",tan latridiids (5 total),Coleoptera,1,Latridiidae,,,,,,,,,,,
msf,medium,2025-08-26,clear vane,43,2,no,1,"msf, CV43, 2025-8-26, Vial 1",tan latridiids (5 total),Coleoptera,1,Latridiidae,,,,,,,,,,,
msf,medium,2025-08-26,clear vane,43,2,no,1,"msf, CV43, 2025-8-26, Vial 1",shiny dark blue clerid,Coleoptera,1,Cleridae,,,,,,,,,,,
msf,medium,2025-08-26,clear vane,43,2,no,1,"msf, CV43, 2025-8-26, Vial 1",tan and black clerid,Coleoptera,1,Cleridae,,,,,,,,,,,
msf,medium,2025-08-26,clear vane,43,2,no,1,"msf, CV43, 2025-8-26, Vial 1",black corylophid,Coleoptera,1,Corylophidae,,,,,,,,,,,
msf,medium,2025-08-26,clear vane,43,2,no,1,"msf, CV43, 2025-8-26, Vial 1",brown short elytra nitidulid. I think maybe everything you claimed was a kateretid was in fact a nitidulid,Coleoptera,1,Nitidulidae,,,,,,,,,,,
msf,medium,2025-08-26,clear vane,43,2,no,1,"msf, CV43, 2025-8-26, Vial 1",bark beetles (9 total),Coleoptera,1,Curculionidae,,Scolytinae,,,,,,,,,
msf,medium,2025-08-26,clear vane,43,2,no,1,"msf, CV43, 2025-8-26, Vial 1",bark beetles (9 total),Coleoptera,1,Curculionidae,,Scolytinae,,,,,,,,,
msf,medium,2025-08-26,clear vane,43,2,no,1,"msf, CV43, 2025-8-26, Vial 1",bark beetles (9 total),Coleoptera,1,Curculionidae,,Scolytinae,,,,,,,,,
msf,medium,2025-08-26,clear vane,43,2,no,1,"msf, CV43, 2025-8-26, Vial 1",bark beetles (9 total),Coleoptera,1,Curculionidae,,Scolytinae,,,,,,,,,
msf,medium,2025-08-26,clear vane,43,2,no,1,"msf, CV43, 2025-8-26, Vial 1",bark beetles (9 total),Coleoptera,1,Curculionidae,,Scolytinae,,,,,,,,,
msf,medium,2025-08-26,clear vane,43,2,no,1,"msf, CV43, 2025-8-26, Vial 1",bark beetles (9 total),Coleoptera,1,Curculionidae,,Scolytinae,,,,,,,,,
msf,medium,2025-08-26,clear vane,43,2,no,1,"msf, CV43, 2025-8-26, Vial 1",bark beetles (9 total),Coleoptera,1,Curculionidae,,Scolytinae,,,,,,,,,
msf,medium,2025-08-26,clear vane,43,2,no,1,"msf, CV43, 2025-8-26, Vial 1",bark beetles (9 total),Coleoptera,1,Curculionidae,,Scolytinae,,,,,,,,,
msf,medium,2025-08-26,clear vane,43,2,no,1,"msf, CV43, 2025-8-26, Vial 1",bark beetles (9 total),Coleoptera,1,Curculionidae,,Scolytinae,,,,,,,,,
,,,,,,,,,,,,,,,,,,,,,,,
msf,unburned,2025-08-26,clear vane,49,2,no,1,"msf, CV49, 2025-8-26, Vial 1", burying beetle,Coleoptera,1,Staphylinidae,,Silphinae,,,,,,,,,
msf,unburned,2025-08-26,clear vane,49,2,no,1,"msf, CV49, 2025-8-26, Vial 1",staphylinids (23 total),Coleoptera,1,Staphylinidae,,,,,,,,,,,
msf,unburned,2025-08-26,clear vane,49,2,no,1,"msf, CV49, 2025-8-26, Vial 1",staphylinids (23 total),Coleoptera,1,Staphylinidae,,,,,,,,,,,
msf,unburned,2025-08-26,clear vane,49,2,no,1,"msf, CV49, 2025-8-26, Vial 1",staphylinids (23 total),Coleoptera,1,Staphylinidae,,,,,,,,,,,
msf,unburned,2025-08-26,clear vane,49,2,no,1,"msf, CV49, 2025-8-26, Vial 1",staphylinids (23 total),Coleoptera,1,Staphylinidae,,,,,,,,,,,
msf,unburned,2025-08-26,clear vane,49,2,no,1,"msf, CV49, 2025-8-26, Vial 1",staphylinids (23 total),Coleoptera,1,Staphylinidae,,,,,,,,,,,
msf,unburned,2025-08-26,clear vane,49,2,no,1,"msf, CV49, 2025-8-26, Vial 1",staphylinids (23 total),Coleoptera,1,Staphylinidae,,,,,,,,,,,
msf,unburned,2025-08-26,clear vane,49,2,no,1,"msf, CV49, 2025-8-26, Vial 1",staphylinids (23 total),Coleoptera,1,Staphylinidae,,,,,,,,,,,
msf,unburned,2025-08-26,clear vane,49,2,no,1,"msf, CV49, 2025-8-26, Vial 1",staphylinids (23 total),Coleoptera,1,Staphylinidae,,,,,,,,,,,
msf,unburned,2025-08-26,clear vane,49,2,no,1,"msf, CV49, 2025-8-26, Vial 1",staphylinids (23 total),Coleoptera,1,Staphylinidae,,,,,,,,,,,
msf,unburned,2025-08-26,clear vane,49,2,no,1,"msf, CV49, 2025-8-26, Vial 1",staphylinids (23 total),Coleoptera,1,Staphylinidae,,,,,,,,,,,
msf,unburned,2025-08-26,clear vane,49,2,no,1,"msf, CV49, 2025-8-26, Vial 1",staphylinids (23 total),Coleoptera,1,Staphylinidae,,,,,,,,,,,
msf,unburned,2025-08-26,clear vane,49,2,no,1,"msf, CV49, 2025-8-26, Vial 1",staphylinids (23 total),Coleoptera,1,Staphylinidae,,,,,,,,,,,
msf,unburned,2025-08-26,clear vane,49,2,no,1,"msf, CV49, 2025-8-26, Vial 1",staphylinids (23 total),Coleoptera,1,Staphylinidae,,,,,,,,,,,
msf,unburned,2025-08-26,clear vane,49,2,no,1,"msf, CV49, 2025-8-26, Vial 1",staphylinids (23 total),Coleoptera,1,Staphylinidae,,,,,,,,,,,
msf,unburned,2025-08-26,clear vane,49,2,no,1,"msf, CV49, 2025-8-26, Vial 1",staphylinids (23 total),Coleoptera,1,Staphylinidae,,,,,,,,,,,
msf,unburned,2025-08-26,clear vane,49,2,no,1,"msf, CV49, 2025-8-26, Vial 1",staphylinids (23 total),Coleoptera,1,Staphylinidae,,,,,,,,,,,
msf,unburned,2025-08-26,clear vane,49,2,no,1,"msf, CV49, 2025-8-26, Vial 1",staphylinids (23 total),Coleoptera,1,Staphylinidae,,,,,,,,,,,
msf,unburned,2025-08-26,clear vane,49,2,no,1,"msf, CV49, 2025-8-26, Vial 1",staphylinids (23 total),Coleoptera,1,Staphylinidae,,,,,,,,,,,
msf,unburned,2025-08-26,clear vane,49,2,no,1,"msf, CV49, 2025-8-26, Vial 1",staphylinids (23 total),Coleoptera,1,Staphylinidae,,,,,,,,,,,
msf,unburned,2025-08-26,clear vane,49,2,no,1,"msf, CV49, 2025-8-26, Vial 1",staphylinids (23 total),Coleoptera,1,Staphylinidae,,,,,,,,,,,
msf,unburned,2025-08-26,clear vane,49,2,no,1,"msf, CV49, 2025-8-26, Vial 1",staphylinids (23 total),Coleoptera,1,Staphylinidae,,,,,,,,,,,
msf,unburned,2025-08-26,clear vane,49,2,no,1,"msf, CV49, 2025-8-26, Vial 1",staphylinids (23 total),Coleoptera,1,Staphylinidae,,,,,,,,,,,
msf,unburned,2025-08-26,clear vane,49,2,no,1,"msf, CV49, 2025-8-26, Vial 1",staphylinids (23 total),Coleoptera,1,Staphylinidae,,,,,,,,,,,
msf,unburned,2025-08-26,clear vane,49,2,no,1,"msf, CV49, 2025-8-26, Vial 1","large black nitidulids with orange markings, probs genus Glischrochilus (4 total)",Coleoptera,1,Nitidulidae,,,,,,,,,,,
msf,unburned,2025-08-26,clear vane,49,2,no,1,"msf, CV49, 2025-8-26, Vial 1","large black nitidulids with orange markings, probs genus Glischrochilus (4 total)",Coleoptera,1,Nitidulidae,,,,,,,,,,,
msf,unburned,2025-08-26,clear vane,49,2,no,1,"msf, CV49, 2025-8-26, Vial 1","large black nitidulids with orange markings, probs genus Glischrochilus (4 total)",Coleoptera,1,Nitidulidae,,,,,,,,,,,
msf,unburned,2025-08-26,clear vane,49,2,no,1,"msf, CV49, 2025-8-26, Vial 1","large black nitidulids with orange markings, probs genus Glischrochilus (4 total)",Coleoptera,1,Nitidulidae,,,,,,,,,,,
msf,unburned,2025-08-26,clear vane,49,2,no,1,"msf, CV49, 2025-8-26, Vial 1","scarab with glabrous head and pronotum and distinctly yellow-orange elytra, probs genus Aphodius",Coleoptera,1,Scarabaeidae,,,,,,,,,,,
msf,unburned,2025-08-26,clear vane,49,2,no,1,"msf, CV49, 2025-8-26, Vial 1","black and orange endomychid, maybe Phymaphora pulchella",Coleoptera,1,Endomychidae,,,,,,,,,,,
msf,unburned,2025-08-26,clear vane,49,2,no,1,"msf, CV49, 2025-8-26, Vial 1",tan latridiid,Coleoptera,1,Latridiidae,,,,,,,,,,,
msf,unburned,2025-08-26,clear vane,49,2,no,1,"msf, CV49, 2025-8-26, Vial 1",bark beetles (13 total),Coleoptera,1,Curculionidae,,Scolytinae,,,,,,,,,
msf,unburned,2025-08-26,clear vane,49,2,no,1,"msf, CV49, 2025-8-26, Vial 1",bark beetles (13 total),Coleoptera,1,Curculionidae,,Scolytinae,,,,,,,,,
msf,unburned,2025-08-26,clear vane,49,2,no,1,"msf, CV49, 2025-8-26, Vial 1",bark beetles (13 total),Coleoptera,1,Curculionidae,,Scolytinae,,,,,,,,,
msf,unburned,2025-08-26,clear vane,49,2,no,1,"msf, CV49, 2025-8-26, Vial 1",bark beetles (13 total),Coleoptera,1,Curculionidae,,Scolytinae,,,,,,,,,
msf,unburned,2025-08-26,clear vane,49,2,no,1,"msf, CV49, 2025-8-26, Vial 1",bark beetles (13 total),Coleoptera,1,Curculionidae,,Scolytinae,,,,,,,,,
msf,unburned,2025-08-26,clear vane,49,2,no,1,"msf, CV49, 2025-8-26, Vial 1",bark beetles (13 total),Coleoptera,1,Curculionidae,,Scolytinae,,,,,,,,,
msf,unburned,2025-08-26,clear vane,49,2,no,1,"msf, CV49, 2025-8-26, Vial 1",bark beetles (13 total),Coleoptera,1,Curculionidae,,Scolytinae,,,,,,,,,
msf,unburned,2025-08-26,clear vane,49,2,no,1,"msf, CV49, 2025-8-26, Vial 1",bark beetles (13 total),Coleoptera,1,Curculionidae,,Scolytinae,,,,,,,,,
msf,unburned,2025-08-26,clear vane,49,2,no,1,"msf, CV49, 2025-8-26, Vial 1",bark beetles (13 total),Coleoptera,1,Curculionidae,,Scolytinae,,,,,,,,,
msf,unburned,2025-08-26,clear vane,49,2,no,1,"msf, CV49, 2025-8-26, Vial 1",bark beetles (13 total),Coleoptera,1,Curculionidae,,Scolytinae,,,,,,,,,
msf,unburned,2025-08-26,clear vane,49,2,no,1,"msf, CV49, 2025-8-26, Vial 1",bark beetles (13 total),Coleoptera,1,Curculionidae,,Scolytinae,,,,,,,,,
msf,unburned,2025-08-26,clear vane,49,2,no,1,"msf, CV49, 2025-8-26, Vial 1",bark beetles (13 total),Coleoptera,1,Curculionidae,,Scolytinae,,,,,,,,,
msf,unburned,2025-08-26,clear vane,49,2,no,1,"msf, CV49, 2025-8-26, Vial 1",bark beetles (13 total),Coleoptera,1,Curculionidae,,Scolytinae,,,,,,,,,
,,,,,,,,,,,,,,,,,,,,,,,
sgl100,recent,2025-08-12,clear vane,55,2,no,1,"100, CV55, 2025-8-12, Vial 1",staphylinids (6 total),Coleoptera,1,Staphylinidae,,,,,,,,,,,
sgl100,recent,2025-08-12,clear vane,55,2,no,1,"100, CV55, 2025-8-12, Vial 1",staphylinids (6 total),Coleoptera,1,Staphylinidae,,,,,,,,,,,
sgl100,recent,2025-08-12,clear vane,55,2,no,1,"100, CV55, 2025-8-12, Vial 1",staphylinids (6 total),Coleoptera,1,Staphylinidae,,,,,,,,,,,
sgl100,recent,2025-08-12,clear vane,55,2,no,1,"100, CV55, 2025-8-12, Vial 1",staphylinids (6 total),Coleoptera,1,Staphylinidae,,,,,,,,,,,
sgl100,recent,2025-08-12,clear vane,55,2,no,1,"100, CV55, 2025-8-12, Vial 1",staphylinids (6 total),Coleoptera,1,Staphylinidae,,,,,,,,,,,
sgl100,recent,2025-08-12,clear vane,55,2,no,1,"100, CV55, 2025-8-12, Vial 1",staphylinids (6 total),Coleoptera,1,Staphylinidae,,,,,,,,,,,
sgl100,recent,2025-08-12,clear vane,55,2,no,1,"100, CV55, 2025-8-12, Vial 1",shiny blue elytra rove beetle,Coleoptera,1,Staphylinidae,,,,,,,,,,,
sgl100,recent,2025-08-12,clear vane,55,2,no,1,"100, CV55, 2025-8-12, Vial 1",reddish brown cerambycid with yellow striping,Coleoptera,1,Cerambycidae,,,,,,,,,,,
sgl100,recent,2025-08-12,clear vane,55,2,no,1,"100, CV55, 2025-8-12, Vial 1","dark cupedid with golden head, maybe Cupes capitatus",Coleoptera,1,Cupedidae,,,,,,,,,,,
sgl100,recent,2025-08-12,clear vane,55,2,no,1,"100, CV55, 2025-8-12, Vial 1",tan and black mordellid,Coleoptera,1,Mordellidae,,,,,,,,,,,
sgl100,recent,2025-08-12,clear vane,55,2,no,1,"100, CV55, 2025-8-12, Vial 1",brown monotomid,Coleoptera,1,Monotomidae,,,,,,,,,,,
sgl100,recent,2025-08-12,clear vane,55,2,no,1,"100, CV55, 2025-8-12, Vial 1",small brown sphindid,Coleoptera,1,Sphindidae,,,,,,,,,,,
sgl100,recent,2025-08-12,clear vane,55,2,no,1,"100, CV55, 2025-8-12, Vial 1",tan latridiid,Coleoptera,1,Latridiidae,,,,,,,,,,,
sgl100,recent,2025-08-12,clear vane,55,2,no,1,"100, CV55, 2025-8-12, Vial 1","tan tetratomid, maybe genus Hallomenus",Coleoptera,1,Tetratomidae,,,,,,,,,,,
sgl100,recent,2025-08-12,clear vane,55,2,no,1,"100, CV55, 2025-8-12, Vial 1",pale beetle larva,Coleoptera,1,Unknown,Juvenile,,,,,,,,,,
sgl100,recent,2025-08-12,clear vane,55,2,no,1,"100, CV55, 2025-8-12, Vial 1","tiny dark brown beetle with exposed pygidum, one-seg club, maybe genus Aeletes",Coleoptera,1,Histeridae,,,,,,,,,,,
sgl100,recent,2025-08-12,clear vane,55,2,no,1,"100, CV55, 2025-8-12, Vial 1",bark beetles (5 total),Coleoptera,1,Curculionidae,,Scolytinae,,,,,,,,,
sgl100,recent,2025-08-12,clear vane,55,2,no,1,"100, CV55, 2025-8-12, Vial 1",bark beetles (5 total),Coleoptera,1,Curculionidae,,Scolytinae,,,,,,,,,
sgl100,recent,2025-08-12,clear vane,55,2,no,1,"100, CV55, 2025-8-12, Vial 1",bark beetles (5 total),Coleoptera,1,Curculionidae,,Scolytinae,,,,,,,,,
sgl100,recent,2025-08-12,clear vane,55,2,no,1,"100, CV55, 2025-8-12, Vial 1",bark beetles (5 total),Coleoptera,1,Curculionidae,,Scolytinae,,,,,,,,,
sgl100,recent,2025-08-12,clear vane,55,2,no,1,"100, CV55, 2025-8-12, Vial 1",bark beetles (5 total),Coleoptera,1,Curculionidae,,Scolytinae,,,,,,,,,
,,,,,,,,,,,,,,,,,,,,,,,
sgl100,medium,2025-08-12,clear vane,61,2,no,1,"100, CV61, 2025-8-12, Vial 1",burying beetles (2 total),Coleoptera,1,Staphylinidae,,Silphinae,,,,,,,,,
sgl100,medium,2025-08-12,clear vane,61,2,no,1,"100, CV61, 2025-8-12, Vial 1",burying beetles (2 total),Coleoptera,1,Staphylinidae,,Silphinae,,,,,,,,,
sgl100,medium,2025-08-12,clear vane,61,2,no,1,"100, CV61, 2025-8-12, Vial 1",black mordellids (3 total),Coleoptera,1,Mordellidae,,,,,,,,,,,
sgl100,medium,2025-08-12,clear vane,61,2,no,1,"100, CV61, 2025-8-12, Vial 1",black mordellids (3 total),Coleoptera,1,Mordellidae,,,,,,,,,,,
sgl100,medium,2025-08-12,clear vane,61,2,no,1,"100, CV61, 2025-8-12, Vial 1",black mordellids (3 total),Coleoptera,1,Mordellidae,,,,,,,,,,,
sgl100,medium,2025-08-12,clear vane,61,2,no,1,"100, CV61, 2025-8-12, Vial 1",tan mordellid,Coleoptera,1,Mordellidae,,,,,,,,,,,
sgl100,medium,2025-08-12,clear vane,61,2,no,1,"100, CV61, 2025-8-12, Vial 1",large brown elaterids (4 total),Coleoptera,1,Elateridae,,,,,,,,,,,
sgl100,medium,2025-08-12,clear vane,61,2,no,1,"100, CV61, 2025-8-12, Vial 1",large brown elaterids (4 total),Coleoptera,1,Elateridae,,,,,,,,,,,
sgl100,medium,2025-08-12,clear vane,61,2,no,1,"100, CV61, 2025-8-12, Vial 1",large brown elaterids (4 total),Coleoptera,1,Elateridae,,,,,,,,,,,
sgl100,medium,2025-08-12,clear vane,61,2,no,1,"100, CV61, 2025-8-12, Vial 1",large brown elaterids (4 total),Coleoptera,1,Elateridae,,,,,,,,,,,
sgl100,medium,2025-08-12,clear vane,61,2,no,1,"100, CV61, 2025-8-12, Vial 1",large dark brown weeviles with elbowed antennae that are starting to straighten (6 total),Coleoptera,1,Curculionidae,,,,,,,,,,,
sgl100,medium,2025-08-12,clear vane,61,2,no,1,"100, CV61, 2025-8-12, Vial 1",large dark brown weeviles with elbowed antennae that are starting to straighten (6 total),Coleoptera,1,Curculionidae,,,,,,,,,,,
sgl100,medium,2025-08-12,clear vane,61,2,no,1,"100, CV61, 2025-8-12, Vial 1",large dark brown weeviles with elbowed antennae that are starting to straighten (6 total),Coleoptera,1,Curculionidae,,,,,,,,,,,
sgl100,medium,2025-08-12,clear vane,61,2,no,1,"100, CV61, 2025-8-12, Vial 1",large dark brown weeviles with elbowed antennae that are starting to straighten (6 total),Coleoptera,1,Curculionidae,,,,,,,,,,,
sgl100,medium,2025-08-12,clear vane,61,2,no,1,"100, CV61, 2025-8-12, Vial 1",large dark brown weeviles with elbowed antennae that are starting to straighten (6 total),Coleoptera,1,Curculionidae,,,,,,,,,,,
sgl100,medium,2025-08-12,clear vane,61,2,no,1,"100, CV61, 2025-8-12, Vial 1",large dark brown weeviles with elbowed antennae that are starting to straighten (6 total),Coleoptera,1,Curculionidae,,,,,,,,,,,
sgl100,medium,2025-08-12,clear vane,61,2,no,1,"100, CV61, 2025-8-12, Vial 1",large rove beetle with shiny blue elytra,Coleoptera,1,Staphylinidae,,,,,,,,,,,
sgl100,medium,2025-08-12,clear vane,61,2,no,1,"100, CV61, 2025-8-12, Vial 1",dark brown melandryid-esque tetratomid,Coleoptera,1,Tetratomidae,,,,,,,,,,,
sgl100,medium,2025-08-12,clear vane,61,2,no,1,"100, CV61, 2025-8-12, Vial 1","rove beetles with orange pronotum, black head, and huge sickle-shaped mandibles (2 total)",Coleoptera,1,Staphylinidae,,,,,,,,,,,
sgl100,medium,2025-08-12,clear vane,61,2,no,1,"100, CV61, 2025-8-12, Vial 1","rove beetles with orange pronotum, black head, and huge sickle-shaped mandibles (2 total)",Coleoptera,1,Staphylinidae,,,,,,,,,,,
sgl100,medium,2025-08-12,clear vane,61,2,no,1,"100, CV61, 2025-8-12, Vial 1","chrysomelids with brown head, tan pronotum, and shiny dark green elytra (6 total), possibly even Tetratoma truncorum (a tetratomid), would need to recheck that",Coleoptera,1,Chrysomelidae,,,,,,,,,,,
sgl100,medium,2025-08-12,clear vane,61,2,no,1,"100, CV61, 2025-8-12, Vial 1","chrysomelids with brown head, tan pronotum, and shiny dark green elytra (6 total), possibly even Tetratoma truncorum (a tetratomid), would need to recheck that",Coleoptera,1,Chrysomelidae,,,,,,,,,,,
sgl100,medium,2025-08-12,clear vane,61,2,no,1,"100, CV61, 2025-8-12, Vial 1","chrysomelids with brown head, tan pronotum, and shiny dark green elytra (6 total), possibly even Tetratoma truncorum (a tetratomid), would need to recheck that",Coleoptera,1,Chrysomelidae,,,,,,,,,,,
sgl100,medium,2025-08-12,clear vane,61,2,no,1,"100, CV61, 2025-8-12, Vial 1","chrysomelids with brown head, tan pronotum, and shiny dark green elytra (6 total), possibly even Tetratoma truncorum (a tetratomid), would need to recheck that",Coleoptera,1,Chrysomelidae,,,,,,,,,,,
sgl100,medium,2025-08-12,clear vane,61,2,no,1,"100, CV61, 2025-8-12, Vial 1","chrysomelids with brown head, tan pronotum, and shiny dark green elytra (6 total), possibly even Tetratoma truncorum (a tetratomid), would need to recheck that",Coleoptera,1,Chrysomelidae,,,,,,,,,,,
sgl100,medium,2025-08-12,clear vane,61,2,no,1,"100, CV61, 2025-8-12, Vial 1","chrysomelids with brown head, tan pronotum, and shiny dark green elytra (6 total), possibly even Tetratoma truncorum (a tetratomid), would need to recheck that",Coleoptera,1,Chrysomelidae,,,,,,,,,,,
sgl100,medium,2025-08-12,clear vane,61,2,no,1,"100, CV61, 2025-8-12, Vial 1",black clerids with tan markings (4 total),Coleoptera,1,Cleridae,,,,,,,,,,,
sgl100,medium,2025-08-12,clear vane,61,2,no,1,"100, CV61, 2025-8-12, Vial 1",black clerids with tan markings (4 total),Coleoptera,1,Cleridae,,,,,,,,,,,
sgl100,medium,2025-08-12,clear vane,61,2,no,1,"100, CV61, 2025-8-12, Vial 1",black clerids with tan markings (4 total),Coleoptera,1,Cleridae,,,,,,,,,,,
sgl100,medium,2025-08-12,clear vane,61,2,no,1,"100, CV61, 2025-8-12, Vial 1",black clerids with tan markings (4 total),Coleoptera,1,Cleridae,,,,,,,,,,,
sgl100,medium,2025-08-12,clear vane,61,2,no,1,"100, CV61, 2025-8-12, Vial 1",tan latridiids (7 total),Coleoptera,1,Latridiidae,,,,,,,,,,,
sgl100,medium,2025-08-12,clear vane,61,2,no,1,"100, CV61, 2025-8-12, Vial 1",tan latridiids (7 total),Coleoptera,1,Latridiidae,,,,,,,,,,,
sgl100,medium,2025-08-12,clear vane,61,2,no,1,"100, CV61, 2025-8-12, Vial 1",tan latridiids (7 total),Coleoptera,1,Latridiidae,,,,,,,,,,,
sgl100,medium,2025-08-12,clear vane,61,2,no,1,"100, CV61, 2025-8-12, Vial 1",tan latridiids (7 total),Coleoptera,1,Latridiidae,,,,,,,,,,,
sgl100,medium,2025-08-12,clear vane,61,2,no,1,"100, CV61, 2025-8-12, Vial 1",tan latridiids (7 total),Coleoptera,1,Latridiidae,,,,,,,,,,,
sgl100,medium,2025-08-12,clear vane,61,2,no,1,"100, CV61, 2025-8-12, Vial 1",tan latridiids (7 total),Coleoptera,1,Latridiidae,,,,,,,,,,,
sgl100,medium,2025-08-12,clear vane,61,2,no,1,"100, CV61, 2025-8-12, Vial 1",tan latridiids (7 total),Coleoptera,1,Latridiidae,,,,,,,,,,,
sgl100,medium,2025-08-12,clear vane,61,2,no,1,"100, CV61, 2025-8-12, Vial 1",small brown ptinid,Coleoptera,1,Ptinidae,,,,,,,,,,,
sgl100,medium,2025-08-12,clear vane,61,2,no,1,"100, CV61, 2025-8-12, Vial 1","brown latridiid with toothed pronotal margin, maybe genus Corticaria, I thought it was a Cryptophagid until I counted the tarsomeres",Coleoptera,1,Latridiidae,,,,,,,,,,,
sgl100,medium,2025-08-12,clear vane,61,2,no,1,"100, CV61, 2025-8-12, Vial 1",small brown sphindids (2 total),Coleoptera,1,Sphindidae,,,,,,,,,,,
sgl100,medium,2025-08-12,clear vane,61,2,no,1,"100, CV61, 2025-8-12, Vial 1",small brown sphindids (2 total),Coleoptera,1,Sphindidae,,,,,,,,,,,
sgl100,medium,2025-08-12,clear vane,61,2,no,1,"100, CV61, 2025-8-12, Vial 1",bark beetles (7 total),Coleoptera,1,Curculionidae,,Scolytinae,,,,,,,,,
sgl100,medium,2025-08-12,clear vane,61,2,no,1,"100, CV61, 2025-8-12, Vial 1",bark beetles (7 total),Coleoptera,1,Curculionidae,,Scolytinae,,,,,,,,,
sgl100,medium,2025-08-12,clear vane,61,2,no,1,"100, CV61, 2025-8-12, Vial 1",bark beetles (7 total),Coleoptera,1,Curculionidae,,Scolytinae,,,,,,,,,
sgl100,medium,2025-08-12,clear vane,61,2,no,1,"100, CV61, 2025-8-12, Vial 1",bark beetles (7 total),Coleoptera,1,Curculionidae,,Scolytinae,,,,,,,,,
sgl100,medium,2025-08-12,clear vane,61,2,no,1,"100, CV61, 2025-8-12, Vial 1",bark beetles (7 total),Coleoptera,1,Curculionidae,,Scolytinae,,,,,,,,,
sgl100,medium,2025-08-12,clear vane,61,2,no,1,"100, CV61, 2025-8-12, Vial 1",bark beetles (7 total),Coleoptera,1,Curculionidae,,Scolytinae,,,,,,,,,
sgl100,medium,2025-08-12,clear vane,61,2,no,1,"100, CV61, 2025-8-12, Vial 1",bark beetles (7 total),Coleoptera,1,Curculionidae,,Scolytinae,,,,,,,,,
,,,,,,,,,,,,,,,,,,,,,,,
sgl100,unburned,2025-08-12,clear vane,67,2,no,1,"100, CV67, 2025-8-12, Vial 1",burying beetle,Coleoptera,1,Staphylinidae,,Silphinae,,,,,,,,,
sgl100,unburned,2025-08-12,clear vane,67,2,no,1,"100, CV67, 2025-8-12, Vial 1","large bead antennae cryptophagid, probs genus Antherophagus",Coleoptera,1,Cryptophagidae,,,,,,,,,,,
sgl100,unburned,2025-08-12,clear vane,67,2,no,1,"100, CV67, 2025-8-12, Vial 1","stumpy chrysomelid, subfam Cryptocephalinae, maybe genus Pachybrachis",Coleoptera,1,Chrysomelidae,,,,,,,,,,,
sgl100,unburned,2025-08-12,clear vane,67,2,no,1,"100, CV67, 2025-8-12, Vial 1",tan tenebrionid,Coleoptera,1,Tenebrionidae,,,,,,,,,,,
sgl100,unburned,2025-08-12,clear vane,67,2,no,1,"100, CV67, 2025-8-12, Vial 1",large brown elaterid,Coleoptera,1,Elateridae,,,,,,,,,,,
sgl100,unburned,2025-08-12,clear vane,67,2,no,1,"100, CV67, 2025-8-12, Vial 1",dark brown eucinetid,Coleoptera,1,Eucinetidae,,,,,,,,,,,
sgl100,unburned,2025-08-12,clear vane,67,2,no,1,"100, CV67, 2025-8-12, Vial 1","brown, short elytra nitidulid",Coleoptera,1,Nitidulidae,,,,,,,,,,,
sgl100,unburned,2025-08-12,clear vane,67,2,no,1,"100, CV67, 2025-8-12, Vial 1",small black staphylinid,Coleoptera,1,Staphylinidae,,,,,,,,,,,
sgl100,unburned,2025-08-12,clear vane,67,2,no,1,"100, CV67, 2025-8-12, Vial 1",unidentifiable headless beetle with one wing and one elytra,Coleoptera,1,Unknown,,,,,,,,,,,
sgl100,unburned,2025-08-12,clear vane,67,2,no,1,"100, CV67, 2025-8-12, Vial 1",bark beetle (just 1 total),Coleoptera,1,Curculionidae,,Scolytinae,,,,,,,,,
,,,,,,,,,,,,,,,,,,,,,,,
sgl176,recent,2025-08-28,clear vane,73,2,no,1,"176, CV73, 2025-08-28, Vial 1",staphylinids (6 total),Coleoptera,1,Staphylinidae,,,,,,,,,,,
sgl176,recent,2025-08-28,clear vane,73,2,no,1,"176, CV73, 2025-08-28, Vial 1",staphylinids (6 total),Coleoptera,1,Staphylinidae,,,,,,,,,,,
sgl176,recent,2025-08-28,clear vane,73,2,no,1,"176, CV73, 2025-08-28, Vial 1",staphylinids (6 total),Coleoptera,1,Staphylinidae,,,,,,,,,,,
sgl176,recent,2025-08-28,clear vane,73,2,no,1,"176, CV73, 2025-08-28, Vial 1",staphylinids (6 total),Coleoptera,1,Staphylinidae,,,,,,,,,,,
sgl176,recent,2025-08-28,clear vane,73,2,no,1,"176, CV73, 2025-08-28, Vial 1",staphylinids (6 total),Coleoptera,1,Staphylinidae,,,,,,,,,,,
sgl176,recent,2025-08-28,clear vane,73,2,no,1,"176, CV73, 2025-08-28, Vial 1",staphylinids (6 total),Coleoptera,1,Staphylinidae,,,,,,,,,,,
sgl176,recent,2025-08-28,clear vane,73,2,no,1,"176, CV73, 2025-08-28, Vial 1","brown carabid with tan edges, maybe Cymindis limbata",Coleoptera,1,Carabidae,,,,,,,,,,,
sgl176,recent,2025-08-28,clear vane,73,2,no,1,"176, CV73, 2025-08-28, Vial 1",dark latridiids (2 total),Coleoptera,1,Latridiidae,,,,,,,,,,,
sgl176,recent,2025-08-28,clear vane,73,2,no,1,"176, CV73, 2025-08-28, Vial 1",dark latridiids (2 total),Coleoptera,1,Latridiidae,,,,,,,,,,,
sgl176,recent,2025-08-28,clear vane,73,2,no,1,"176, CV73, 2025-08-28, Vial 1","brown latridiid with toothed pronotum, maybe genus Corticaria",Coleoptera,1,Latridiidae,,,,,,,,,,,
sgl176,recent,2025-08-28,clear vane,73,2,no,1,"176, CV73, 2025-08-28, Vial 1","brown tetratomid, probs genus Hallomenus",Coleoptera,1,Tetratomidae,,,,,,,,,,,
sgl176,recent,2025-08-28,clear vane,73,2,no,1,"176, CV73, 2025-08-28, Vial 1",dark brown biphyllid,Coleoptera,1,Biphyllidae,,,,,,,,,,,
sgl176,recent,2025-08-28,clear vane,73,2,no,1,"176, CV73, 2025-08-28, Vial 1","Hard ID, brown beetle with 3 pairs of orange spots (one pair small), 4-4-4 tarsi. You ID'd it as possibly Litargus sexpunctatus/Litargus tetraspilotus. Took a picture of it on February 20, 2026. Maybe genus Mycetophagus",Coleoptera,1,Mycetophagidae,,,,,,,,,,,
sgl176,recent,2025-08-28,clear vane,73,2,no,1,"176, CV73, 2025-08-28, Vial 1",bark beetles (28 total),Coleoptera,1,Curculionidae,,Scolytinae,,,,,,,,,
sgl176,recent,2025-08-28,clear vane,73,2,no,1,"176, CV73, 2025-08-28, Vial 1",bark beetles (28 total),Coleoptera,1,Curculionidae,,Scolytinae,,,,,,,,,
sgl176,recent,2025-08-28,clear vane,73,2,no,1,"176, CV73, 2025-08-28, Vial 1",bark beetles (28 total),Coleoptera,1,Curculionidae,,Scolytinae,,,,,,,,,
sgl176,recent,2025-08-28,clear vane,73,2,no,1,"176, CV73, 2025-08-28, Vial 1",bark beetles (28 total),Coleoptera,1,Curculionidae,,Scolytinae,,,,,,,,,
sgl176,recent,2025-08-28,clear vane,73,2,no,1,"176, CV73, 2025-08-28, Vial 1",bark beetles (28 total),Coleoptera,1,Curculionidae,,Scolytinae,,,,,,,,,
sgl176,recent,2025-08-28,clear vane,73,2,no,1,"176, CV73, 2025-08-28, Vial 1",bark beetles (28 total),Coleoptera,1,Curculionidae,,Scolytinae,,,,,,,,,
sgl176,recent,2025-08-28,clear vane,73,2,no,1,"176, CV73, 2025-08-28, Vial 1",bark beetles (28 total),Coleoptera,1,Curculionidae,,Scolytinae,,,,,,,,,
sgl176,recent,2025-08-28,clear vane,73,2,no,1,"176, CV73, 2025-08-28, Vial 1",bark beetles (28 total),Coleoptera,1,Curculionidae,,Scolytinae,,,,,,,,,
sgl176,recent,2025-08-28,clear vane,73,2,no,1,"176, CV73, 2025-08-28, Vial 1",bark beetles (28 total),Coleoptera,1,Curculionidae,,Scolytinae,,,,,,,,,
sgl176,recent,2025-08-28,clear vane,73,2,no,1,"176, CV73, 2025-08-28, Vial 1",bark beetles (28 total),Coleoptera,1,Curculionidae,,Scolytinae,,,,,,,,,
sgl176,recent,2025-08-28,clear vane,73,2,no,1,"176, CV73, 2025-08-28, Vial 1",bark beetles (28 total),Coleoptera,1,Curculionidae,,Scolytinae,,,,,,,,,
sgl176,recent,2025-08-28,clear vane,73,2,no,1,"176, CV73, 2025-08-28, Vial 1",bark beetles (28 total),Coleoptera,1,Curculionidae,,Scolytinae,,,,,,,,,
sgl176,recent,2025-08-28,clear vane,73,2,no,1,"176, CV73, 2025-08-28, Vial 1",bark beetles (28 total),Coleoptera,1,Curculionidae,,Scolytinae,,,,,,,,,
sgl176,recent,2025-08-28,clear vane,73,2,no,1,"176, CV73, 2025-08-28, Vial 1",bark beetles (28 total),Coleoptera,1,Curculionidae,,Scolytinae,,,,,,,,,
sgl176,recent,2025-08-28,clear vane,73,2,no,1,"176, CV73, 2025-08-28, Vial 1",bark beetles (28 total),Coleoptera,1,Curculionidae,,Scolytinae,,,,,,,,,
sgl176,recent,2025-08-28,clear vane,73,2,no,1,"176, CV73, 2025-08-28, Vial 1",bark beetles (28 total),Coleoptera,1,Curculionidae,,Scolytinae,,,,,,,,,
sgl176,recent,2025-08-28,clear vane,73,2,no,1,"176, CV73, 2025-08-28, Vial 1",bark beetles (28 total),Coleoptera,1,Curculionidae,,Scolytinae,,,,,,,,,
sgl176,recent,2025-08-28,clear vane,73,2,no,1,"176, CV73, 2025-08-28, Vial 1",bark beetles (28 total),Coleoptera,1,Curculionidae,,Scolytinae,,,,,,,,,
sgl176,recent,2025-08-28,clear vane,73,2,no,1,"176, CV73, 2025-08-28, Vial 1",bark beetles (28 total),Coleoptera,1,Curculionidae,,Scolytinae,,,,,,,,,
sgl176,recent,2025-08-28,clear vane,73,2,no,1,"176, CV73, 2025-08-28, Vial 1",bark beetles (28 total),Coleoptera,1,Curculionidae,,Scolytinae,,,,,,,,,
sgl176,recent,2025-08-28,clear vane,73,2,no,1,"176, CV73, 2025-08-28, Vial 1",bark beetles (28 total),Coleoptera,1,Curculionidae,,Scolytinae,,,,,,,,,
sgl176,recent,2025-08-28,clear vane,73,2,no,1,"176, CV73, 2025-08-28, Vial 1",bark beetles (28 total),Coleoptera,1,Curculionidae,,Scolytinae,,,,,,,,,
sgl176,recent,2025-08-28,clear vane,73,2,no,1,"176, CV73, 2025-08-28, Vial 1",bark beetles (28 total),Coleoptera,1,Curculionidae,,Scolytinae,,,,,,,,,
sgl176,recent,2025-08-28,clear vane,73,2,no,1,"176, CV73, 2025-08-28, Vial 1",bark beetles (28 total),Coleoptera,1,Curculionidae,,Scolytinae,,,,,,,,,
sgl176,recent,2025-08-28,clear vane,73,2,no,1,"176, CV73, 2025-08-28, Vial 1",bark beetles (28 total),Coleoptera,1,Curculionidae,,Scolytinae,,,,,,,,,
sgl176,recent,2025-08-28,clear vane,73,2,no,1,"176, CV73, 2025-08-28, Vial 1",bark beetles (28 total),Coleoptera,1,Curculionidae,,Scolytinae,,,,,,,,,
sgl176,recent,2025-08-28,clear vane,73,2,no,1,"176, CV73, 2025-08-28, Vial 1",bark beetles (28 total),Coleoptera,1,Curculionidae,,Scolytinae,,,,,,,,,
sgl176,recent,2025-08-28,clear vane,73,2,no,1,"176, CV73, 2025-08-28, Vial 1",bark beetles (28 total),Coleoptera,1,Curculionidae,,Scolytinae,,,,,,,,,
,,,,,,,,,,,,,,,,,,,,,,,
sgl176,medium,2025-08-28,clear vane,79,2,no,1,"176, CV79, 2025-08-28, Vial 1",burying beetle,Coleoptera,1,Staphylinidae,,Silphinae,,,,,,,,,
sgl176,medium,2025-08-28,clear vane,79,2,no,1,"176, CV79, 2025-08-28, Vial 1",tear shaped staph,Coleoptera,1,Staphylinidae,,,,,,,,,,,
sgl176,medium,2025-08-28,clear vane,79,2,no,1,"176, CV79, 2025-08-28, Vial 1",tan fragile long staph,Coleoptera,1,Staphylinidae,,,,,,,,,,,
sgl176,medium,2025-08-28,clear vane,79,2,no,1,"176, CV79, 2025-08-28, Vial 1",small black staph,Coleoptera,1,Staphylinidae,,,,,,,,,,,
sgl176,medium,2025-08-28,clear vane,79,2,no,1,"176, CV79, 2025-08-28, Vial 1",compact mottled black weevil,Coleoptera,1,Curculionidae,,,,,,,,,,,
sgl176,medium,2025-08-28,clear vane,79,2,no,1,"176, CV79, 2025-08-28, Vial 1","brown and tan tetratomid, maybe genus Hallomenus",Coleoptera,1,Tetratomidae,,,,,,,,,,,
sgl176,medium,2025-08-28,clear vane,79,2,no,1,"176, CV79, 2025-08-28, Vial 1",bark beetles (12 total),Coleoptera,1,Curculionidae,,Scolytinae,,,,,,,,,
sgl176,medium,2025-08-28,clear vane,79,2,no,1,"176, CV79, 2025-08-28, Vial 1",bark beetles (12 total),Coleoptera,1,Curculionidae,,Scolytinae,,,,,,,,,
sgl176,medium,2025-08-28,clear vane,79,2,no,1,"176, CV79, 2025-08-28, Vial 1",bark beetles (12 total),Coleoptera,1,Curculionidae,,Scolytinae,,,,,,,,,
sgl176,medium,2025-08-28,clear vane,79,2,no,1,"176, CV79, 2025-08-28, Vial 1",bark beetles (12 total),Coleoptera,1,Curculionidae,,Scolytinae,,,,,,,,,
sgl176,medium,2025-08-28,clear vane,79,2,no,1,"176, CV79, 2025-08-28, Vial 1",bark beetles (12 total),Coleoptera,1,Curculionidae,,Scolytinae,,,,,,,,,
sgl176,medium,2025-08-28,clear vane,79,2,no,1,"176, CV79, 2025-08-28, Vial 1",bark beetles (12 total),Coleoptera,1,Curculionidae,,Scolytinae,,,,,,,,,
sgl176,medium,2025-08-28,clear vane,79,2,no,1,"176, CV79, 2025-08-28, Vial 1",bark beetles (12 total),Coleoptera,1,Curculionidae,,Scolytinae,,,,,,,,,
sgl176,medium,2025-08-28,clear vane,79,2,no,1,"176, CV79, 2025-08-28, Vial 1",bark beetles (12 total),Coleoptera,1,Curculionidae,,Scolytinae,,,,,,,,,
sgl176,medium,2025-08-28,clear vane,79,2,no,1,"176, CV79, 2025-08-28, Vial 1",bark beetles (12 total),Coleoptera,1,Curculionidae,,Scolytinae,,,,,,,,,
sgl176,medium,2025-08-28,clear vane,79,2,no,1,"176, CV79, 2025-08-28, Vial 1",bark beetles (12 total),Coleoptera,1,Curculionidae,,Scolytinae,,,,,,,,,
sgl176,medium,2025-08-28,clear vane,79,2,no,1,"176, CV79, 2025-08-28, Vial 1",bark beetles (12 total),Coleoptera,1,Curculionidae,,Scolytinae,,,,,,,,,
sgl176,medium,2025-08-28,clear vane,79,2,no,1,"176, CV79, 2025-08-28, Vial 1",bark beetles (12 total),Coleoptera,1,Curculionidae,,Scolytinae,,,,,,,,,
,,,,,,,,,,,,,,,,,,,,,,,
sgl176,unburned,2025-08-28,clear vane,85,2,no,1,"176, CV85, 2025-08-28, Vial 1",small dark staphylinids (2 total),Coleoptera,1,Staphylinidae,,,,,,,,,,,
sgl176,unburned,2025-08-28,clear vane,85,2,no,1,"176, CV85, 2025-08-28, Vial 1",small dark staphylinids (2 total),Coleoptera,1,Staphylinidae,,,,,,,,,,,
sgl176,unburned,2025-08-28,clear vane,85,2,no,1,"176, CV85, 2025-08-28, Vial 1",large brown elaterid,Coleoptera,1,Elateridae,,,,,,,,,,,
sgl176,unburned,2025-08-28,clear vane,85,2,no,1,"Separate Vial - 176, CV85, 2025-08-28",round brown anamorphid! put in a small separate vial for vouchering,Coleoptera,1,Anamorphidae,,,,,,,,,,,
sgl176,unburned,2025-08-28,clear vane,85,2,no,1,"176, CV85, 2025-08-28, Vial 1",black clerid with tan markings,Coleoptera,1,Cleridae,,,,,,,,,,,
sgl176,unburned,2025-08-28,clear vane,85,2,no,1,"176, CV85, 2025-08-28, Vial 1",smooth black beetle with Nitidulid-esque compact club and a large orange heart on elytra. Probs Aporotritoma pulchra,Coleoptera,1,Erotylidae,,,,,,,,,,,
sgl176,unburned,2025-08-28,clear vane,85,2,no,1,"176, CV85, 2025-08-28, Vial 1",bark beetles (5 total),Coleoptera,1,Curculionidae,,Scolytinae,,,,,,,,,
sgl176,unburned,2025-08-28,clear vane,85,2,no,1,"176, CV85, 2025-08-28, Vial 1",bark beetles (5 total),Coleoptera,1,Curculionidae,,Scolytinae,,,,,,,,,
sgl176,unburned,2025-08-28,clear vane,85,2,no,1,"176, CV85, 2025-08-28, Vial 1",bark beetles (5 total),Coleoptera,1,Curculionidae,,Scolytinae,,,,,,,,,
sgl176,unburned,2025-08-28,clear vane,85,2,no,1,"176, CV85, 2025-08-28, Vial 1",bark beetles (5 total),Coleoptera,1,Curculionidae,,Scolytinae,,,,,,,,,
sgl176,unburned,2025-08-28,clear vane,85,2,no,1,"176, CV85, 2025-08-28, Vial 1",bark beetles (5 total),Coleoptera,1,Curculionidae,,Scolytinae,,,,,,,,,
,,,,,,,,,,,,,,,,,,,,,,,
sgl322,unburned,2025-06-10,clear vane,16,1,no,1,"322, CV16, 2025-6-10, Vial 1",burying beetle,Coleoptera,1,Staphylinidae,,Silphinae,,,,,,,,,
sgl322,unburned,2025-06-10,clear vane,16,1,no,1,"322, CV16, 2025-6-10, Vial 1",phengodids with large biramous antennae and falcate mandibles (2 total),Coleoptera,1,Phengodidae,,,,,,,,,,,
sgl322,unburned,2025-06-10,clear vane,16,1,no,1,"322, CV16, 2025-6-10, Vial 1",phengodids with large biramous antennae and falcate mandibles (2 total),Coleoptera,1,Phengodidae,,,,,,,,,,,
sgl322,unburned,2025-06-10,clear vane,16,1,no,1,"322, CV16, 2025-6-10, Vial 1",bark beetles (102 total),Coleoptera,1,Curculionidae,,Scolytinae,,,,,,,,,
sgl322,unburned,2025-06-10,clear vane,16,1,no,1,"322, CV16, 2025-6-10, Vial 1",bark beetles (102 total),Coleoptera,1,Curculionidae,,Scolytinae,,,,,,,,,
sgl322,unburned,2025-06-10,clear vane,16,1,no,1,"322, CV16, 2025-6-10, Vial 1",bark beetles (102 total),Coleoptera,1,Curculionidae,,Scolytinae,,,,,,,,,
sgl322,unburned,2025-06-10,clear vane,16,1,no,1,"322, CV16, 2025-6-10, Vial 1",bark beetles (102 total),Coleoptera,1,Curculionidae,,Scolytinae,,,,,,,,,
sgl322,unburned,2025-06-10,clear vane,16,1,no,1,"322, CV16, 2025-6-10, Vial 1",bark beetles (102 total),Coleoptera,1,Curculionidae,,Scolytinae,,,,,,,,,
sgl322,unburned,2025-06-10,clear vane,16,1,no,1,"322, CV16, 2025-6-10, Vial 1",bark beetles (102 total),Coleoptera,1,Curculionidae,,Scolytinae,,,,,,,,,
sgl322,unburned,2025-06-10,clear vane,16,1,no,1,"322, CV16, 2025-6-10, Vial 1",bark beetles (102 total),Coleoptera,1,Curculionidae,,Scolytinae,,,,,,,,,
sgl322,unburned,2025-06-10,clear vane,16,1,no,1,"322, CV16, 2025-6-10, Vial 1",bark beetles (102 total),Coleoptera,1,Curculionidae,,Scolytinae,,,,,,,,,
sgl322,unburned,2025-06-10,clear vane,16,1,no,1,"322, CV16, 2025-6-10, Vial 1",bark beetles (102 total),Coleoptera,1,Curculionidae,,Scolytinae,,,,,,,,,
sgl322,unburned,2025-06-10,clear vane,16,1,no,1,"322, CV16, 2025-6-10, Vial 1",bark beetles (102 total),Coleoptera,1,Curculionidae,,Scolytinae,,,,,,,,,
sgl322,unburned,2025-06-10,clear vane,16,1,no,1,"322, CV16, 2025-6-10, Vial 1",bark beetles (102 total),Coleoptera,1,Curculionidae,,Scolytinae,,,,,,,,,
sgl322,unburned,2025-06-10,clear vane,16,1,no,1,"322, CV16, 2025-6-10, Vial 1",bark beetles (102 total),Coleoptera,1,Curculionidae,,Scolytinae,,,,,,,,,
sgl322,unburned,2025-06-10,clear vane,16,1,no,1,"322, CV16, 2025-6-10, Vial 1",bark beetles (102 total),Coleoptera,1,Curculionidae,,Scolytinae,,,,,,,,,
sgl322,unburned,2025-06-10,clear vane,16,1,no,1,"322, CV16, 2025-6-10, Vial 1",bark beetles (102 total),Coleoptera,1,Curculionidae,,Scolytinae,,,,,,,,,
sgl322,unburned,2025-06-10,clear vane,16,1,no,1,"322, CV16, 2025-6-10, Vial 1",bark beetles (102 total),Coleoptera,1,Curculionidae,,Scolytinae,,,,,,,,,
sgl322,unburned,2025-06-10,clear vane,16,1,no,1,"322, CV16, 2025-6-10, Vial 1",bark beetles (102 total),Coleoptera,1,Curculionidae,,Scolytinae,,,,,,,,,
sgl322,unburned,2025-06-10,clear vane,16,1,no,1,"322, CV16, 2025-6-10, Vial 1",bark beetles (102 total),Coleoptera,1,Curculionidae,,Scolytinae,,,,,,,,,
sgl322,unburned,2025-06-10,clear vane,16,1,no,1,"322, CV16, 2025-6-10, Vial 1",bark beetles (102 total),Coleoptera,1,Curculionidae,,Scolytinae,,,,,,,,,
sgl322,unburned,2025-06-10,clear vane,16,1,no,1,"322, CV16, 2025-6-10, Vial 1",bark beetles (102 total),Coleoptera,1,Curculionidae,,Scolytinae,,,,,,,,,
sgl322,unburned,2025-06-10,clear vane,16,1,no,1,"322, CV16, 2025-6-10, Vial 1",bark beetles (102 total),Coleoptera,1,Curculionidae,,Scolytinae,,,,,,,,,
sgl322,unburned,2025-06-10,clear vane,16,1,no,1,"322, CV16, 2025-6-10, Vial 1",bark beetles (102 total),Coleoptera,1,Curculionidae,,Scolytinae,,,,,,,,,
sgl322,unburned,2025-06-10,clear vane,16,1,no,1,"322, CV16, 2025-6-10, Vial 1",bark beetles (102 total),Coleoptera,1,Curculionidae,,Scolytinae,,,,,,,,,
sgl322,unburned,2025-06-10,clear vane,16,1,no,1,"322, CV16, 2025-6-10, Vial 1",bark beetles (102 total),Coleoptera,1,Curculionidae,,Scolytinae,,,,,,,,,
sgl322,unburned,2025-06-10,clear vane,16,1,no,1,"322, CV16, 2025-6-10, Vial 1",bark beetles (102 total),Coleoptera,1,Curculionidae,,Scolytinae,,,,,,,,,
sgl322,unburned,2025-06-10,clear vane,16,1,no,1,"322, CV16, 2025-6-10, Vial 1",bark beetles (102 total),Coleoptera,1,Curculionidae,,Scolytinae,,,,,,,,,
sgl322,unburned,2025-06-10,clear vane,16,1,no,1,"322, CV16, 2025-6-10, Vial 1",bark beetles (102 total),Coleoptera,1,Curculionidae,,Scolytinae,,,,,,,,,
sgl322,unburned,2025-06-10,clear vane,16,1,no,1,"322, CV16, 2025-6-10, Vial 1",bark beetles (102 total),Coleoptera,1,Curculionidae,,Scolytinae,,,,,,,,,
sgl322,unburned,2025-06-10,clear vane,16,1,no,1,"322, CV16, 2025-6-10, Vial 1",bark beetles (102 total),Coleoptera,1,Curculionidae,,Scolytinae,,,,,,,,,
sgl322,unburned,2025-06-10,clear vane,16,1,no,1,"322, CV16, 2025-6-10, Vial 1",bark beetles (102 total),Coleoptera,1,Curculionidae,,Scolytinae,,,,,,,,,
sgl322,unburned,2025-06-10,clear vane,16,1,no,1,"322, CV16, 2025-6-10, Vial 1",bark beetles (102 total),Coleoptera,1,Curculionidae,,Scolytinae,,,,,,,,,
sgl322,unburned,2025-06-10,clear vane,16,1,no,1,"322, CV16, 2025-6-10, Vial 1",bark beetles (102 total),Coleoptera,1,Curculionidae,,Scolytinae,,,,,,,,,
sgl322,unburned,2025-06-10,clear vane,16,1,no,1,"322, CV16, 2025-6-10, Vial 1",bark beetles (102 total),Coleoptera,1,Curculionidae,,Scolytinae,,,,,,,,,
sgl322,unburned,2025-06-10,clear vane,16,1,no,1,"322, CV16, 2025-6-10, Vial 1",bark beetles (102 total),Coleoptera,1,Curculionidae,,Scolytinae,,,,,,,,,
sgl322,unburned,2025-06-10,clear vane,16,1,no,1,"322, CV16, 2025-6-10, Vial 1",bark beetles (102 total),Coleoptera,1,Curculionidae,,Scolytinae,,,,,,,,,
sgl322,unburned,2025-06-10,clear vane,16,1,no,1,"322, CV16, 2025-6-10, Vial 1",bark beetles (102 total),Coleoptera,1,Curculionidae,,Scolytinae,,,,,,,,,
sgl322,unburned,2025-06-10,clear vane,16,1,no,1,"322, CV16, 2025-6-10, Vial 1",bark beetles (102 total),Coleoptera,1,Curculionidae,,Scolytinae,,,,,,,,,
sgl322,unburned,2025-06-10,clear vane,16,1,no,1,"322, CV16, 2025-6-10, Vial 1",bark beetles (102 total),Coleoptera,1,Curculionidae,,Scolytinae,,,,,,,,,
sgl322,unburned,2025-06-10,clear vane,16,1,no,1,"322, CV16, 2025-6-10, Vial 1",bark beetles (102 total),Coleoptera,1,Curculionidae,,Scolytinae,,,,,,,,,
sgl322,unburned,2025-06-10,clear vane,16,1,no,1,"322, CV16, 2025-6-10, Vial 1",bark beetles (102 total),Coleoptera,1,Curculionidae,,Scolytinae,,,,,,,,,
sgl322,unburned,2025-06-10,clear vane,16,1,no,1,"322, CV16, 2025-6-10, Vial 1",bark beetles (102 total),Coleoptera,1,Curculionidae,,Scolytinae,,,,,,,,,
sgl322,unburned,2025-06-10,clear vane,16,1,no,1,"322, CV16, 2025-6-10, Vial 1",bark beetles (102 total),Coleoptera,1,Curculionidae,,Scolytinae,,,,,,,,,
sgl322,unburned,2025-06-10,clear vane,16,1,no,1,"322, CV16, 2025-6-10, Vial 1",bark beetles (102 total),Coleoptera,1,Curculionidae,,Scolytinae,,,,,,,,,
sgl322,unburned,2025-06-10,clear vane,16,1,no,1,"322, CV16, 2025-6-10, Vial 1",bark beetles (102 total),Coleoptera,1,Curculionidae,,Scolytinae,,,,,,,,,
sgl322,unburned,2025-06-10,clear vane,16,1,no,1,"322, CV16, 2025-6-10, Vial 1",bark beetles (102 total),Coleoptera,1,Curculionidae,,Scolytinae,,,,,,,,,
sgl322,unburned,2025-06-10,clear vane,16,1,no,1,"322, CV16, 2025-6-10, Vial 1",bark beetles (102 total),Coleoptera,1,Curculionidae,,Scolytinae,,,,,,,,,
sgl322,unburned,2025-06-10,clear vane,16,1,no,1,"322, CV16, 2025-6-10, Vial 1",bark beetles (102 total),Coleoptera,1,Curculionidae,,Scolytinae,,,,,,,,,
sgl322,unburned,2025-06-10,clear vane,16,1,no,1,"322, CV16, 2025-6-10, Vial 1",bark beetles (102 total),Coleoptera,1,Curculionidae,,Scolytinae,,,,,,,,,
sgl322,unburned,2025-06-10,clear vane,16,1,no,1,"322, CV16, 2025-6-10, Vial 1",bark beetles (102 total),Coleoptera,1,Curculionidae,,Scolytinae,,,,,,,,,
sgl322,unburned,2025-06-10,clear vane,16,1,no,1,"322, CV16, 2025-6-10, Vial 1",bark beetles (102 total),Coleoptera,1,Curculionidae,,Scolytinae,,,,,,,,,
sgl322,unburned,2025-06-10,clear vane,16,1,no,1,"322, CV16, 2025-6-10, Vial 1",bark beetles (102 total),Coleoptera,1,Curculionidae,,Scolytinae,,,,,,,,,
sgl322,unburned,2025-06-10,clear vane,16,1,no,1,"322, CV16, 2025-6-10, Vial 1",bark beetles (102 total),Coleoptera,1,Curculionidae,,Scolytinae,,,,,,,,,
sgl322,unburned,2025-06-10,clear vane,16,1,no,1,"322, CV16, 2025-6-10, Vial 1",bark beetles (102 total),Coleoptera,1,Curculionidae,,Scolytinae,,,,,,,,,
sgl322,unburned,2025-06-10,clear vane,16,1,no,1,"322, CV16, 2025-6-10, Vial 1",bark beetles (102 total),Coleoptera,1,Curculionidae,,Scolytinae,,,,,,,,,
sgl322,unburned,2025-06-10,clear vane,16,1,no,1,"322, CV16, 2025-6-10, Vial 1",bark beetles (102 total),Coleoptera,1,Curculionidae,,Scolytinae,,,,,,,,,
sgl322,unburned,2025-06-10,clear vane,16,1,no,1,"322, CV16, 2025-6-10, Vial 1",bark beetles (102 total),Coleoptera,1,Curculionidae,,Scolytinae,,,,,,,,,
sgl322,unburned,2025-06-10,clear vane,16,1,no,1,"322, CV16, 2025-6-10, Vial 1",bark beetles (102 total),Coleoptera,1,Curculionidae,,Scolytinae,,,,,,,,,
sgl322,unburned,2025-06-10,clear vane,16,1,no,1,"322, CV16, 2025-6-10, Vial 1",bark beetles (102 total),Coleoptera,1,Curculionidae,,Scolytinae,,,,,,,,,
sgl322,unburned,2025-06-10,clear vane,16,1,no,1,"322, CV16, 2025-6-10, Vial 1",bark beetles (102 total),Coleoptera,1,Curculionidae,,Scolytinae,,,,,,,,,
sgl322,unburned,2025-06-10,clear vane,16,1,no,1,"322, CV16, 2025-6-10, Vial 1",bark beetles (102 total),Coleoptera,1,Curculionidae,,Scolytinae,,,,,,,,,
sgl322,unburned,2025-06-10,clear vane,16,1,no,1,"322, CV16, 2025-6-10, Vial 1",bark beetles (102 total),Coleoptera,1,Curculionidae,,Scolytinae,,,,,,,,,
sgl322,unburned,2025-06-10,clear vane,16,1,no,1,"322, CV16, 2025-6-10, Vial 1",bark beetles (102 total),Coleoptera,1,Curculionidae,,Scolytinae,,,,,,,,,
sgl322,unburned,2025-06-10,clear vane,16,1,no,1,"322, CV16, 2025-6-10, Vial 1",bark beetles (102 total),Coleoptera,1,Curculionidae,,Scolytinae,,,,,,,,,
sgl322,unburned,2025-06-10,clear vane,16,1,no,1,"322, CV16, 2025-6-10, Vial 1",bark beetles (102 total),Coleoptera,1,Curculionidae,,Scolytinae,,,,,,,,,
sgl322,unburned,2025-06-10,clear vane,16,1,no,1,"322, CV16, 2025-6-10, Vial 1",bark beetles (102 total),Coleoptera,1,Curculionidae,,Scolytinae,,,,,,,,,
sgl322,unburned,2025-06-10,clear vane,16,1,no,1,"322, CV16, 2025-6-10, Vial 1",bark beetles (102 total),Coleoptera,1,Curculionidae,,Scolytinae,,,,,,,,,
sgl322,unburned,2025-06-10,clear vane,16,1,no,1,"322, CV16, 2025-6-10, Vial 1",bark beetles (102 total),Coleoptera,1,Curculionidae,,Scolytinae,,,,,,,,,
sgl322,unburned,2025-06-10,clear vane,16,1,no,1,"322, CV16, 2025-6-10, Vial 1",bark beetles (102 total),Coleoptera,1,Curculionidae,,Scolytinae,,,,,,,,,
sgl322,unburned,2025-06-10,clear vane,16,1,no,1,"322, CV16, 2025-6-10, Vial 1",bark beetles (102 total),Coleoptera,1,Curculionidae,,Scolytinae,,,,,,,,,
sgl322,unburned,2025-06-10,clear vane,16,1,no,1,"322, CV16, 2025-6-10, Vial 1",bark beetles (102 total),Coleoptera,1,Curculionidae,,Scolytinae,,,,,,,,,
sgl322,unburned,2025-06-10,clear vane,16,1,no,1,"322, CV16, 2025-6-10, Vial 1",bark beetles (102 total),Coleoptera,1,Curculionidae,,Scolytinae,,,,,,,,,
sgl322,unburned,2025-06-10,clear vane,16,1,no,1,"322, CV16, 2025-6-10, Vial 1",bark beetles (102 total),Coleoptera,1,Curculionidae,,Scolytinae,,,,,,,,,
sgl322,unburned,2025-06-10,clear vane,16,1,no,1,"322, CV16, 2025-6-10, Vial 1",bark beetles (102 total),Coleoptera,1,Curculionidae,,Scolytinae,,,,,,,,,
sgl322,unburned,2025-06-10,clear vane,16,1,no,1,"322, CV16, 2025-6-10, Vial 1",bark beetles (102 total),Coleoptera,1,Curculionidae,,Scolytinae,,,,,,,,,
sgl322,unburned,2025-06-10,clear vane,16,1,no,1,"322, CV16, 2025-6-10, Vial 1",bark beetles (102 total),Coleoptera,1,Curculionidae,,Scolytinae,,,,,,,,,
sgl322,unburned,2025-06-10,clear vane,16,1,no,1,"322, CV16, 2025-6-10, Vial 1",bark beetles (102 total),Coleoptera,1,Curculionidae,,Scolytinae,,,,,,,,,
sgl322,unburned,2025-06-10,clear vane,16,1,no,1,"322, CV16, 2025-6-10, Vial 1",bark beetles (102 total),Coleoptera,1,Curculionidae,,Scolytinae,,,,,,,,,
sgl322,unburned,2025-06-10,clear vane,16,1,no,1,"322, CV16, 2025-6-10, Vial 1",bark beetles (102 total),Coleoptera,1,Curculionidae,,Scolytinae,,,,,,,,,
sgl322,unburned,2025-06-10,clear vane,16,1,no,1,"322, CV16, 2025-6-10, Vial 1",bark beetles (102 total),Coleoptera,1,Curculionidae,,Scolytinae,,,,,,,,,
sgl322,unburned,2025-06-10,clear vane,16,1,no,1,"322, CV16, 2025-6-10, Vial 1",bark beetles (102 total),Coleoptera,1,Curculionidae,,Scolytinae,,,,,,,,,
sgl322,unburned,2025-06-10,clear vane,16,1,no,1,"322, CV16, 2025-6-10, Vial 1",bark beetles (102 total),Coleoptera,1,Curculionidae,,Scolytinae,,,,,,,,,
sgl322,unburned,2025-06-10,clear vane,16,1,no,1,"322, CV16, 2025-6-10, Vial 1",bark beetles (102 total),Coleoptera,1,Curculionidae,,Scolytinae,,,,,,,,,
sgl322,unburned,2025-06-10,clear vane,16,1,no,1,"322, CV16, 2025-6-10, Vial 1",bark beetles (102 total),Coleoptera,1,Curculionidae,,Scolytinae,,,,,,,,,
sgl322,unburned,2025-06-10,clear vane,16,1,no,1,"322, CV16, 2025-6-10, Vial 1",bark beetles (102 total),Coleoptera,1,Curculionidae,,Scolytinae,,,,,,,,,
sgl322,unburned,2025-06-10,clear vane,16,1,no,1,"322, CV16, 2025-6-10, Vial 1",bark beetles (102 total),Coleoptera,1,Curculionidae,,Scolytinae,,,,,,,,,
sgl322,unburned,2025-06-10,clear vane,16,1,no,1,"322, CV16, 2025-6-10, Vial 1",bark beetles (102 total),Coleoptera,1,Curculionidae,,Scolytinae,,,,,,,,,
sgl322,unburned,2025-06-10,clear vane,16,1,no,1,"322, CV16, 2025-6-10, Vial 1",bark beetles (102 total),Coleoptera,1,Curculionidae,,Scolytinae,,,,,,,,,
sgl322,unburned,2025-06-10,clear vane,16,1,no,1,"322, CV16, 2025-6-10, Vial 1",bark beetles (102 total),Coleoptera,1,Curculionidae,,Scolytinae,,,,,,,,,
sgl322,unburned,2025-06-10,clear vane,16,1,no,1,"322, CV16, 2025-6-10, Vial 1",bark beetles (102 total),Coleoptera,1,Curculionidae,,Scolytinae,,,,,,,,,
sgl322,unburned,2025-06-10,clear vane,16,1,no,1,"322, CV16, 2025-6-10, Vial 1",bark beetles (102 total),Coleoptera,1,Curculionidae,,Scolytinae,,,,,,,,,
sgl322,unburned,2025-06-10,clear vane,16,1,no,1,"322, CV16, 2025-6-10, Vial 1",bark beetles (102 total),Coleoptera,1,Curculionidae,,Scolytinae,,,,,,,,,
sgl322,unburned,2025-06-10,clear vane,16,1,no,1,"322, CV16, 2025-6-10, Vial 1",bark beetles (102 total),Coleoptera,1,Curculionidae,,Scolytinae,,,,,,,,,
sgl322,unburned,2025-06-10,clear vane,16,1,no,1,"322, CV16, 2025-6-10, Vial 1",bark beetles (102 total),Coleoptera,1,Curculionidae,,Scolytinae,,,,,,,,,
sgl322,unburned,2025-06-10,clear vane,16,1,no,1,"322, CV16, 2025-6-10, Vial 1",bark beetles (102 total),Coleoptera,1,Curculionidae,,Scolytinae,,,,,,,,,
sgl322,unburned,2025-06-10,clear vane,16,1,no,1,"322, CV16, 2025-6-10, Vial 1",bark beetles (102 total),Coleoptera,1,Curculionidae,,Scolytinae,,,,,,,,,
sgl322,unburned,2025-06-10,clear vane,16,1,no,1,"322, CV16, 2025-6-10, Vial 1",bark beetles (102 total),Coleoptera,1,Curculionidae,,Scolytinae,,,,,,,,,
sgl322,unburned,2025-06-10,clear vane,16,1,no,1,"322, CV16, 2025-6-10, Vial 1",bark beetles (102 total),Coleoptera,1,Curculionidae,,Scolytinae,,,,,,,,,
sgl322,unburned,2025-06-10,clear vane,16,1,no,1,"322, CV16, 2025-6-10, Vial 1",bark beetles (102 total),Coleoptera,1,Curculionidae,,Scolytinae,,,,,,,,,
sgl322,unburned,2025-06-10,clear vane,16,1,no,1,"322, CV16, 2025-6-10, Vial 1",bark beetles (102 total),Coleoptera,1,Curculionidae,,Scolytinae,,,,,,,,,
sgl322,unburned,2025-06-10,clear vane,16,1,no,1,"322, CV16, 2025-6-10, Vial 1",bark beetles (102 total),Coleoptera,1,Curculionidae,,Scolytinae,,,,,,,,,
sgl322,unburned,2025-06-10,clear vane,16,1,no,1,"322, CV16, 2025-6-10, Vial 1",bark beetles (102 total),Coleoptera,1,Curculionidae,,Scolytinae,,,,,,,,,
sgl322,unburned,2025-06-10,clear vane,16,1,no,1,"322, CV16, 2025-6-10, Vial 1",bark beetles (102 total),Coleoptera,1,Curculionidae,,Scolytinae,,,,,,,,,
sgl322,unburned,2025-06-10,clear vane,16,1,no,1,"322, CV16, 2025-6-10, Vial 1",bark beetles (102 total),Coleoptera,1,Curculionidae,,Scolytinae,,,,,,,,,
sgl322,unburned,2025-06-10,clear vane,16,1,no,1,"322, CV16, 2025-6-10, Vial 1","clay red staphylinids (34 total), maybe genus Thoracophorus",Coleoptera,1,Staphylinidae,,,,,,,,,,,
sgl322,unburned,2025-06-10,clear vane,16,1,no,1,"322, CV16, 2025-6-10, Vial 1","clay red staphylinids (34 total), maybe genus Thoracophorus",Coleoptera,1,Staphylinidae,,,,,,,,,,,
sgl322,unburned,2025-06-10,clear vane,16,1,no,1,"322, CV16, 2025-6-10, Vial 1","clay red staphylinids (34 total), maybe genus Thoracophorus",Coleoptera,1,Staphylinidae,,,,,,,,,,,
sgl322,unburned,2025-06-10,clear vane,16,1,no,1,"322, CV16, 2025-6-10, Vial 1","clay red staphylinids (34 total), maybe genus Thoracophorus",Coleoptera,1,Staphylinidae,,,,,,,,,,,
sgl322,unburned,2025-06-10,clear vane,16,1,no,1,"322, CV16, 2025-6-10, Vial 1","clay red staphylinids (34 total), maybe genus Thoracophorus",Coleoptera,1,Staphylinidae,,,,,,,,,,,
sgl322,unburned,2025-06-10,clear vane,16,1,no,1,"322, CV16, 2025-6-10, Vial 1","clay red staphylinids (34 total), maybe genus Thoracophorus",Coleoptera,1,Staphylinidae,,,,,,,,,,,
sgl322,unburned,2025-06-10,clear vane,16,1,no,1,"322, CV16, 2025-6-10, Vial 1","clay red staphylinids (34 total), maybe genus Thoracophorus",Coleoptera,1,Staphylinidae,,,,,,,,,,,
sgl322,unburned,2025-06-10,clear vane,16,1,no,1,"322, CV16, 2025-6-10, Vial 1","clay red staphylinids (34 total), maybe genus Thoracophorus",Coleoptera,1,Staphylinidae,,,,,,,,,,,
sgl322,unburned,2025-06-10,clear vane,16,1,no,1,"322, CV16, 2025-6-10, Vial 1","clay red staphylinids (34 total), maybe genus Thoracophorus",Coleoptera,1,Staphylinidae,,,,,,,,,,,
sgl322,unburned,2025-06-10,clear vane,16,1,no,1,"322, CV16, 2025-6-10, Vial 1","clay red staphylinids (34 total), maybe genus Thoracophorus",Coleoptera,1,Staphylinidae,,,,,,,,,,,
sgl322,unburned,2025-06-10,clear vane,16,1,no,1,"322, CV16, 2025-6-10, Vial 1","clay red staphylinids (34 total), maybe genus Thoracophorus",Coleoptera,1,Staphylinidae,,,,,,,,,,,
sgl322,unburned,2025-06-10,clear vane,16,1,no,1,"322, CV16, 2025-6-10, Vial 1","clay red staphylinids (34 total), maybe genus Thoracophorus",Coleoptera,1,Staphylinidae,,,,,,,,,,,
sgl322,unburned,2025-06-10,clear vane,16,1,no,1,"322, CV16, 2025-6-10, Vial 1","clay red staphylinids (34 total), maybe genus Thoracophorus",Coleoptera,1,Staphylinidae,,,,,,,,,,,
sgl322,unburned,2025-06-10,clear vane,16,1,no,1,"322, CV16, 2025-6-10, Vial 1","clay red staphylinids (34 total), maybe genus Thoracophorus",Coleoptera,1,Staphylinidae,,,,,,,,,,,
sgl322,unburned,2025-06-10,clear vane,16,1,no,1,"322, CV16, 2025-6-10, Vial 1","clay red staphylinids (34 total), maybe genus Thoracophorus",Coleoptera,1,Staphylinidae,,,,,,,,,,,
sgl322,unburned,2025-06-10,clear vane,16,1,no,1,"322, CV16, 2025-6-10, Vial 1","clay red staphylinids (34 total), maybe genus Thoracophorus",Coleoptera,1,Staphylinidae,,,,,,,,,,,
sgl322,unburned,2025-06-10,clear vane,16,1,no,1,"322, CV16, 2025-6-10, Vial 1","clay red staphylinids (34 total), maybe genus Thoracophorus",Coleoptera,1,Staphylinidae,,,,,,,,,,,
sgl322,unburned,2025-06-10,clear vane,16,1,no,1,"322, CV16, 2025-6-10, Vial 1","clay red staphylinids (34 total), maybe genus Thoracophorus",Coleoptera,1,Staphylinidae,,,,,,,,,,,
sgl322,unburned,2025-06-10,clear vane,16,1,no,1,"322, CV16, 2025-6-10, Vial 1","clay red staphylinids (34 total), maybe genus Thoracophorus",Coleoptera,1,Staphylinidae,,,,,,,,,,,
sgl322,unburned,2025-06-10,clear vane,16,1,no,1,"322, CV16, 2025-6-10, Vial 1","clay red staphylinids (34 total), maybe genus Thoracophorus",Coleoptera,1,Staphylinidae,,,,,,,,,,,
sgl322,unburned,2025-06-10,clear vane,16,1,no,1,"322, CV16, 2025-6-10, Vial 1","clay red staphylinids (34 total), maybe genus Thoracophorus",Coleoptera,1,Staphylinidae,,,,,,,,,,,
sgl322,unburned,2025-06-10,clear vane,16,1,no,1,"322, CV16, 2025-6-10, Vial 1","clay red staphylinids (34 total), maybe genus Thoracophorus",Coleoptera,1,Staphylinidae,,,,,,,,,,,
sgl322,unburned,2025-06-10,clear vane,16,1,no,1,"322, CV16, 2025-6-10, Vial 1","clay red staphylinids (34 total), maybe genus Thoracophorus",Coleoptera,1,Staphylinidae,,,,,,,,,,,
sgl322,unburned,2025-06-10,clear vane,16,1,no,1,"322, CV16, 2025-6-10, Vial 1","clay red staphylinids (34 total), maybe genus Thoracophorus",Coleoptera,1,Staphylinidae,,,,,,,,,,,
sgl322,unburned,2025-06-10,clear vane,16,1,no,1,"322, CV16, 2025-6-10, Vial 1","clay red staphylinids (34 total), maybe genus Thoracophorus",Coleoptera,1,Staphylinidae,,,,,,,,,,,
sgl322,unburned,2025-06-10,clear vane,16,1,no,1,"322, CV16, 2025-6-10, Vial 1","clay red staphylinids (34 total), maybe genus Thoracophorus",Coleoptera,1,Staphylinidae,,,,,,,,,,,
sgl322,unburned,2025-06-10,clear vane,16,1,no,1,"322, CV16, 2025-6-10, Vial 1","clay red staphylinids (34 total), maybe genus Thoracophorus",Coleoptera,1,Staphylinidae,,,,,,,,,,,
sgl322,unburned,2025-06-10,clear vane,16,1,no,1,"322, CV16, 2025-6-10, Vial 1","clay red staphylinids (34 total), maybe genus Thoracophorus",Coleoptera,1,Staphylinidae,,,,,,,,,,,
sgl322,unburned,2025-06-10,clear vane,16,1,no,1,"322, CV16, 2025-6-10, Vial 1","clay red staphylinids (34 total), maybe genus Thoracophorus",Coleoptera,1,Staphylinidae,,,,,,,,,,,
sgl322,unburned,2025-06-10,clear vane,16,1,no,1,"322, CV16, 2025-6-10, Vial 1","clay red staphylinids (34 total), maybe genus Thoracophorus",Coleoptera,1,Staphylinidae,,,,,,,,,,,
sgl322,unburned,2025-06-10,clear vane,16,1,no,1,"322, CV16, 2025-6-10, Vial 1","clay red staphylinids (34 total), maybe genus Thoracophorus",Coleoptera,1,Staphylinidae,,,,,,,,,,,
sgl322,unburned,2025-06-10,clear vane,16,1,no,1,"322, CV16, 2025-6-10, Vial 1","clay red staphylinids (34 total), maybe genus Thoracophorus",Coleoptera,1,Staphylinidae,,,,,,,,,,,
sgl322,unburned,2025-06-10,clear vane,16,1,no,1,"322, CV16, 2025-6-10, Vial 1","clay red staphylinids (34 total), maybe genus Thoracophorus",Coleoptera,1,Staphylinidae,,,,,,,,,,,
sgl322,unburned,2025-06-10,clear vane,16,1,no,1,"322, CV16, 2025-6-10, Vial 1","clay red staphylinids (34 total), maybe genus Thoracophorus",Coleoptera,1,Staphylinidae,,,,,,,,,,,
sgl322,unburned,2025-06-10,clear vane,16,1,no,1,"322, CV16, 2025-6-10, Vial 1",tan scarabs (3 total),Coleoptera,1,Scarabaeidae,,,,,,,,,,,
sgl322,unburned,2025-06-10,clear vane,16,1,no,1,"322, CV16, 2025-6-10, Vial 1",tan scarabs (3 total),Coleoptera,1,Scarabaeidae,,,,,,,,,,,
sgl322,unburned,2025-06-10,clear vane,16,1,no,1,"322, CV16, 2025-6-10, Vial 1",tan scarabs (3 total),Coleoptera,1,Scarabaeidae,,,,,,,,,,,
sgl322,unburned,2025-06-10,clear vane,16,1,no,1,"322, CV16, 2025-6-10, Vial 1",black cerambycids with yellow markings (4 total),Coleoptera,1,Cerambycidae,,,,,,,,,,,
sgl322,unburned,2025-06-10,clear vane,16,1,no,1,"322, CV16, 2025-6-10, Vial 1",black cerambycids with yellow markings (4 total),Coleoptera,1,Cerambycidae,,,,,,,,,,,
sgl322,unburned,2025-06-10,clear vane,16,1,no,1,"322, CV16, 2025-6-10, Vial 1",black cerambycids with yellow markings (4 total),Coleoptera,1,Cerambycidae,,,,,,,,,,,
sgl322,unburned,2025-06-10,clear vane,16,1,no,1,"322, CV16, 2025-6-10, Vial 1",black cerambycids with yellow markings (4 total),Coleoptera,1,Cerambycidae,,,,,,,,,,,
sgl322,unburned,2025-06-10,clear vane,16,1,no,1,"322, CV16, 2025-6-10, Vial 1",reddish brown cerambycids with yellow markings (2 total),Coleoptera,1,Cerambycidae,,,,,,,,,,,
sgl322,unburned,2025-06-10,clear vane,16,1,no,1,"322, CV16, 2025-6-10, Vial 1",reddish brown cerambycids with yellow markings (2 total),Coleoptera,1,Cerambycidae,,,,,,,,,,,
sgl322,unburned,2025-06-10,clear vane,16,1,no,1,"322, CV16, 2025-6-10, Vial 1",brown cerambycid,Coleoptera,1,Cerambycidae,,,,,,,,,,,
sgl322,unburned,2025-06-10,clear vane,16,1,no,1,"322, CV16, 2025-6-10, Vial 1",mid size and large elaterids (8 total),Coleoptera,1,Elateridae,,,,,,,,,,,
sgl322,unburned,2025-06-10,clear vane,16,1,no,1,"322, CV16, 2025-6-10, Vial 1",mid size and large elaterids (8 total),Coleoptera,1,Elateridae,,,,,,,,,,,
sgl322,unburned,2025-06-10,clear vane,16,1,no,1,"322, CV16, 2025-6-10, Vial 1",mid size and large elaterids (8 total),Coleoptera,1,Elateridae,,,,,,,,,,,
sgl322,unburned,2025-06-10,clear vane,16,1,no,1,"322, CV16, 2025-6-10, Vial 1",mid size and large elaterids (8 total),Coleoptera,1,Elateridae,,,,,,,,,,,
sgl322,unburned,2025-06-10,clear vane,16,1,no,1,"322, CV16, 2025-6-10, Vial 1",mid size and large elaterids (8 total),Coleoptera,1,Elateridae,,,,,,,,,,,
sgl322,unburned,2025-06-10,clear vane,16,1,no,1,"322, CV16, 2025-6-10, Vial 1",mid size and large elaterids (8 total),Coleoptera,1,Elateridae,,,,,,,,,,,
sgl322,unburned,2025-06-10,clear vane,16,1,no,1,"322, CV16, 2025-6-10, Vial 1",mid size and large elaterids (8 total),Coleoptera,1,Elateridae,,,,,,,,,,,
sgl322,unburned,2025-06-10,clear vane,16,1,no,1,"322, CV16, 2025-6-10, Vial 1",mid size and large elaterids (8 total),Coleoptera,1,Elateridae,,,,,,,,,,,
sgl322,unburned,2025-06-10,clear vane,16,1,no,1,"322, CV16, 2025-6-10, Vial 1","flat, black histerids (5 total)",Coleoptera,1,Histeridae,,,,,,,,,,,
sgl322,unburned,2025-06-10,clear vane,16,1,no,1,"322, CV16, 2025-6-10, Vial 1","flat, black histerids (5 total)",Coleoptera,1,Histeridae,,,,,,,,,,,
sgl322,unburned,2025-06-10,clear vane,16,1,no,1,"322, CV16, 2025-6-10, Vial 1","flat, black histerids (5 total)",Coleoptera,1,Histeridae,,,,,,,,,,,
sgl322,unburned,2025-06-10,clear vane,16,1,no,1,"322, CV16, 2025-6-10, Vial 1","flat, black histerids (5 total)",Coleoptera,1,Histeridae,,,,,,,,,,,
sgl322,unburned,2025-06-10,clear vane,16,1,no,1,"322, CV16, 2025-6-10, Vial 1","flat, black histerids (5 total)",Coleoptera,1,Histeridae,,,,,,,,,,,
sgl322,unburned,2025-06-10,clear vane,16,1,no,1,"322, CV16, 2025-6-10, Vial 1","lampyrid-mimicing cantharid,  ventrites and head definitely not hidden by pronotum, maybe genus Podabrus",Coleoptera,1,Cantharidae,,,,,,,,,,,
sgl322,unburned,2025-06-10,clear vane,16,1,no,1,"322, CV16, 2025-6-10, Vial 1","green tiger beetle with white spots, maybe genus Cicindela",Coleoptera,1,Carabidae,,Cicindelinae,,,,,,,,,
sgl322,unburned,2025-06-10,clear vane,16,1,no,1,"322, CV16, 2025-6-10, Vial 1","black and orange nitidulid, maybe genus Glischrochilus (2 total)",Coleoptera,1,Nitidulidae,,,,,,,,,,,
sgl322,unburned,2025-06-10,clear vane,16,1,no,1,"322, CV16, 2025-6-10, Vial 1","black and orange nitidulid, maybe genus Glischrochilus (2 total)",Coleoptera,1,Nitidulidae,,,,,,,,,,,
sgl322,unburned,2025-06-10,clear vane,16,1,no,1,"322, CV16, 2025-6-10, Vial 1",brown tenebrionids (3 total),Coleoptera,1,Tenebrionidae,,,,,,,,,,,
sgl322,unburned,2025-06-10,clear vane,16,1,no,1,"322, CV16, 2025-6-10, Vial 1",brown tenebrionids (3 total),Coleoptera,1,Tenebrionidae,,,,,,,,,,,
sgl322,unburned,2025-06-10,clear vane,16,1,no,1,"322, CV16, 2025-6-10, Vial 1",brown tenebrionids (3 total),Coleoptera,1,Tenebrionidae,,,,,,,,,,,
sgl322,unburned,2025-06-10,clear vane,16,1,no,1,"322, CV16, 2025-6-10, Vial 1","greenish-black dung beetle, clearly with 9 antennomeres",Coleoptera,1,Scarabaeidae,,,,,,,,,,,
sgl322,unburned,2025-06-10,clear vane,16,1,no,1,"322, CV16, 2025-6-10, Vial 1","greenish-black tenebrionid but with no visible toothed claws, probs Arthromacra aenea",Coleoptera,1,Tenebrionidae,,,,,,,,,,,
sgl322,unburned,2025-06-10,clear vane,16,1,no,1,"322, CV16, 2025-6-10, Vial 1",genus Mycetophagus (2 total),Coleoptera,1,Mycetophagidae,,,,,,,,,,,
sgl322,unburned,2025-06-10,clear vane,16,1,no,1,"322, CV16, 2025-6-10, Vial 1",genus Mycetophagus (2 total),Coleoptera,1,Mycetophagidae,,,,,,,,,,,
sgl322,unburned,2025-06-10,clear vane,16,1,no,1,"322, CV16, 2025-6-10, Vial 1","orange and black nitidulid, probs genus Glischrochilus",Coleoptera,1,Nitidulidae,,,,,,,,,,,
sgl322,unburned,2025-06-10,clear vane,16,1,no,1,"322, CV16, 2025-6-10, Vial 1",shiny green carabid,Coleoptera,1,Carabidae,,,,,,,,,,,
sgl322,unburned,2025-06-10,clear vane,16,1,no,1,"322, CV16, 2025-6-10, Vial 1","nitidulid with wide plates, probs genus Prometopia",Coleoptera,1,Nitidulidae,,,,,,,,,,,
sgl322,unburned,2025-06-10,clear vane,16,1,no,1,"322, CV16, 2025-6-10, Vial 1",black mordellids (4 total),Coleoptera,1,Mordellidae,,,,,,,,,,,
sgl322,unburned,2025-06-10,clear vane,16,1,no,1,"322, CV16, 2025-6-10, Vial 1",black mordellids (4 total),Coleoptera,1,Mordellidae,,,,,,,,,,,
sgl322,unburned,2025-06-10,clear vane,16,1,no,1,"322, CV16, 2025-6-10, Vial 1",black mordellids (4 total),Coleoptera,1,Mordellidae,,,,,,,,,,,
sgl322,unburned,2025-06-10,clear vane,16,1,no,1,"322, CV16, 2025-6-10, Vial 1",black mordellids (4 total),Coleoptera,1,Mordellidae,,,,,,,,,,,
sgl322,unburned,2025-06-10,clear vane,16,1,no,1,"322, CV16, 2025-6-10, Vial 1",smaller black elaterids (4 total),Coleoptera,1,Elateridae,,,,,,,,,,,
sgl322,unburned,2025-06-10,clear vane,16,1,no,1,"322, CV16, 2025-6-10, Vial 1",smaller black elaterids (4 total),Coleoptera,1,Elateridae,,,,,,,,,,,
sgl322,unburned,2025-06-10,clear vane,16,1,no,1,"322, CV16, 2025-6-10, Vial 1",smaller black elaterids (4 total),Coleoptera,1,Elateridae,,,,,,,,,,,
sgl322,unburned,2025-06-10,clear vane,16,1,no,1,"322, CV16, 2025-6-10, Vial 1",smaller black elaterids (4 total),Coleoptera,1,Elateridae,,,,,,,,,,,
sgl322,unburned,2025-06-10,clear vane,16,1,no,1,"322, CV16, 2025-6-10, Vial 1",small black eucnemids (8 total),Coleoptera,1,Eucnemidae,,,,,,,,,,,
sgl322,unburned,2025-06-10,clear vane,16,1,no,1,"322, CV16, 2025-6-10, Vial 1",small black eucnemids (8 total),Coleoptera,1,Eucnemidae,,,,,,,,,,,
sgl322,unburned,2025-06-10,clear vane,16,1,no,1,"322, CV16, 2025-6-10, Vial 1",small black eucnemids (8 total),Coleoptera,1,Eucnemidae,,,,,,,,,,,
sgl322,unburned,2025-06-10,clear vane,16,1,no,1,"322, CV16, 2025-6-10, Vial 1",small black eucnemids (8 total),Coleoptera,1,Eucnemidae,,,,,,,,,,,
sgl322,unburned,2025-06-10,clear vane,16,1,no,1,"322, CV16, 2025-6-10, Vial 1",small black eucnemids (8 total),Coleoptera,1,Eucnemidae,,,,,,,,,,,
sgl322,unburned,2025-06-10,clear vane,16,1,no,1,"322, CV16, 2025-6-10, Vial 1",small black eucnemids (8 total),Coleoptera,1,Eucnemidae,,,,,,,,,,,
sgl322,unburned,2025-06-10,clear vane,16,1,no,1,"322, CV16, 2025-6-10, Vial 1",small black eucnemids (8 total),Coleoptera,1,Eucnemidae,,,,,,,,,,,
sgl322,unburned,2025-06-10,clear vane,16,1,no,1,"322, CV16, 2025-6-10, Vial 1",small black eucnemids (8 total),Coleoptera,1,Eucnemidae,,,,,,,,,,,
sgl322,unburned,2025-06-10,clear vane,16,1,no,1,"322, CV16, 2025-6-10, Vial 1","lampyrid-mimicing Lycid, with obvious square cells in elytra, widely separated mesocoxae, and long trochanters",Coleoptera,1,Lycidae,,,,,,,,,,,
sgl322,unburned,2025-06-10,clear vane,16,1,no,1,"322, CV16, 2025-6-10, Vial 1","reddish brown, slightly sculptured zopherids with 2-segmented club, probs genus Pycnomerus (7 total)",Coleoptera,1,Zopheridae,,,,,,,,,,,
sgl322,unburned,2025-06-10,clear vane,16,1,no,1,"322, CV16, 2025-6-10, Vial 1","reddish brown, slightly sculptured zopherids with 2-segmented club, probs genus Pycnomerus (7 total)",Coleoptera,1,Zopheridae,,,,,,,,,,,
sgl322,unburned,2025-06-10,clear vane,16,1,no,1,"322, CV16, 2025-6-10, Vial 1","reddish brown, slightly sculptured zopherids with 2-segmented club, probs genus Pycnomerus (7 total)",Coleoptera,1,Zopheridae,,,,,,,,,,,
sgl322,unburned,2025-06-10,clear vane,16,1,no,1,"322, CV16, 2025-6-10, Vial 1","reddish brown, slightly sculptured zopherids with 2-segmented club, probs genus Pycnomerus (7 total)",Coleoptera,1,Zopheridae,,,,,,,,,,,
sgl322,unburned,2025-06-10,clear vane,16,1,no,1,"322, CV16, 2025-6-10, Vial 1","reddish brown, slightly sculptured zopherids with 2-segmented club, probs genus Pycnomerus (7 total)",Coleoptera,1,Zopheridae,,,,,,,,,,,
sgl322,unburned,2025-06-10,clear vane,16,1,no,1,"322, CV16, 2025-6-10, Vial 1","reddish brown, slightly sculptured zopherids with 2-segmented club, probs genus Pycnomerus (7 total)",Coleoptera,1,Zopheridae,,,,,,,,,,,
sgl322,unburned,2025-06-10,clear vane,16,1,no,1,"322, CV16, 2025-6-10, Vial 1","reddish brown, slightly sculptured zopherids with 2-segmented club, probs genus Pycnomerus (7 total)",Coleoptera,1,Zopheridae,,,,,,,,,,,
sgl322,unburned,2025-06-10,clear vane,16,1,no,1,"322, CV16, 2025-6-10, Vial 1",black clerid with tan markings,Coleoptera,1,Cleridae,,,,,,,,,,,
sgl322,unburned,2025-06-10,clear vane,16,1,no,1,"322, CV16, 2025-6-10, Vial 1","compact, sheild shaped buprestid, maybe Brachys aerosus",Coleoptera,1,Buprestidae,,,,,,,,,,,
sgl322,unburned,2025-06-10,clear vane,16,1,no,1,"322, CV16, 2025-6-10, Vial 1","dark aderids with orange-brown spots, probs Syzeton fasciatus (2 total)",Coleoptera,1,Aderidae,,,,,,,,,,,
sgl322,unburned,2025-06-10,clear vane,16,1,no,1,"322, CV16, 2025-6-10, Vial 1","dark aderids with orange-brown spots, probs Syzeton fasciatus (2 total)",Coleoptera,1,Aderidae,,,,,,,,,,,
sgl322,unburned,2025-06-10,clear vane,16,1,no,1,"322, CV16, 2025-6-10, Vial 1",large dark brown curculionid with the elbowed antennae that sometimes straighten,Coleoptera,1,Curculionidae,,,,,,,,,,,
sgl322,unburned,2025-06-10,clear vane,16,1,no,1,"separate vial - 322, CV16, 2025-6-10","shiny bluish black salpingid, probs genus Salpingus. Did not have any fused ventrites, and there were no heart shaped tarsomeres, indicating that it was not a Attelabidae or any other weevil",Coleoptera,1,Salpingidae,,,,,,,,,,,
sgl322,unburned,2025-06-10,clear vane,16,1,no,1,"322, CV16, 2025-6-10, Vial 1",small flat monotomid,Coleoptera,1,Monotomidae,,,,,,,,,,,
sgl322,unburned,2025-06-10,clear vane,16,1,no,1,"322, CV16, 2025-6-10, Vial 1","smaller, tiny flat monotomid",Coleoptera,1,Monotomidae,,,,,,,,,,,
sgl322,unburned,2025-06-10,clear vane,16,1,no,1,"322, CV16, 2025-6-10, Vial 1",tan latridiids (3 total),Coleoptera,1,Latridiidae,,,,,,,,,,,
sgl322,unburned,2025-06-10,clear vane,16,1,no,1,"322, CV16, 2025-6-10, Vial 1",tan latridiids (3 total),Coleoptera,1,Latridiidae,,,,,,,,,,,
sgl322,unburned,2025-06-10,clear vane,16,1,no,1,"322, CV16, 2025-6-10, Vial 1",tan latridiids (3 total),Coleoptera,1,Latridiidae,,,,,,,,,,,
sgl322,unburned,2025-06-10,clear vane,16,1,no,1,"322, CV16, 2025-6-10, Vial 1",dark brown latridiid with tan markings and white splotches on underside,Coleoptera,1,Latridiidae,,,,,,,,,,,
sgl322,unburned,2025-06-10,clear vane,16,1,no,1,"322, CV16, 2025-6-10, Vial 1",small brown sphindid,Coleoptera,1,Sphindidae,,,,,,,,,,,
sgl322,unburned,2025-06-10,clear vane,16,1,no,1,"322, CV16, 2025-6-10, Vial 1",ant-like staph,Coleoptera,1,Staphylinidae,,Pselaphinae,,,,,,,,,
sgl322,unburned,2025-06-10,clear vane,16,1,no,1,"322, CV16, 2025-6-10, Vial 1",bark beetle,Coleoptera,1,Curculionidae,,Scolytinae,,,,,,,,,
sgl322,unburned,2025-06-10,clear vane,16,1,no,1,"322, CV16, 2025-6-10, Vial 1","small zopherids with one-seg club (3 total), probs Synchita",Coleoptera,1,Zopheridae,,,,,,,,,,,
sgl322,unburned,2025-06-10,clear vane,16,1,no,1,"322, CV16, 2025-6-10, Vial 1","small zopherids with one-seg club (3 total), probs Synchita",Coleoptera,1,Zopheridae,,,,,,,,,,,
sgl322,unburned,2025-06-10,clear vane,16,1,no,1,"322, CV16, 2025-6-10, Vial 1","small zopherids with one-seg club (3 total), probs Synchita",Coleoptera,1,Zopheridae,,,,,,,,,,,
sgl322,unburned,2025-06-10,clear vane,16,1,no,1,"322, CV16, 2025-6-10, Vial 1",tear-shaped staphs (3 total),Coleoptera,1,Staphylinidae,,,,,,,,,,,
sgl322,unburned,2025-06-10,clear vane,16,1,no,1,"322, CV16, 2025-6-10, Vial 1",tear-shaped staphs (3 total),Coleoptera,1,Staphylinidae,,,,,,,,,,,
sgl322,unburned,2025-06-10,clear vane,16,1,no,1,"322, CV16, 2025-6-10, Vial 1",tear-shaped staphs (3 total),Coleoptera,1,Staphylinidae,,,,,,,,,,,
sgl322,unburned,2025-06-10,clear vane,16,1,no,1,"322, CV16, 2025-6-10, Vial 1",small staphs (7 total),Coleoptera,1,Staphylinidae,,,,,,,,,,,
sgl322,unburned,2025-06-10,clear vane,16,1,no,1,"322, CV16, 2025-6-10, Vial 1",small staphs (7 total),Coleoptera,1,Staphylinidae,,,,,,,,,,,
sgl322,unburned,2025-06-10,clear vane,16,1,no,1,"322, CV16, 2025-6-10, Vial 1",small staphs (7 total),Coleoptera,1,Staphylinidae,,,,,,,,,,,
sgl322,unburned,2025-06-10,clear vane,16,1,no,1,"322, CV16, 2025-6-10, Vial 1",small staphs (7 total),Coleoptera,1,Staphylinidae,,,,,,,,,,,
sgl322,unburned,2025-06-10,clear vane,16,1,no,1,"322, CV16, 2025-6-10, Vial 1",small staphs (7 total),Coleoptera,1,Staphylinidae,,,,,,,,,,,
sgl322,unburned,2025-06-10,clear vane,16,1,no,1,"322, CV16, 2025-6-10, Vial 1",small staphs (7 total),Coleoptera,1,Staphylinidae,,,,,,,,,,,
sgl322,unburned,2025-06-10,clear vane,16,1,no,1,"322, CV16, 2025-6-10, Vial 1",small staphs (7 total),Coleoptera,1,Staphylinidae,,,,,,,,,,,
sgl322,unburned,2025-06-10,clear vane,16,1,no,1,"322, CV16, 2025-6-10, Vial 1",small cantharids with pale bodies and short elytra and small eyes (2 total),Coleoptera,1,Cantharidae,,,,,,,,,,,
sgl322,unburned,2025-06-10,clear vane,16,1,no,1,"322, CV16, 2025-6-10, Vial 1",small cantharids with pale bodies and short elytra and small eyes (2 total),Coleoptera,1,Cantharidae,,,,,,,,,,,
sgl322,unburned,2025-06-10,clear vane,16,1,no,1,"322, CV16, 2025-6-10, Vial 1","smaller, tiny cantharid with short elytra and pale body and small eyes",Coleoptera,1,Cantharidae,,,,,,,,,,,
sgl322,unburned,2025-06-10,clear vane,16,1,no,1,"322, CV16, 2025-6-10, Vial 1",round agathidiini,Coleoptera,1,Leiodidae,,Agathidiini,,,,,,,,,
sgl322,unburned,2025-06-10,clear vane,16,1,no,1,"322, CV16, 2025-6-10, Vial 1",silvanid,Coleoptera,1,Silvanidae,,,,,,,,,,,
sgl322,unburned,2025-06-10,clear vane,16,1,no,1,"322, CV16, 2025-6-10, Vial 1",small tan cryptophagid,Coleoptera,1,Cryptophagidae,,,,,,,,,,,
,,,,,,,,,,,,,,,,,,,,,,,
besf,recent,2025-07-03,clear vane,21,1,no,1,"besf, CV21, 2025-7-3, Vial 1",bark beetles (5 total),Coleoptera,1,Curculionidae,,Scolytinae,,,,,,,,,
besf,recent,2025-07-03,clear vane,21,1,no,1,"besf, CV21, 2025-7-3, Vial 1",bark beetles (5 total),Coleoptera,1,Curculionidae,,Scolytinae,,,,,,,,,
besf,recent,2025-07-03,clear vane,21,1,no,1,"besf, CV21, 2025-7-3, Vial 1",bark beetles (5 total),Coleoptera,1,Curculionidae,,Scolytinae,,,,,,,,,
besf,recent,2025-07-03,clear vane,21,1,no,1,"besf, CV21, 2025-7-3, Vial 1",bark beetles (5 total),Coleoptera,1,Curculionidae,,Scolytinae,,,,,,,,,
besf,recent,2025-07-03,clear vane,21,1,no,1,"besf, CV21, 2025-7-3, Vial 1",bark beetles (5 total),Coleoptera,1,Curculionidae,,Scolytinae,,,,,,,,,
besf,recent,2025-07-03,clear vane,21,1,no,1,"besf, CV21, 2025-7-3, Vial 1",black cerambycid with yellow markings,Coleoptera,1,Cerambycidae,,,,,,,,,,,
besf,recent,2025-07-03,clear vane,21,1,no,1,"besf, CV21, 2025-7-3, Vial 1",brown cerambycids with paler markings on elytra (5 total),Coleoptera,1,Cerambycidae,,,,,,,,,,,
besf,recent,2025-07-03,clear vane,21,1,no,1,"besf, CV21, 2025-7-3, Vial 1",brown cerambycids with paler markings on elytra (5 total),Coleoptera,1,Cerambycidae,,,,,,,,,,,
besf,recent,2025-07-03,clear vane,21,1,no,1,"besf, CV21, 2025-7-3, Vial 1",brown cerambycids with paler markings on elytra (5 total),Coleoptera,1,Cerambycidae,,,,,,,,,,,
besf,recent,2025-07-03,clear vane,21,1,no,1,"besf, CV21, 2025-7-3, Vial 1",brown cerambycids with paler markings on elytra (5 total),Coleoptera,1,Cerambycidae,,,,,,,,,,,
besf,recent,2025-07-03,clear vane,21,1,no,1,"besf, CV21, 2025-7-3, Vial 1",brown cerambycids with paler markings on elytra (5 total),Coleoptera,1,Cerambycidae,,,,,,,,,,,
besf,recent,2025-07-03,clear vane,21,1,no,1,"besf, CV21, 2025-7-3, Vial 1",tan scarab,Coleoptera,1,Scarabaeidae,,,,,,,,,,,
besf,recent,2025-07-03,clear vane,21,1,no,1,"besf, CV21, 2025-7-3, Vial 1",large brown elaterids (9 total),Coleoptera,1,Elateridae,,,,,,,,,,,
besf,recent,2025-07-03,clear vane,21,1,no,1,"besf, CV21, 2025-7-3, Vial 1",large brown elaterids (9 total),Coleoptera,1,Elateridae,,,,,,,,,,,
besf,recent,2025-07-03,clear vane,21,1,no,1,"besf, CV21, 2025-7-3, Vial 1",large brown elaterids (9 total),Coleoptera,1,Elateridae,,,,,,,,,,,
besf,recent,2025-07-03,clear vane,21,1,no,1,"besf, CV21, 2025-7-3, Vial 1",large brown elaterids (9 total),Coleoptera,1,Elateridae,,,,,,,,,,,
besf,recent,2025-07-03,clear vane,21,1,no,1,"besf, CV21, 2025-7-3, Vial 1",large brown elaterids (9 total),Coleoptera,1,Elateridae,,,,,,,,,,,
besf,recent,2025-07-03,clear vane,21,1,no,1,"besf, CV21, 2025-7-3, Vial 1",large brown elaterids (9 total),Coleoptera,1,Elateridae,,,,,,,,,,,
besf,recent,2025-07-03,clear vane,21,1,no,1,"besf, CV21, 2025-7-3, Vial 1",large brown elaterids (9 total),Coleoptera,1,Elateridae,,,,,,,,,,,
besf,recent,2025-07-03,clear vane,21,1,no,1,"besf, CV21, 2025-7-3, Vial 1",large brown elaterids (9 total),Coleoptera,1,Elateridae,,,,,,,,,,,
besf,recent,2025-07-03,clear vane,21,1,no,1,"besf, CV21, 2025-7-3, Vial 1",large brown elaterids (9 total),Coleoptera,1,Elateridae,,,,,,,,,,,
besf,recent,2025-07-03,clear vane,21,1,no,1,"besf, CV21, 2025-7-3, Vial 1",mid-size elaterids (14 total),Coleoptera,1,Elateridae,,,,,,,,,,,
besf,recent,2025-07-03,clear vane,21,1,no,1,"besf, CV21, 2025-7-3, Vial 1",mid-size elaterids (14 total),Coleoptera,1,Elateridae,,,,,,,,,,,
besf,recent,2025-07-03,clear vane,21,1,no,1,"besf, CV21, 2025-7-3, Vial 1",mid-size elaterids (14 total),Coleoptera,1,Elateridae,,,,,,,,,,,
besf,recent,2025-07-03,clear vane,21,1,no,1,"besf, CV21, 2025-7-3, Vial 1",mid-size elaterids (14 total),Coleoptera,1,Elateridae,,,,,,,,,,,
besf,recent,2025-07-03,clear vane,21,1,no,1,"besf, CV21, 2025-7-3, Vial 1",mid-size elaterids (14 total),Coleoptera,1,Elateridae,,,,,,,,,,,
besf,recent,2025-07-03,clear vane,21,1,no,1,"besf, CV21, 2025-7-3, Vial 1",mid-size elaterids (14 total),Coleoptera,1,Elateridae,,,,,,,,,,,
besf,recent,2025-07-03,clear vane,21,1,no,1,"besf, CV21, 2025-7-3, Vial 1",mid-size elaterids (14 total),Coleoptera,1,Elateridae,,,,,,,,,,,
besf,recent,2025-07-03,clear vane,21,1,no,1,"besf, CV21, 2025-7-3, Vial 1",mid-size elaterids (14 total),Coleoptera,1,Elateridae,,,,,,,,,,,
besf,recent,2025-07-03,clear vane,21,1,no,1,"besf, CV21, 2025-7-3, Vial 1",mid-size elaterids (14 total),Coleoptera,1,Elateridae,,,,,,,,,,,
besf,recent,2025-07-03,clear vane,21,1,no,1,"besf, CV21, 2025-7-3, Vial 1",mid-size elaterids (14 total),Coleoptera,1,Elateridae,,,,,,,,,,,
besf,recent,2025-07-03,clear vane,21,1,no,1,"besf, CV21, 2025-7-3, Vial 1",mid-size elaterids (14 total),Coleoptera,1,Elateridae,,,,,,,,,,,
besf,recent,2025-07-03,clear vane,21,1,no,1,"besf, CV21, 2025-7-3, Vial 1",mid-size elaterids (14 total),Coleoptera,1,Elateridae,,,,,,,,,,,
besf,recent,2025-07-03,clear vane,21,1,no,1,"besf, CV21, 2025-7-3, Vial 1",mid-size elaterids (14 total),Coleoptera,1,Elateridae,,,,,,,,,,,
besf,recent,2025-07-03,clear vane,21,1,no,1,"besf, CV21, 2025-7-3, Vial 1",mid-size elaterids (14 total),Coleoptera,1,Elateridae,,,,,,,,,,,
besf,recent,2025-07-03,clear vane,21,1,no,1,"besf, CV21, 2025-7-3, Vial 1",orange lady beetle with black spots,Coleoptera,1,Coccinellidae,,,,,,,,,,,
besf,recent,2025-07-03,clear vane,21,1,no,1,"besf, CV21, 2025-7-3, Vial 1",compact mottled black weevils (3 total),Coleoptera,1,Curculionidae,,,,,,,,,,,
besf,recent,2025-07-03,clear vane,21,1,no,1,"besf, CV21, 2025-7-3, Vial 1",compact mottled black weevils (3 total),Coleoptera,1,Curculionidae,,,,,,,,,,,
besf,recent,2025-07-03,clear vane,21,1,no,1,"besf, CV21, 2025-7-3, Vial 1",compact mottled black weevils (3 total),Coleoptera,1,Curculionidae,,,,,,,,,,,
besf,recent,2025-07-03,clear vane,21,1,no,1,"besf, CV21, 2025-7-3, Vial 1","tan, hairy weevil with very long snout, probably acorn weevil, genus Curculio",Coleoptera,1,Curculionidae,,,,,,,,,,,
besf,recent,2025-07-03,clear vane,21,1,no,1,"besf, CV21, 2025-7-3, Vial 1","dark green, shiny buprestids with a pair of lighter green longitudinal stripes(6 total), maybe Agrilus bilineatus or Agrilus carpini",Coleoptera,1,Buprestidae,,,,,,,,,,,
besf,recent,2025-07-03,clear vane,21,1,no,1,"besf, CV21, 2025-7-3, Vial 1","dark green, shiny buprestids with a pair of lighter green longitudinal stripes(6 total), maybe Agrilus bilineatus or Agrilus carpini",Coleoptera,1,Buprestidae,,,,,,,,,,,
besf,recent,2025-07-03,clear vane,21,1,no,1,"besf, CV21, 2025-7-3, Vial 1","dark green, shiny buprestids with a pair of lighter green longitudinal stripes(6 total), maybe Agrilus bilineatus or Agrilus carpini",Coleoptera,1,Buprestidae,,,,,,,,,,,
besf,recent,2025-07-03,clear vane,21,1,no,1,"besf, CV21, 2025-7-3, Vial 1","dark green, shiny buprestids with a pair of lighter green longitudinal stripes(6 total), maybe Agrilus bilineatus or Agrilus carpini",Coleoptera,1,Buprestidae,,,,,,,,,,,
besf,recent,2025-07-03,clear vane,21,1,no,1,"besf, CV21, 2025-7-3, Vial 1","dark green, shiny buprestids with a pair of lighter green longitudinal stripes(6 total), maybe Agrilus bilineatus or Agrilus carpini",Coleoptera,1,Buprestidae,,,,,,,,,,,
besf,recent,2025-07-03,clear vane,21,1,no,1,"besf, CV21, 2025-7-3, Vial 1","dark green, shiny buprestids with a pair of lighter green longitudinal stripes(6 total), maybe Agrilus bilineatus or Agrilus carpini",Coleoptera,1,Buprestidae,,,,,,,,,,,
besf,recent,2025-07-03,clear vane,21,1,no,1,"besf, CV21, 2025-7-3, Vial 1","tan tenebrionids, maybe Isomera sericea (12 total)",Coleoptera,1,Tenebrionidae,,,,,,,,,,,
besf,recent,2025-07-03,clear vane,21,1,no,1,"besf, CV21, 2025-7-3, Vial 1","tan tenebrionids, maybe Isomera sericea (12 total)",Coleoptera,1,Tenebrionidae,,,,,,,,,,,
besf,recent,2025-07-03,clear vane,21,1,no,1,"besf, CV21, 2025-7-3, Vial 1","tan tenebrionids, maybe Isomera sericea (12 total)",Coleoptera,1,Tenebrionidae,,,,,,,,,,,
besf,recent,2025-07-03,clear vane,21,1,no,1,"besf, CV21, 2025-7-3, Vial 1","tan tenebrionids, maybe Isomera sericea (12 total)",Coleoptera,1,Tenebrionidae,,,,,,,,,,,
besf,recent,2025-07-03,clear vane,21,1,no,1,"besf, CV21, 2025-7-3, Vial 1","tan tenebrionids, maybe Isomera sericea (12 total)",Coleoptera,1,Tenebrionidae,,,,,,,,,,,
besf,recent,2025-07-03,clear vane,21,1,no,1,"besf, CV21, 2025-7-3, Vial 1","tan tenebrionids, maybe Isomera sericea (12 total)",Coleoptera,1,Tenebrionidae,,,,,,,,,,,
besf,recent,2025-07-03,clear vane,21,1,no,1,"besf, CV21, 2025-7-3, Vial 1","tan tenebrionids, maybe Isomera sericea (12 total)",Coleoptera,1,Tenebrionidae,,,,,,,,,,,
besf,recent,2025-07-03,clear vane,21,1,no,1,"besf, CV21, 2025-7-3, Vial 1","tan tenebrionids, maybe Isomera sericea (12 total)",Coleoptera,1,Tenebrionidae,,,,,,,,,,,
besf,recent,2025-07-03,clear vane,21,1,no,1,"besf, CV21, 2025-7-3, Vial 1","tan tenebrionids, maybe Isomera sericea (12 total)",Coleoptera,1,Tenebrionidae,,,,,,,,,,,
besf,recent,2025-07-03,clear vane,21,1,no,1,"besf, CV21, 2025-7-3, Vial 1","tan tenebrionids, maybe Isomera sericea (12 total)",Coleoptera,1,Tenebrionidae,,,,,,,,,,,
besf,recent,2025-07-03,clear vane,21,1,no,1,"besf, CV21, 2025-7-3, Vial 1","tan tenebrionids, maybe Isomera sericea (12 total)",Coleoptera,1,Tenebrionidae,,,,,,,,,,,
besf,recent,2025-07-03,clear vane,21,1,no,1,"besf, CV21, 2025-7-3, Vial 1","tan tenebrionids, maybe Isomera sericea (12 total)",Coleoptera,1,Tenebrionidae,,,,,,,,,,,
besf,recent,2025-07-03,clear vane,21,1,no,1,"besf, CV21, 2025-7-3, Vial 1","dark lampyrids with no visible light organ, head concealed by pronotum (2 total)",Coleoptera,1,Lampyridae,,,,,,,,,,,
besf,recent,2025-07-03,clear vane,21,1,no,1,"besf, CV21, 2025-7-3, Vial 1","dark lampyrids with no visible light organ, head concealed by pronotum (2 total)",Coleoptera,1,Lampyridae,,,,,,,,,,,
besf,recent,2025-07-03,clear vane,21,1,no,1,"besf, CV21, 2025-7-3, Vial 1",black mordellid,Coleoptera,1,Mordellidae,,,,,,,,,,,
besf,recent,2025-07-03,clear vane,21,1,no,1,"besf, CV21, 2025-7-3, Vial 1",mottled brown and dark mordellid,Coleoptera,1,Mordellidae,,,,,,,,,,,
besf,recent,2025-07-03,clear vane,21,1,no,1,"besf, CV21, 2025-7-3, Vial 1","lampyrid-mimicing cantharid, maybe genus Podabrus",Coleoptera,1,Cantharidae,,,,,,,,,,,
besf,recent,2025-07-03,clear vane,21,1,no,1,"besf, CV21, 2025-7-3, Vial 1","large cryptophagid, probs genus Antherophagus",Coleoptera,1,Cryptophagidae,,,,,,,,,,,
besf,recent,2025-07-03,clear vane,21,1,no,1,"besf, CV21, 2025-7-3, Vial 1",large brown ptinid,Coleoptera,1,Ptinidae,,,,,,,,,,,
besf,recent,2025-07-03,clear vane,21,1,no,1,"besf, CV21, 2025-7-3, Vial 1",probs Dircaea liturata,Coleoptera,1,Melandryidae,,,,,,,,,,,
besf,recent,2025-07-03,clear vane,21,1,no,1,"besf, CV21, 2025-7-3, Vial 1","scirtid with yellow pronotum and black elytra, bulging eyes, no tarsi heart-shaped like coccinellids would have",Coleoptera,1,Scirtidae,,,,,,,,,,,
besf,recent,2025-07-03,clear vane,21,1,no,1,"besf, CV21, 2025-7-3, Vial 1","pale yellow chrysomelid with dark spots and markings, maybe subfamily Cryptocephalinae",Coleoptera,1,Chrysomelidae,,,,,,,,,,,
besf,recent,2025-07-03,clear vane,21,1,no,1,"separate vial - besf, CV21, 2025-7-3",possibly Cnestus mutilatus ,Coleoptera,1,Curculionidae,,Scolytinae,,,,,,,,,
besf,recent,2025-07-03,clear vane,21,1,no,1,"besf, CV21, 2025-7-3, Vial 1",small brown throscids (6 total),Coleoptera,1,Throscidae,,,,,,,,,,,
besf,recent,2025-07-03,clear vane,21,1,no,1,"besf, CV21, 2025-7-3, Vial 1",small brown throscids (6 total),Coleoptera,1,Throscidae,,,,,,,,,,,
besf,recent,2025-07-03,clear vane,21,1,no,1,"besf, CV21, 2025-7-3, Vial 1",small brown throscids (6 total),Coleoptera,1,Throscidae,,,,,,,,,,,
besf,recent,2025-07-03,clear vane,21,1,no,1,"besf, CV21, 2025-7-3, Vial 1",small brown throscids (6 total),Coleoptera,1,Throscidae,,,,,,,,,,,
besf,recent,2025-07-03,clear vane,21,1,no,1,"besf, CV21, 2025-7-3, Vial 1",small brown throscids (6 total),Coleoptera,1,Throscidae,,,,,,,,,,,
besf,recent,2025-07-03,clear vane,21,1,no,1,"besf, CV21, 2025-7-3, Vial 1",small brown throscids (6 total),Coleoptera,1,Throscidae,,,,,,,,,,,
besf,recent,2025-07-03,clear vane,21,1,no,1,"besf, CV21, 2025-7-3, Vial 1",small black eucnemids (4 total),Coleoptera,1,Eucnemidae,,,,,,,,,,,
besf,recent,2025-07-03,clear vane,21,1,no,1,"besf, CV21, 2025-7-3, Vial 1",small black eucnemids (4 total),Coleoptera,1,Eucnemidae,,,,,,,,,,,
besf,recent,2025-07-03,clear vane,21,1,no,1,"besf, CV21, 2025-7-3, Vial 1",small black eucnemids (4 total),Coleoptera,1,Eucnemidae,,,,,,,,,,,
besf,recent,2025-07-03,clear vane,21,1,no,1,"besf, CV21, 2025-7-3, Vial 1",small black eucnemids (4 total),Coleoptera,1,Eucnemidae,,,,,,,,,,,
besf,recent,2025-07-03,clear vane,21,1,no,1,"besf, CV21, 2025-7-3, Vial 1",small brown eucnemid,Coleoptera,1,Eucnemidae,,,,,,,,,,,
besf,recent,2025-07-03,clear vane,21,1,no,1,"besf, CV21, 2025-7-3, Vial 1",black nitidulids with compact shape (11 total),Coleoptera,1,Nitidulidae,,,,,,,,,,,
besf,recent,2025-07-03,clear vane,21,1,no,1,"besf, CV21, 2025-7-3, Vial 1",black nitidulids with compact shape (11 total),Coleoptera,1,Nitidulidae,,,,,,,,,,,
besf,recent,2025-07-03,clear vane,21,1,no,1,"besf, CV21, 2025-7-3, Vial 1",black nitidulids with compact shape (11 total),Coleoptera,1,Nitidulidae,,,,,,,,,,,
besf,recent,2025-07-03,clear vane,21,1,no,1,"besf, CV21, 2025-7-3, Vial 1",black nitidulids with compact shape (11 total),Coleoptera,1,Nitidulidae,,,,,,,,,,,
besf,recent,2025-07-03,clear vane,21,1,no,1,"besf, CV21, 2025-7-3, Vial 1",black nitidulids with compact shape (11 total),Coleoptera,1,Nitidulidae,,,,,,,,,,,
besf,recent,2025-07-03,clear vane,21,1,no,1,"besf, CV21, 2025-7-3, Vial 1",black nitidulids with compact shape (11 total),Coleoptera,1,Nitidulidae,,,,,,,,,,,
besf,recent,2025-07-03,clear vane,21,1,no,1,"besf, CV21, 2025-7-3, Vial 1",black nitidulids with compact shape (11 total),Coleoptera,1,Nitidulidae,,,,,,,,,,,
besf,recent,2025-07-03,clear vane,21,1,no,1,"besf, CV21, 2025-7-3, Vial 1",black nitidulids with compact shape (11 total),Coleoptera,1,Nitidulidae,,,,,,,,,,,
besf,recent,2025-07-03,clear vane,21,1,no,1,"besf, CV21, 2025-7-3, Vial 1",black nitidulids with compact shape (11 total),Coleoptera,1,Nitidulidae,,,,,,,,,,,
besf,recent,2025-07-03,clear vane,21,1,no,1,"besf, CV21, 2025-7-3, Vial 1",black nitidulids with compact shape (11 total),Coleoptera,1,Nitidulidae,,,,,,,,,,,
besf,recent,2025-07-03,clear vane,21,1,no,1,"besf, CV21, 2025-7-3, Vial 1",black nitidulids with compact shape (11 total),Coleoptera,1,Nitidulidae,,,,,,,,,,,
besf,recent,2025-07-03,clear vane,21,1,no,1,"besf, CV21, 2025-7-3, Vial 1","small, slim, brown staphs (7 total)",Coleoptera,1,Staphylinidae,,,,,,,,,,,
besf,recent,2025-07-03,clear vane,21,1,no,1,"besf, CV21, 2025-7-3, Vial 1","small, slim, brown staphs (7 total)",Coleoptera,1,Staphylinidae,,,,,,,,,,,
besf,recent,2025-07-03,clear vane,21,1,no,1,"besf, CV21, 2025-7-3, Vial 1","small, slim, brown staphs (7 total)",Coleoptera,1,Staphylinidae,,,,,,,,,,,
besf,recent,2025-07-03,clear vane,21,1,no,1,"besf, CV21, 2025-7-3, Vial 1","small, slim, brown staphs (7 total)",Coleoptera,1,Staphylinidae,,,,,,,,,,,
besf,recent,2025-07-03,clear vane,21,1,no,1,"besf, CV21, 2025-7-3, Vial 1","small, slim, brown staphs (7 total)",Coleoptera,1,Staphylinidae,,,,,,,,,,,
besf,recent,2025-07-03,clear vane,21,1,no,1,"besf, CV21, 2025-7-3, Vial 1","small, slim, brown staphs (7 total)",Coleoptera,1,Staphylinidae,,,,,,,,,,,
besf,recent,2025-07-03,clear vane,21,1,no,1,"besf, CV21, 2025-7-3, Vial 1","small, slim, brown staphs (7 total)",Coleoptera,1,Staphylinidae,,,,,,,,,,,
besf,recent,2025-07-03,clear vane,21,1,no,1,"besf, CV21, 2025-7-3, Vial 1",tear shaped staphs,Coleoptera,1,Staphylinidae,,,,,,,,,,,
besf,recent,2025-07-03,clear vane,21,1,no,1,"besf, CV21, 2025-7-3, Vial 1",mordellid with tan head and pronotum and black body and elytra,Coleoptera,1,Mordellidae,,,,,,,,,,,
besf,recent,2025-07-03,clear vane,21,1,no,1,"besf, CV21, 2025-7-3, Vial 1",tan latridiids (2 total),Coleoptera,1,Latridiidae,,,,,,,,,,,
besf,recent,2025-07-03,clear vane,21,1,no,1,"besf, CV21, 2025-7-3, Vial 1",tan latridiids (2 total),Coleoptera,1,Latridiidae,,,,,,,,,,,
besf,recent,2025-07-03,clear vane,21,1,no,1,"besf, CV21, 2025-7-3, Vial 1",small tan corylophid,Coleoptera,1,Corylophidae,,,,,,,,,,,
besf,recent,2025-07-03,clear vane,21,1,no,1,"besf, CV21, 2025-7-3, Vial 1",tiny black corylophidae,Coleoptera,1,Corylophidae,,,,,,,,,,,
besf,recent,2025-07-03,clear vane,21,1,no,1,"besf, CV21, 2025-7-3, Vial 1",silvanid,Coleoptera,1,Silvanidae,,,,,,,,,,,
besf,recent,2025-07-03,clear vane,21,1,no,1,"besf, CV21, 2025-7-3, Vial 1",smal brown ptinid,Coleoptera,1,Ptinidae,,,,,,,,,,,
besf,recent,2025-07-03,clear vane,21,1,no,1,"besf, CV21, 2025-7-3, Vial 1","smaller, tiny brown ptinid",Coleoptera,1,Ptinidae,,,,,,,,,,,
besf,recent,2025-07-03,clear vane,21,1,no,1,"besf, CV21, 2025-7-3, Vial 1",compact black nitidulid,Coleoptera,1,Nitidulidae,,,,,,,,,,,
besf,recent,2025-07-03,clear vane,21,1,no,1,"besf, CV21, 2025-7-3, Vial 1","tan pronotum, dark brown elytra, square-ish filiform antennae, pseudotetratmerous with heart-shaped 3rd tarsomeres, bifid claws",Coleoptera,1,Chrysomelidae,,,,,,,,,,,
besf,recent,2025-07-03,clear vane,21,1,no,1,"besf, CV21, 2025-7-3, Vial 1","Hard ID. Actually a dermestid-looking ptinid. Maybe genus Caenocara. NOT a black dermestid with furry setae. Median ocellus was not visible, but every other trait is that of a dermestid. Highly compact body with appendages fitting into notches on body. 5-5-5 tarsi.",Coleoptera,1,Ptinidae,"THIS MAY BE A PTINID, NOT A DERMESTID",,,,,,,,,,
,,,,,,,,,,,,,,,,,,,,,,,
besf,medium,2025-07-03,clear vane,29,1,no,1,"besf, CV29, 2025-7-3, Vial 1","tan tenebrionids, maybe Isomera sericea (3 total)",Coleoptera,1,Tenebrionidae,,,,,,,,,,,
besf,medium,2025-07-03,clear vane,29,1,no,1,"besf, CV29, 2025-7-3, Vial 1","tan tenebrionids, maybe Isomera sericea (3 total)",Coleoptera,1,Tenebrionidae,,,,,,,,,,,
besf,medium,2025-07-03,clear vane,29,1,no,1,"besf, CV29, 2025-7-3, Vial 1","headless tan tenebrionids, maybe Isomera sericea (3 total)",Coleoptera,1,Tenebrionidae,,,,,,,,,,,
besf,medium,2025-07-03,clear vane,29,1,no,1,"besf, CV29, 2025-7-3, Vial 1","large orange and black nitidulid, probs genus Glischrochilus",Coleoptera,1,Nitidulidae,,,,,,,,,,,
besf,medium,2025-07-03,clear vane,29,1,no,1,"besf, CV29, 2025-7-3, Vial 1","dark lampyrids with no visible light organ, head covered by pronotum (3 total)",Coleoptera,1,Lampyridae,,,,,,,,,,,
besf,medium,2025-07-03,clear vane,29,1,no,1,"besf, CV29, 2025-7-3, Vial 1","dark lampyrids with no visible light organ, head covered by pronotum (3 total)",Coleoptera,1,Lampyridae,,,,,,,,,,,
besf,medium,2025-07-03,clear vane,29,1,no,1,"besf, CV29, 2025-7-3, Vial 1","dark lampyrids with no visible light organ, head covered by pronotum (3 total)",Coleoptera,1,Lampyridae,,,,,,,,,,,
besf,medium,2025-07-03,clear vane,29,1,no,1,"besf, CV29, 2025-7-3, Vial 1",smaller lampyrid with visible light organ,Coleoptera,1,Lampyridae,,,,,,,,,,,
besf,medium,2025-07-03,clear vane,29,1,no,1,"besf, CV29, 2025-7-3, Vial 1",large brown elaterid,Coleoptera,1,Elateridae,,,,,,,,,,,
besf,medium,2025-07-03,clear vane,29,1,no,1,"besf, CV29, 2025-7-3, Vial 1","dark lycids, square cells clearly visible in elytra and pectinate antennae (2 total)",Coleoptera,1,Lycidae,,,,,,,,,,,
besf,medium,2025-07-03,clear vane,29,1,no,1,"besf, CV29, 2025-7-3, Vial 1","dark lycids, square cells clearly visible in elytra and pectinate antennae (2 total)",Coleoptera,1,Lycidae,,,,,,,,,,,
besf,medium,2025-07-03,clear vane,29,1,no,1,"besf, CV29, 2025-7-3, Vial 1",mid-size dark brown nitidulid that I would have called a kateretid earlier on. Large terminal ventrite,Coleoptera,1,Nitidulidae,,,,,,,,,,,
besf,medium,2025-07-03,clear vane,29,1,no,1,"besf, CV29, 2025-7-3, Vial 1",dark mordellids (8 total),Coleoptera,1,Mordellidae,,,,,,,,,,,
besf,medium,2025-07-03,clear vane,29,1,no,1,"besf, CV29, 2025-7-3, Vial 1",dark mordellids (8 total),Coleoptera,1,Mordellidae,,,,,,,,,,,
besf,medium,2025-07-03,clear vane,29,1,no,1,"besf, CV29, 2025-7-3, Vial 1",dark mordellids (8 total),Coleoptera,1,Mordellidae,,,,,,,,,,,
besf,medium,2025-07-03,clear vane,29,1,no,1,"besf, CV29, 2025-7-3, Vial 1",dark mordellids (8 total),Coleoptera,1,Mordellidae,,,,,,,,,,,
besf,medium,2025-07-03,clear vane,29,1,no,1,"besf, CV29, 2025-7-3, Vial 1",dark mordellids (8 total),Coleoptera,1,Mordellidae,,,,,,,,,,,
besf,medium,2025-07-03,clear vane,29,1,no,1,"besf, CV29, 2025-7-3, Vial 1",dark mordellids (8 total),Coleoptera,1,Mordellidae,,,,,,,,,,,
besf,medium,2025-07-03,clear vane,29,1,no,1,"besf, CV29, 2025-7-3, Vial 1",dark mordellids (8 total),Coleoptera,1,Mordellidae,,,,,,,,,,,
besf,medium,2025-07-03,clear vane,29,1,no,1,"besf, CV29, 2025-7-3, Vial 1",dark mordellids (8 total),Coleoptera,1,Mordellidae,,,,,,,,,,,
besf,medium,2025-07-03,clear vane,29,1,no,1,"besf, CV29, 2025-7-3, Vial 1","large cryptophagid, probs genus Antherophagus",Coleoptera,1,Cryptophagidae,,,,,,,,,,,
besf,medium,2025-07-03,clear vane,29,1,no,1,"besf, CV29, 2025-7-3, Vial 1",bark beetles (20 total),Coleoptera,1,Curculionidae,,Scolytinae,,,,,,,,,
besf,medium,2025-07-03,clear vane,29,1,no,1,"besf, CV29, 2025-7-3, Vial 1",bark beetles (20 total),Coleoptera,1,Curculionidae,,Scolytinae,,,,,,,,,
besf,medium,2025-07-03,clear vane,29,1,no,1,"besf, CV29, 2025-7-3, Vial 1",bark beetles (20 total),Coleoptera,1,Curculionidae,,Scolytinae,,,,,,,,,
besf,medium,2025-07-03,clear vane,29,1,no,1,"besf, CV29, 2025-7-3, Vial 1",bark beetles (20 total),Coleoptera,1,Curculionidae,,Scolytinae,,,,,,,,,
besf,medium,2025-07-03,clear vane,29,1,no,1,"besf, CV29, 2025-7-3, Vial 1",bark beetles (20 total),Coleoptera,1,Curculionidae,,Scolytinae,,,,,,,,,
besf,medium,2025-07-03,clear vane,29,1,no,1,"besf, CV29, 2025-7-3, Vial 1",bark beetles (20 total),Coleoptera,1,Curculionidae,,Scolytinae,,,,,,,,,
besf,medium,2025-07-03,clear vane,29,1,no,1,"besf, CV29, 2025-7-3, Vial 1",bark beetles (20 total),Coleoptera,1,Curculionidae,,Scolytinae,,,,,,,,,
besf,medium,2025-07-03,clear vane,29,1,no,1,"besf, CV29, 2025-7-3, Vial 1",bark beetles (20 total),Coleoptera,1,Curculionidae,,Scolytinae,,,,,,,,,
besf,medium,2025-07-03,clear vane,29,1,no,1,"besf, CV29, 2025-7-3, Vial 1",bark beetles (20 total),Coleoptera,1,Curculionidae,,Scolytinae,,,,,,,,,
besf,medium,2025-07-03,clear vane,29,1,no,1,"besf, CV29, 2025-7-3, Vial 1",bark beetles (20 total),Coleoptera,1,Curculionidae,,Scolytinae,,,,,,,,,
besf,medium,2025-07-03,clear vane,29,1,no,1,"besf, CV29, 2025-7-3, Vial 1",bark beetles (20 total),Coleoptera,1,Curculionidae,,Scolytinae,,,,,,,,,
besf,medium,2025-07-03,clear vane,29,1,no,1,"besf, CV29, 2025-7-3, Vial 1",bark beetles (20 total),Coleoptera,1,Curculionidae,,Scolytinae,,,,,,,,,
besf,medium,2025-07-03,clear vane,29,1,no,1,"besf, CV29, 2025-7-3, Vial 1",bark beetles (20 total),Coleoptera,1,Curculionidae,,Scolytinae,,,,,,,,,
besf,medium,2025-07-03,clear vane,29,1,no,1,"besf, CV29, 2025-7-3, Vial 1",bark beetles (20 total),Coleoptera,1,Curculionidae,,Scolytinae,,,,,,,,,
besf,medium,2025-07-03,clear vane,29,1,no,1,"besf, CV29, 2025-7-3, Vial 1",bark beetles (20 total),Coleoptera,1,Curculionidae,,Scolytinae,,,,,,,,,
besf,medium,2025-07-03,clear vane,29,1,no,1,"besf, CV29, 2025-7-3, Vial 1",bark beetles (20 total),Coleoptera,1,Curculionidae,,Scolytinae,,,,,,,,,
besf,medium,2025-07-03,clear vane,29,1,no,1,"besf, CV29, 2025-7-3, Vial 1",bark beetles (20 total),Coleoptera,1,Curculionidae,,Scolytinae,,,,,,,,,
besf,medium,2025-07-03,clear vane,29,1,no,1,"besf, CV29, 2025-7-3, Vial 1",bark beetles (20 total),Coleoptera,1,Curculionidae,,Scolytinae,,,,,,,,,
besf,medium,2025-07-03,clear vane,29,1,no,1,"besf, CV29, 2025-7-3, Vial 1",bark beetles (20 total),Coleoptera,1,Curculionidae,,Scolytinae,,,,,,,,,
besf,medium,2025-07-03,clear vane,29,1,no,1,"besf, CV29, 2025-7-3, Vial 1",bark beetles (20 total),Coleoptera,1,Curculionidae,,Scolytinae,,,,,,,,,
besf,medium,2025-07-03,clear vane,29,1,no,1,"besf, CV29, 2025-7-3, Vial 1",dark corylophid with pair of tan spots on elytra,Coleoptera,1,Corylophidae,,,,,,,,,,,
besf,medium,2025-07-03,clear vane,29,1,no,1,"besf, CV29, 2025-7-3, Vial 1",tiny tiny ptiliid beetle,Coleoptera,1,Ptiliidae,,,,,,,,,,,
besf,medium,2025-07-03,clear vane,29,1,no,1,"besf, CV29, 2025-7-3, Vial 1",dark brown nitidulids (2 total),Coleoptera,1,Nitidulidae,,,,,,,,,,,
besf,medium,2025-07-03,clear vane,29,1,no,1,"besf, CV29, 2025-7-3, Vial 1",dark brown nitidulids (2 total),Coleoptera,1,Nitidulidae,,,,,,,,,,,
besf,medium,2025-07-03,clear vane,29,1,no,1,"besf, CV29, 2025-7-3, Vial 1",smaller brown staphs (3 total),Coleoptera,1,Staphylinidae,,,,,,,,,,,
besf,medium,2025-07-03,clear vane,29,1,no,1,"besf, CV29, 2025-7-3, Vial 1",smaller brown staphs (3 total),Coleoptera,1,Staphylinidae,,,,,,,,,,,
besf,medium,2025-07-03,clear vane,29,1,no,1,"besf, CV29, 2025-7-3, Vial 1",smaller brown staphs (3 total),Coleoptera,1,Staphylinidae,,,,,,,,,,,
besf,medium,2025-07-03,clear vane,29,1,no,1,"besf, CV29, 2025-7-3, Vial 1",small brown throscid,Coleoptera,1,Throscidae,,,,,,,,,,,
besf,medium,2025-07-03,clear vane,29,1,no,1,"besf, CV29, 2025-7-3, Vial 1",small mordellids with black and tan striping (2 total),Coleoptera,1,Mordellidae,,,,,,,,,,,
besf,medium,2025-07-03,clear vane,29,1,no,1,"besf, CV29, 2025-7-3, Vial 1",small mordellids with black and tan striping (2 total),Coleoptera,1,Mordellidae,,,,,,,,,,,
besf,medium,2025-07-03,clear vane,29,1,no,1,"besf, CV29, 2025-7-3, Vial 1",small dark brown dermestids (2 total),Coleoptera,1,Dermestidae,,,,,,,,,,,
besf,medium,2025-07-03,clear vane,29,1,no,1,"besf, CV29, 2025-7-3, Vial 1",small dark brown dermestids (2 total),Coleoptera,1,Dermestidae,,,,,,,,,,,
besf,medium,2025-07-03,clear vane,29,1,no,1,"besf, CV29, 2025-7-3, Vial 1","black dermestid that looks very very similar to the dermestid from the previous trap (CV21), except in this case the ocellus is definitely visible",Coleoptera,1,Dermestidae,,,,,,,,,,,
besf,medium,2025-07-03,clear vane,29,1,no,1,"besf, CV29, 2025-7-3, Vial 1","dark brown with paler ventrites, smooth scaphisomatini with obvious larger 1st and 5th ventrites, filiform antennae with very slight loose club. Maybe genus Scaphisoma",Coleoptera,1,Staphylinidae,,Scaphisomatini,,,,,,,,,
,,,,,,,,,,,,,,,,,,,,,,,
besf,unburned,2025-07-03,clear vane,34,1,no,1,"besf, CV34, 2025-7-3, Vial 1",tan scarabs (2 total),Coleoptera,1,Scarabaeidae,,,,,,,,,,,
besf,unburned,2025-07-03,clear vane,34,1,no,1,"besf, CV34, 2025-7-3, Vial 1",tan scarabs (2 total),Coleoptera,1,Scarabaeidae,,,,,,,,,,,
besf,unburned,2025-07-03,clear vane,34,1,no,1,"besf, CV34, 2025-7-3, Vial 1",large pyrochroid,Coleoptera,1,Pyrochroidae,,,,,,,,,,,
besf,unburned,2025-07-03,clear vane,34,1,no,1,"besf, CV34, 2025-7-3, Vial 1",pale orange and black cerambycid with narrowing abdomen,Coleoptera,1,Cerambycidae,,,,,,,,,,,
besf,unburned,2025-07-03,clear vane,34,1,no,1,"besf, CV34, 2025-7-3, Vial 1",black cerambycid with orange strip down each elytron,Coleoptera,1,Cerambycidae,,,,,,,,,,,
besf,unburned,2025-07-03,clear vane,34,1,no,1,"besf, CV34, 2025-7-3, Vial 1",carrion beetle,Coleoptera,1,Staphylinidae,,Silphinae,,,,,,,,,
besf,unburned,2025-07-03,clear vane,34,1,no,1,"besf, CV34, 2025-7-3, Vial 1",large brown elaterid,Coleoptera,1,Elateridae,,,,,,,,,,,
besf,unburned,2025-07-03,clear vane,34,1,no,1,"besf, CV34, 2025-7-3, Vial 1",mid-size lampyrid with visible light organ,Coleoptera,1,Lampyridae,,,,,,,,,,,
besf,unburned,2025-07-03,clear vane,34,1,no,1,"besf, CV34, 2025-7-3, Vial 1","dark lampyrid with no visible light organ, head concealed by pronotum",Coleoptera,1,Lampyridae,,,,,,,,,,,
besf,unburned,2025-07-03,clear vane,34,1,no,1,"besf, CV34, 2025-7-3, Vial 1","clerid with black body and pale orange pronotum with horizontal black lines at front and back, maybe genus Cymatoderella",Coleoptera,1,Cleridae,,,,,,,,,,,
besf,unburned,2025-07-03,clear vane,34,1,no,1,"besf, CV34, 2025-7-3, Vial 1",dark brown eucnemids (3 total),Coleoptera,1,Eucnemidae,,,,,,,,,,,
besf,unburned,2025-07-03,clear vane,34,1,no,1,"besf, CV34, 2025-7-3, Vial 1",dark brown eucnemids (3 total),Coleoptera,1,Eucnemidae,,,,,,,,,,,
besf,unburned,2025-07-03,clear vane,34,1,no,1,"besf, CV34, 2025-7-3, Vial 1",dark brown eucnemids (3 total),Coleoptera,1,Eucnemidae,,,,,,,,,,,
besf,unburned,2025-07-03,clear vane,34,1,no,1,"besf, CV34, 2025-7-3, Vial 1",mottled dark mordellids (2 total),Coleoptera,1,Mordellidae,,,,,,,,,,,
besf,unburned,2025-07-03,clear vane,34,1,no,1,"besf, CV34, 2025-7-3, Vial 1",mottled dark mordellids (2 total),Coleoptera,1,Mordellidae,,,,,,,,,,,
besf,unburned,2025-07-03,clear vane,34,1,no,1,"besf, CV34, 2025-7-3, Vial 1",small mordellid with paler splotches,Coleoptera,1,Mordellidae,,,,,,,,,,,
besf,unburned,2025-07-03,clear vane,34,1,no,1,"besf, CV34, 2025-7-3, Vial 1",coccinellid larva,Coleoptera,1,Coccinellidae,Juvenile,,,,,,,,,,
besf,unburned,2025-07-03,clear vane,34,1,no,1,"besf, CV34, 2025-7-3, Vial 1",round brown leiodid,Coleoptera,1,Leiodidae,,,,,,,,,,,
besf,unburned,2025-07-03,clear vane,34,1,no,1,"besf, CV34, 2025-7-3, Vial 1","brown ptilodactylid, obvious teeth along posterior margin of pronotum",Coleoptera,1,Ptilodactylidae,,,,,,,,,,,
besf,unburned,2025-07-03,clear vane,34,1,no,1,"separate vial - besf, CV34, 2025-7-3",possibly Cnestus mutilatus,Coleoptera,1,Curculionidae,,Scolytinae,,,,,,,,,
besf,unburned,2025-07-03,clear vane,34,1,no,1,"besf, CV34, 2025-7-3, Vial 1",slim staph,Coleoptera,1,Staphylinidae,,,,,,,,,,,
besf,unburned,2025-07-03,clear vane,34,1,no,1,"besf, CV34, 2025-7-3, Vial 1",tear shaped staphs (3 total),Coleoptera,1,Staphylinidae,,,,,,,,,,,
besf,unburned,2025-07-03,clear vane,34,1,no,1,"besf, CV34, 2025-7-3, Vial 1",tear shaped staphs (3 total),Coleoptera,1,Staphylinidae,,,,,,,,,,,
besf,unburned,2025-07-03,clear vane,34,1,no,1,"besf, CV34, 2025-7-3, Vial 1",headless tear shaped staphs (3 total),Coleoptera,1,Staphylinidae,,,,,,,,,,,
besf,unburned,2025-07-03,clear vane,34,1,no,1,"besf, CV34, 2025-7-3, Vial 1",dark mordellid with paler splotches,Coleoptera,1,Mordellidae,,,,,,,,,,,
besf,unburned,2025-07-03,clear vane,34,1,no,1,"besf, CV34, 2025-7-3, Vial 1",dark dermestids (2 total),Coleoptera,1,Dermestidae,,,,,,,,,,,
besf,unburned,2025-07-03,clear vane,34,1,no,1,"besf, CV34, 2025-7-3, Vial 1",dark dermestids (2 total),Coleoptera,1,Dermestidae,,,,,,,,,,,
besf,unburned,2025-07-03,clear vane,34,1,no,1,"besf, CV34, 2025-7-3, Vial 1","small, compact Scydmaeninae with elytra fully covering abdomen",Coleoptera,1,Staphylinidae,,Scydmaeninae,,,,,,,,,
besf,unburned,2025-07-03,clear vane,34,1,no,1,"besf, CV34, 2025-7-3, Vial 1",pale larval coleopteran,Coleoptera,1,Unknown,Juvenile,,,,,,,,,,
besf,unburned,2025-07-03,clear vane,34,1,no,1,"besf, CV34, 2025-7-3, Vial 1",bark beetles (7 total),Coleoptera,1,Curculionidae,,Scolytinae,,,,,,,,,
besf,unburned,2025-07-03,clear vane,34,1,no,1,"besf, CV34, 2025-7-3, Vial 1",bark beetles (7 total),Coleoptera,1,Curculionidae,,Scolytinae,,,,,,,,,
besf,unburned,2025-07-03,clear vane,34,1,no,1,"besf, CV34, 2025-7-3, Vial 1",bark beetles (7 total),Coleoptera,1,Curculionidae,,Scolytinae,,,,,,,,,
besf,unburned,2025-07-03,clear vane,34,1,no,1,"besf, CV34, 2025-7-3, Vial 1",bark beetles (7 total),Coleoptera,1,Curculionidae,,Scolytinae,,,,,,,,,
besf,unburned,2025-07-03,clear vane,34,1,no,1,"besf, CV34, 2025-7-3, Vial 1",bark beetles (7 total),Coleoptera,1,Curculionidae,,Scolytinae,,,,,,,,,
besf,unburned,2025-07-03,clear vane,34,1,no,1,"besf, CV34, 2025-7-3, Vial 1",bark beetles (7 total),Coleoptera,1,Curculionidae,,Scolytinae,,,,,,,,,
besf,unburned,2025-07-03,clear vane,34,1,no,1,"besf, CV34, 2025-7-3, Vial 1",bark beetles (7 total),Coleoptera,1,Curculionidae,,Scolytinae,,,,,,,,,
,,,,,,,,,,,,,,,,,,,,,,,
msf,recent,2025-07-09,clear vane,39,1,no,1,"msf, CV39, 2025-7-9, Vial 1",lampyrid with visible light organ,Coleoptera,1,Lampyridae,,,,,,,,,,,
msf,recent,2025-07-09,clear vane,39,1,no,1,"msf, CV39, 2025-7-9, Vial 1",large elaterids (3 total),Coleoptera,1,Elateridae,,,,,,,,,,,
msf,recent,2025-07-09,clear vane,39,1,no,1,"msf, CV39, 2025-7-9, Vial 1",large elaterids (3 total),Coleoptera,1,Elateridae,,,,,,,,,,,
msf,recent,2025-07-09,clear vane,39,1,no,1,"msf, CV39, 2025-7-9, Vial 1",large elaterids (3 total),Coleoptera,1,Elateridae,,,,,,,,,,,
msf,recent,2025-07-09,clear vane,39,1,no,1,"msf, CV39, 2025-7-9, Vial 1",pale orange cerambycid with narrowing abdomen,Coleoptera,1,Cerambycidae,,,,,,,,,,,
msf,recent,2025-07-09,clear vane,39,1,no,1,"msf, CV39, 2025-7-9, Vial 1",large staph with dull dark brown elytra,Coleoptera,1,Staphylinidae,,,,,,,,,,,
msf,recent,2025-07-09,clear vane,39,1,no,1,"msf, CV39, 2025-7-9, Vial 1",large black curculionids with thick snout (2 total),Coleoptera,1,Curculionidae,,,,,,,,,,,
msf,recent,2025-07-09,clear vane,39,1,no,1,"msf, CV39, 2025-7-9, Vial 1",large black curculionids with thick snout (2 total),Coleoptera,1,Curculionidae,,,,,,,,,,,
msf,recent,2025-07-09,clear vane,39,1,no,1,"msf, CV39, 2025-7-9, Vial 1",probs Dircaea liturata,Coleoptera,1,Melandryidae,,,,,,,,,,,
msf,recent,2025-07-09,clear vane,39,1,no,1,"msf, CV39, 2025-7-9, Vial 1","roundish irridescent dark green tenebrionid with no teeth on claws, probs Dinomus micans",Coleoptera,1,Tenebrionidae,,,,,,,,,,,
msf,recent,2025-07-09,clear vane,39,1,no,1,"msf, CV39, 2025-7-9, Vial 1",pale brown large elaterid,Coleoptera,1,Elateridae,,,,,,,,,,,
msf,recent,2025-07-09,clear vane,39,1,no,1,"msf, CV39, 2025-7-9, Vial 1",bark beetles (8 total),Coleoptera,1,Curculionidae,,Scolytinae,,,,,,,,,
msf,recent,2025-07-09,clear vane,39,1,no,1,"msf, CV39, 2025-7-9, Vial 1",bark beetles (8 total),Coleoptera,1,Curculionidae,,Scolytinae,,,,,,,,,
msf,recent,2025-07-09,clear vane,39,1,no,1,"msf, CV39, 2025-7-9, Vial 1",bark beetles (8 total),Coleoptera,1,Curculionidae,,Scolytinae,,,,,,,,,
msf,recent,2025-07-09,clear vane,39,1,no,1,"msf, CV39, 2025-7-9, Vial 1",bark beetles (8 total),Coleoptera,1,Curculionidae,,Scolytinae,,,,,,,,,
msf,recent,2025-07-09,clear vane,39,1,no,1,"msf, CV39, 2025-7-9, Vial 1",bark beetles (8 total),Coleoptera,1,Curculionidae,,Scolytinae,,,,,,,,,
msf,recent,2025-07-09,clear vane,39,1,no,1,"msf, CV39, 2025-7-9, Vial 1",bark beetles (8 total),Coleoptera,1,Curculionidae,,Scolytinae,,,,,,,,,
msf,recent,2025-07-09,clear vane,39,1,no,1,"msf, CV39, 2025-7-9, Vial 1",bark beetles (8 total),Coleoptera,1,Curculionidae,,Scolytinae,,,,,,,,,
msf,recent,2025-07-09,clear vane,39,1,no,1,"msf, CV39, 2025-7-9, Vial 1",bark beetles (8 total),Coleoptera,1,Curculionidae,,Scolytinae,,,,,,,,,
msf,recent,2025-07-09,clear vane,39,1,no,1,"msf, CV39, 2025-7-9, Vial 1","lampyrid-mimicing cantharid, head clearly not concealed by pronotum",Coleoptera,1,Cantharidae,,,,,,,,,,,
msf,recent,2025-07-09,clear vane,39,1,no,1,"msf, CV39, 2025-7-9, Vial 1",pale brown ptilodactylid,Coleoptera,1,Ptilodactylidae,,,,,,,,,,,
msf,recent,2025-07-09,clear vane,39,1,no,1,"msf, CV39, 2025-7-9, Vial 1",all brown melandryid,Coleoptera,1,Melandryidae,,,,,,,,,,,
msf,recent,2025-07-09,clear vane,39,1,no,1,"msf, CV39, 2025-7-9, Vial 1",large dark mordellids (2 total),Coleoptera,1,Mordellidae,,,,,,,,,,,
msf,recent,2025-07-09,clear vane,39,1,no,1,"msf, CV39, 2025-7-9, Vial 1",large dark mordellids (2 total),Coleoptera,1,Mordellidae,,,,,,,,,,,
msf,recent,2025-07-09,clear vane,39,1,no,1,"msf, CV39, 2025-7-9, Vial 1",small dark mordellid,Coleoptera,1,Mordellidae,,,,,,,,,,,
msf,recent,2025-07-09,clear vane,39,1,no,1,"msf, CV39, 2025-7-9, Vial 1","mid-size elaterids, some all brown and some black with orange pronotum (23 total)",Coleoptera,1,Elateridae,,,,,,,,,,,
msf,recent,2025-07-09,clear vane,39,1,no,1,"msf, CV39, 2025-7-9, Vial 1","mid-size elaterids, some all brown and some black with orange pronotum (23 total)",Coleoptera,1,Elateridae,,,,,,,,,,,
msf,recent,2025-07-09,clear vane,39,1,no,1,"msf, CV39, 2025-7-9, Vial 1","mid-size elaterids, some all brown and some black with orange pronotum (23 total)",Coleoptera,1,Elateridae,,,,,,,,,,,
msf,recent,2025-07-09,clear vane,39,1,no,1,"msf, CV39, 2025-7-9, Vial 1","mid-size elaterids, some all brown and some black with orange pronotum (23 total)",Coleoptera,1,Elateridae,,,,,,,,,,,
msf,recent,2025-07-09,clear vane,39,1,no,1,"msf, CV39, 2025-7-9, Vial 1","mid-size elaterids, some all brown and some black with orange pronotum (23 total)",Coleoptera,1,Elateridae,,,,,,,,,,,
msf,recent,2025-07-09,clear vane,39,1,no,1,"msf, CV39, 2025-7-9, Vial 1","mid-size elaterids, some all brown and some black with orange pronotum (23 total)",Coleoptera,1,Elateridae,,,,,,,,,,,
msf,recent,2025-07-09,clear vane,39,1,no,1,"msf, CV39, 2025-7-9, Vial 1","mid-size elaterids, some all brown and some black with orange pronotum (23 total)",Coleoptera,1,Elateridae,,,,,,,,,,,
msf,recent,2025-07-09,clear vane,39,1,no,1,"msf, CV39, 2025-7-9, Vial 1","mid-size elaterids, some all brown and some black with orange pronotum (23 total)",Coleoptera,1,Elateridae,,,,,,,,,,,
msf,recent,2025-07-09,clear vane,39,1,no,1,"msf, CV39, 2025-7-9, Vial 1","mid-size elaterids, some all brown and some black with orange pronotum (23 total)",Coleoptera,1,Elateridae,,,,,,,,,,,
msf,recent,2025-07-09,clear vane,39,1,no,1,"msf, CV39, 2025-7-9, Vial 1","mid-size elaterids, some all brown and some black with orange pronotum (23 total)",Coleoptera,1,Elateridae,,,,,,,,,,,
msf,recent,2025-07-09,clear vane,39,1,no,1,"msf, CV39, 2025-7-9, Vial 1","mid-size elaterids, some all brown and some black with orange pronotum (23 total)",Coleoptera,1,Elateridae,,,,,,,,,,,
msf,recent,2025-07-09,clear vane,39,1,no,1,"msf, CV39, 2025-7-9, Vial 1","mid-size elaterids, some all brown and some black with orange pronotum (23 total)",Coleoptera,1,Elateridae,,,,,,,,,,,
msf,recent,2025-07-09,clear vane,39,1,no,1,"msf, CV39, 2025-7-9, Vial 1","mid-size elaterids, some all brown and some black with orange pronotum (23 total)",Coleoptera,1,Elateridae,,,,,,,,,,,
msf,recent,2025-07-09,clear vane,39,1,no,1,"msf, CV39, 2025-7-9, Vial 1","mid-size elaterids, some all brown and some black with orange pronotum (23 total)",Coleoptera,1,Elateridae,,,,,,,,,,,
msf,recent,2025-07-09,clear vane,39,1,no,1,"msf, CV39, 2025-7-9, Vial 1","mid-size elaterids, some all brown and some black with orange pronotum (23 total)",Coleoptera,1,Elateridae,,,,,,,,,,,
msf,recent,2025-07-09,clear vane,39,1,no,1,"msf, CV39, 2025-7-9, Vial 1","mid-size elaterids, some all brown and some black with orange pronotum (23 total)",Coleoptera,1,Elateridae,,,,,,,,,,,
msf,recent,2025-07-09,clear vane,39,1,no,1,"msf, CV39, 2025-7-9, Vial 1","mid-size elaterids, some all brown and some black with orange pronotum (23 total)",Coleoptera,1,Elateridae,,,,,,,,,,,
msf,recent,2025-07-09,clear vane,39,1,no,1,"msf, CV39, 2025-7-9, Vial 1","mid-size elaterids, some all brown and some black with orange pronotum (23 total)",Coleoptera,1,Elateridae,,,,,,,,,,,
msf,recent,2025-07-09,clear vane,39,1,no,1,"msf, CV39, 2025-7-9, Vial 1","mid-size elaterids, some all brown and some black with orange pronotum (23 total)",Coleoptera,1,Elateridae,,,,,,,,,,,
msf,recent,2025-07-09,clear vane,39,1,no,1,"msf, CV39, 2025-7-9, Vial 1","mid-size elaterids, some all brown and some black with orange pronotum (23 total)",Coleoptera,1,Elateridae,,,,,,,,,,,
msf,recent,2025-07-09,clear vane,39,1,no,1,"msf, CV39, 2025-7-9, Vial 1","mid-size elaterids, some all brown and some black with orange pronotum (23 total)",Coleoptera,1,Elateridae,,,,,,,,,,,
msf,recent,2025-07-09,clear vane,39,1,no,1,"msf, CV39, 2025-7-9, Vial 1","mid-size elaterids, some all brown and some black with orange pronotum (23 total)",Coleoptera,1,Elateridae,,,,,,,,,,,
msf,recent,2025-07-09,clear vane,39,1,no,1,"msf, CV39, 2025-7-9, Vial 1","mid-size elaterids, some all brown and some black with orange pronotum (23 total)",Coleoptera,1,Elateridae,,,,,,,,,,,
msf,recent,2025-07-09,clear vane,39,1,no,1,"msf, CV39, 2025-7-9, Vial 1",mid size brown eucnemid,Coleoptera,1,Eucnemidae,,,,,,,,,,,
msf,recent,2025-07-09,clear vane,39,1,no,1,"msf, CV39, 2025-7-9, Vial 1",compact mottled dark weevi,Coleoptera,1,Curculionidae,,,,,,,,,,,
msf,recent,2025-07-09,clear vane,39,1,no,1,"msf, CV39, 2025-7-9, Vial 1",larger brown ptinid,Coleoptera,1,Ptinidae,,,,,,,,,,,
msf,recent,2025-07-09,clear vane,39,1,no,1,"msf, CV39, 2025-7-9, Vial 1",dark brown tenebrionid that looked similar to a tetratomid,Coleoptera,1,Tenebrionidae,,,,,,,,,,,
msf,recent,2025-07-09,clear vane,39,1,no,1,"msf, CV39, 2025-7-9, Vial 1","probs Nyholmia collaris, short and wide pronotum with tarsi that looked like chrysomelid tarsi",Coleoptera,1,Scirtidae,,,,,,,,,,,
msf,recent,2025-07-09,clear vane,39,1,no,1,"msf, CV39, 2025-7-9, Vial 1",small black nitidulid,Coleoptera,1,Nitidulidae,,,,,,,,,,,
msf,recent,2025-07-09,clear vane,39,1,no,1,"msf, CV39, 2025-7-9, Vial 1","mid size cryptophagid, maybe genus Antherophagus",Coleoptera,1,Cryptophagidae,,,,,,,,,,,
msf,recent,2025-07-09,clear vane,39,1,no,1,"msf, CV39, 2025-7-9, Vial 1",small slim staphs (6 total),Coleoptera,1,Staphylinidae,,,,,,,,,,,
msf,recent,2025-07-09,clear vane,39,1,no,1,"msf, CV39, 2025-7-9, Vial 1",small slim staphs (6 total),Coleoptera,1,Staphylinidae,,,,,,,,,,,
msf,recent,2025-07-09,clear vane,39,1,no,1,"msf, CV39, 2025-7-9, Vial 1",small slim staphs (6 total),Coleoptera,1,Staphylinidae,,,,,,,,,,,
msf,recent,2025-07-09,clear vane,39,1,no,1,"msf, CV39, 2025-7-9, Vial 1",small slim staphs (6 total),Coleoptera,1,Staphylinidae,,,,,,,,,,,
msf,recent,2025-07-09,clear vane,39,1,no,1,"msf, CV39, 2025-7-9, Vial 1",small slim staphs (6 total),Coleoptera,1,Staphylinidae,,,,,,,,,,,
msf,recent,2025-07-09,clear vane,39,1,no,1,"msf, CV39, 2025-7-9, Vial 1",small slim staphs (6 total),Coleoptera,1,Staphylinidae,,,,,,,,,,,
msf,recent,2025-07-09,clear vane,39,1,no,1,"msf, CV39, 2025-7-9, Vial 1",dark dermestids (2 total),Coleoptera,1,Dermestidae,,,,,,,,,,,
msf,recent,2025-07-09,clear vane,39,1,no,1,"msf, CV39, 2025-7-9, Vial 1",dark dermestids (2 total),Coleoptera,1,Dermestidae,,,,,,,,,,,
msf,recent,2025-07-09,clear vane,39,1,no,1,"msf, CV39, 2025-7-9, Vial 1","dark clerid with slightly short elytra, but clearly a clerid (big bulging eyes, cyclindrical pronotum, lobes under tarsi)",Coleoptera,1,Cleridae,,,,,,,,,,,
msf,recent,2025-07-09,clear vane,39,1,no,1,"msf, CV39, 2025-7-9, Vial 1",dark aderid with 4 spots of orange-tan,Coleoptera,1,Aderidae,,,,,,,,,,,
msf,recent,2025-07-09,clear vane,39,1,no,1,"msf, CV39, 2025-7-9, Vial 1","all brown scirtid, has the heart shaped 3rd tarsomere",Coleoptera,1,Scirtidae,,,,,,,,,,,
msf,recent,2025-07-09,clear vane,39,1,no,1,"msf, CV39, 2025-7-9, Vial 1","tan scraptiids (7 total), all with head clearly with a sudden drop like a clif in the back",Coleoptera,1,Scraptiidae,,,,,,,,,,,
msf,recent,2025-07-09,clear vane,39,1,no,1,"msf, CV39, 2025-7-9, Vial 1","tan scraptiids (7 total), all with head clearly with a sudden drop like a clif in the back",Coleoptera,1,Scraptiidae,,,,,,,,,,,
msf,recent,2025-07-09,clear vane,39,1,no,1,"msf, CV39, 2025-7-9, Vial 1","tan scraptiids (7 total), all with head clearly with a sudden drop like a clif in the back",Coleoptera,1,Scraptiidae,,,,,,,,,,,
msf,recent,2025-07-09,clear vane,39,1,no,1,"msf, CV39, 2025-7-9, Vial 1","tan scraptiids (7 total), all with head clearly with a sudden drop like a clif in the back",Coleoptera,1,Scraptiidae,,,,,,,,,,,
msf,recent,2025-07-09,clear vane,39,1,no,1,"msf, CV39, 2025-7-9, Vial 1","tan scraptiids (7 total), all with head clearly with a sudden drop like a clif in the back",Coleoptera,1,Scraptiidae,,,,,,,,,,,
msf,recent,2025-07-09,clear vane,39,1,no,1,"msf, CV39, 2025-7-9, Vial 1","tan scraptiids (7 total), all with head clearly with a sudden drop like a clif in the back",Coleoptera,1,Scraptiidae,,,,,,,,,,,
msf,recent,2025-07-09,clear vane,39,1,no,1,"msf, CV39, 2025-7-9, Vial 1","tan scraptiids (7 total), all with head clearly with a sudden drop like a clif in the back",Coleoptera,1,Scraptiidae,,,,,,,,,,,
,,,,,,,,,,,,,,,,,,,,,,,
msf,medium,2025-07-09,clear vane,45,1,no,1,"msf, CV45, 2025-7-9, Vial 1","irridescenet dark green tenebrionid with no visible teeth along claws, probs genus Dinomus (2 total)",Coleoptera,1,Tenebrionidae,,,,,,,,,,,
msf,medium,2025-07-09,clear vane,45,1,no,1,"msf, CV45, 2025-7-9, Vial 1","irridescenet dark green tenebrionid with no visible teeth along claws, probs genus Dinomus (2 total)",Coleoptera,1,Tenebrionidae,,,,,,,,,,,
msf,medium,2025-07-09,clear vane,45,1,no,1,"msf, CV45, 2025-7-9, Vial 1",mottled dark cerambycid,Coleoptera,1,Cerambycidae,,,,,,,,,,,
msf,medium,2025-07-09,clear vane,45,1,no,1,"msf, CV45, 2025-7-9, Vial 1",tan-orange cerambycid with pale spots,Coleoptera,1,Cerambycidae,,,,,,,,,,,
msf,medium,2025-07-09,clear vane,45,1,no,1,"msf, CV45, 2025-7-9, Vial 1",large brown elaterids (3 total),Coleoptera,1,Elateridae,,,,,,,,,,,
msf,medium,2025-07-09,clear vane,45,1,no,1,"msf, CV45, 2025-7-9, Vial 1",large brown elaterids (3 total),Coleoptera,1,Elateridae,,,,,,,,,,,
msf,medium,2025-07-09,clear vane,45,1,no,1,"msf, CV45, 2025-7-9, Vial 1",large brown elaterids (3 total),Coleoptera,1,Elateridae,,,,,,,,,,,
msf,medium,2025-07-09,clear vane,45,1,no,1,"msf, CV45, 2025-7-9, Vial 1","tan tenebrionids, probs genus Isomera (2 total)",Coleoptera,1,Tenebrionidae,,,,,,,,,,,
msf,medium,2025-07-09,clear vane,45,1,no,1,"msf, CV45, 2025-7-9, Vial 1","tan tenebrionids, probs genus Isomera (2 total)",Coleoptera,1,Tenebrionidae,,,,,,,,,,,
msf,medium,2025-07-09,clear vane,45,1,no,1,"msf, CV45, 2025-7-9, Vial 1",probs Dircaea liturata,Coleoptera,1,Melandryidae,,,,,,,,,,,
msf,medium,2025-07-09,clear vane,45,1,no,1,"msf, CV45, 2025-7-9, Vial 1","pyrochroid with narrower pronotum, pectinate make it clear that it is a pyrochroid",Coleoptera,1,Pyrochroidae,,,,,,,,,,,
msf,medium,2025-07-09,clear vane,45,1,no,1,"msf, CV45, 2025-7-9, Vial 1",shiny green scarabs with shorter elytra and tufts of white hair (3 total),Coleoptera,1,Scarabaeidae,,,,,,,,,,,
msf,medium,2025-07-09,clear vane,45,1,no,1,"msf, CV45, 2025-7-9, Vial 1",shiny green scarabs with shorter elytra and tufts of white hair (3 total),Coleoptera,1,Scarabaeidae,,,,,,,,,,,
msf,medium,2025-07-09,clear vane,45,1,no,1,"msf, CV45, 2025-7-9, Vial 1",shiny green scarabs with shorter elytra and tufts of white hair (3 total),Coleoptera,1,Scarabaeidae,,,,,,,,,,,
msf,medium,2025-07-09,clear vane,45,1,no,1,"msf, CV45, 2025-7-9, Vial 1",dark mottled mordellids (8 total),Coleoptera,1,Mordellidae,,,,,,,,,,,
msf,medium,2025-07-09,clear vane,45,1,no,1,"msf, CV45, 2025-7-9, Vial 1",dark mottled mordellids (8 total),Coleoptera,1,Mordellidae,,,,,,,,,,,
msf,medium,2025-07-09,clear vane,45,1,no,1,"msf, CV45, 2025-7-9, Vial 1",dark mottled mordellids (8 total),Coleoptera,1,Mordellidae,,,,,,,,,,,
msf,medium,2025-07-09,clear vane,45,1,no,1,"msf, CV45, 2025-7-9, Vial 1",dark mottled mordellids (8 total),Coleoptera,1,Mordellidae,,,,,,,,,,,
msf,medium,2025-07-09,clear vane,45,1,no,1,"msf, CV45, 2025-7-9, Vial 1",dark mottled mordellids (8 total),Coleoptera,1,Mordellidae,,,,,,,,,,,
msf,medium,2025-07-09,clear vane,45,1,no,1,"msf, CV45, 2025-7-9, Vial 1",dark mottled mordellids (8 total),Coleoptera,1,Mordellidae,,,,,,,,,,,
msf,medium,2025-07-09,clear vane,45,1,no,1,"msf, CV45, 2025-7-9, Vial 1",dark mottled mordellids (8 total),Coleoptera,1,Mordellidae,,,,,,,,,,,
msf,medium,2025-07-09,clear vane,45,1,no,1,"msf, CV45, 2025-7-9, Vial 1",dark mottled mordellids (8 total),Coleoptera,1,Mordellidae,,,,,,,,,,,
msf,medium,2025-07-09,clear vane,45,1,no,1,"msf, CV45, 2025-7-9, Vial 1",tear shaped staphs (2 total),Coleoptera,1,Staphylinidae,,,,,,,,,,,
msf,medium,2025-07-09,clear vane,45,1,no,1,"msf, CV45, 2025-7-9, Vial 1",tear shaped staphs (2 total),Coleoptera,1,Staphylinidae,,,,,,,,,,,
msf,medium,2025-07-09,clear vane,45,1,no,1,"msf, CV45, 2025-7-9, Vial 1",rove beetle shaped staph,Coleoptera,1,Staphylinidae,,,,,,,,,,,
msf,medium,2025-07-09,clear vane,45,1,no,1,"msf, CV45, 2025-7-9, Vial 1","lampyrid-mimicing canthatid, head clearly not concealed by pronotum",Coleoptera,1,Cantharidae,,,,,,,,,,,
msf,medium,2025-07-09,clear vane,45,1,no,1,"msf, CV45, 2025-7-9, Vial 1",rounder brown leiodid,Coleoptera,1,Leiodidae,,,,,,,,,,,
msf,medium,2025-07-09,clear vane,45,1,no,1,"msf, CV45, 2025-7-9, Vial 1","lampyrid-mimicing lycid, head not covered by pronotum BUT clearly visible numerous square shaped cells all over elytra",Coleoptera,1,Lycidae,,,,,,,,,,,
msf,medium,2025-07-09,clear vane,45,1,no,1,"msf, CV45, 2025-7-9, Vial 1",small black nitidulids (3 total),Coleoptera,1,Nitidulidae,,,,,,,,,,,
msf,medium,2025-07-09,clear vane,45,1,no,1,"msf, CV45, 2025-7-9, Vial 1",small black nitidulids (3 total),Coleoptera,1,Nitidulidae,,,,,,,,,,,
msf,medium,2025-07-09,clear vane,45,1,no,1,"msf, CV45, 2025-7-9, Vial 1",small black nitidulids (3 total),Coleoptera,1,Nitidulidae,,,,,,,,,,,
msf,medium,2025-07-09,clear vane,45,1,no,1,"msf, CV45, 2025-7-9, Vial 1",dark mottled dermestids (4 total),Coleoptera,1,Dermestidae,,,,,,,,,,,
msf,medium,2025-07-09,clear vane,45,1,no,1,"msf, CV45, 2025-7-9, Vial 1",dark mottled dermestids (4 total),Coleoptera,1,Dermestidae,,,,,,,,,,,
msf,medium,2025-07-09,clear vane,45,1,no,1,"msf, CV45, 2025-7-9, Vial 1",dark mottled dermestids (4 total),Coleoptera,1,Dermestidae,,,,,,,,,,,
msf,medium,2025-07-09,clear vane,45,1,no,1,"msf, CV45, 2025-7-9, Vial 1",dark mottled dermestids (4 total),Coleoptera,1,Dermestidae,,,,,,,,,,,
msf,medium,2025-07-09,clear vane,45,1,no,1,"msf, CV45, 2025-7-9, Vial 1",cantharids with short elytra and pale bodies (9 total),Coleoptera,1,Cantharidae,,,,,,,,,,,
msf,medium,2025-07-09,clear vane,45,1,no,1,"msf, CV45, 2025-7-9, Vial 1",cantharids with short elytra and pale bodies (9 total),Coleoptera,1,Cantharidae,,,,,,,,,,,
msf,medium,2025-07-09,clear vane,45,1,no,1,"msf, CV45, 2025-7-9, Vial 1",cantharids with short elytra and pale bodies (9 total),Coleoptera,1,Cantharidae,,,,,,,,,,,
msf,medium,2025-07-09,clear vane,45,1,no,1,"msf, CV45, 2025-7-9, Vial 1",cantharids with short elytra and pale bodies (9 total),Coleoptera,1,Cantharidae,,,,,,,,,,,
msf,medium,2025-07-09,clear vane,45,1,no,1,"msf, CV45, 2025-7-9, Vial 1",cantharids with short elytra and pale bodies (9 total),Coleoptera,1,Cantharidae,,,,,,,,,,,
msf,medium,2025-07-09,clear vane,45,1,no,1,"msf, CV45, 2025-7-9, Vial 1",cantharids with short elytra and pale bodies (9 total),Coleoptera,1,Cantharidae,,,,,,,,,,,
msf,medium,2025-07-09,clear vane,45,1,no,1,"msf, CV45, 2025-7-9, Vial 1",cantharids with short elytra and pale bodies (9 total),Coleoptera,1,Cantharidae,,,,,,,,,,,
msf,medium,2025-07-09,clear vane,45,1,no,1,"msf, CV45, 2025-7-9, Vial 1",cantharids with short elytra and pale bodies (9 total),Coleoptera,1,Cantharidae,,,,,,,,,,,
msf,medium,2025-07-09,clear vane,45,1,no,1,"msf, CV45, 2025-7-9, Vial 1",cantharids with short elytra and pale bodies (9 total),Coleoptera,1,Cantharidae,,,,,,,,,,,
msf,medium,2025-07-09,clear vane,45,1,no,1,"msf, CV45, 2025-7-9, Vial 1",smaller cantharid with short elytra and pale body,Coleoptera,1,Cantharidae,,,,,,,,,,,
msf,medium,2025-07-09,clear vane,45,1,no,1,"msf, CV45, 2025-7-9, Vial 1",small brown throscids (3 total),Coleoptera,1,Throscidae,,,,,,,,,,,
msf,medium,2025-07-09,clear vane,45,1,no,1,"msf, CV45, 2025-7-9, Vial 1",small brown throscids (3 total),Coleoptera,1,Throscidae,,,,,,,,,,,
msf,medium,2025-07-09,clear vane,45,1,no,1,"msf, CV45, 2025-7-9, Vial 1",small brown throscids (3 total),Coleoptera,1,Throscidae,,,,,,,,,,,
msf,medium,2025-07-09,clear vane,45,1,no,1,"msf, CV45, 2025-7-9, Vial 1",small tan nitidulids (2 total),Coleoptera,1,Nitidulidae,,,,,,,,,,,
msf,medium,2025-07-09,clear vane,45,1,no,1,"msf, CV45, 2025-7-9, Vial 1",small tan nitidulids (2 total),Coleoptera,1,Nitidulidae,,,,,,,,,,,
msf,medium,2025-07-09,clear vane,45,1,no,1,"msf, CV45, 2025-7-9, Vial 1",scraptiids with clear clif-like drop off on posterior edge of head (10 total),Coleoptera,1,Scraptiidae,,,,,,,,,,,
msf,medium,2025-07-09,clear vane,45,1,no,1,"msf, CV45, 2025-7-9, Vial 1",scraptiids with clear clif-like drop off on posterior edge of head (10 total),Coleoptera,1,Scraptiidae,,,,,,,,,,,
msf,medium,2025-07-09,clear vane,45,1,no,1,"msf, CV45, 2025-7-9, Vial 1",scraptiids with clear clif-like drop off on posterior edge of head (10 total),Coleoptera,1,Scraptiidae,,,,,,,,,,,
msf,medium,2025-07-09,clear vane,45,1,no,1,"msf, CV45, 2025-7-9, Vial 1",scraptiids with clear clif-like drop off on posterior edge of head (10 total),Coleoptera,1,Scraptiidae,,,,,,,,,,,
msf,medium,2025-07-09,clear vane,45,1,no,1,"msf, CV45, 2025-7-9, Vial 1",scraptiids with clear clif-like drop off on posterior edge of head (10 total),Coleoptera,1,Scraptiidae,,,,,,,,,,,
msf,medium,2025-07-09,clear vane,45,1,no,1,"msf, CV45, 2025-7-9, Vial 1",scraptiids with clear clif-like drop off on posterior edge of head (10 total),Coleoptera,1,Scraptiidae,,,,,,,,,,,
msf,medium,2025-07-09,clear vane,45,1,no,1,"msf, CV45, 2025-7-9, Vial 1",scraptiids with clear clif-like drop off on posterior edge of head (10 total),Coleoptera,1,Scraptiidae,,,,,,,,,,,
msf,medium,2025-07-09,clear vane,45,1,no,1,"msf, CV45, 2025-7-9, Vial 1",scraptiids with clear clif-like drop off on posterior edge of head (10 total),Coleoptera,1,Scraptiidae,,,,,,,,,,,
msf,medium,2025-07-09,clear vane,45,1,no,1,"msf, CV45, 2025-7-9, Vial 1",scraptiids with clear clif-like drop off on posterior edge of head (10 total),Coleoptera,1,Scraptiidae,,,,,,,,,,,
msf,medium,2025-07-09,clear vane,45,1,no,1,"msf, CV45, 2025-7-9, Vial 1",scraptiids with clear clif-like drop off on posterior edge of head (10 total),Coleoptera,1,Scraptiidae,,,,,,,,,,,
msf,medium,2025-07-09,clear vane,45,1,no,1,"msf, CV45, 2025-7-9, Vial 1",yellow-orange and brown small mordellid,Coleoptera,1,Mordellidae,,,,,,,,,,,
msf,medium,2025-07-09,clear vane,45,1,no,1,"msf, CV45, 2025-7-9, Vial 1",cerylonid-esque cryptophagid with a loose 3-seg club,Coleoptera,1,Cryptophagidae,,,,,,,,,,,
msf,medium,2025-07-09,clear vane,45,1,no,1,"msf, CV45, 2025-7-9, Vial 1",all brown eucinetid,Coleoptera,1,Eucinetidae,,,,,,,,,,,
msf,medium,2025-07-09,clear vane,45,1,no,1,"msf, CV45, 2025-7-9, Vial 1",bark beetles (6 total),Coleoptera,1,Curculionidae,,Scolytinae,,,,,,,,,
msf,medium,2025-07-09,clear vane,45,1,no,1,"msf, CV45, 2025-7-9, Vial 1",bark beetles (6 total),Coleoptera,1,Curculionidae,,Scolytinae,,,,,,,,,
msf,medium,2025-07-09,clear vane,45,1,no,1,"msf, CV45, 2025-7-9, Vial 1",bark beetles (6 total),Coleoptera,1,Curculionidae,,Scolytinae,,,,,,,,,
msf,medium,2025-07-09,clear vane,45,1,no,1,"msf, CV45, 2025-7-9, Vial 1",bark beetles (6 total),Coleoptera,1,Curculionidae,,Scolytinae,,,,,,,,,
msf,medium,2025-07-09,clear vane,45,1,no,1,"msf, CV45, 2025-7-9, Vial 1",bark beetles (6 total),Coleoptera,1,Curculionidae,,Scolytinae,,,,,,,,,
msf,medium,2025-07-09,clear vane,45,1,no,1,"msf, CV45, 2025-7-9, Vial 1",bark beetles (6 total),Coleoptera,1,Curculionidae,,Scolytinae,,,,,,,,,
,,,,,,,,,,,,,,,,,,,,,,,
msf,unburned,2025-07-09,clear vane,52,1,no,1,"msf, CV52, 2025-7-9, Vial 1",scraptiids with clear cliff-like slope on posterior margin of head (8 total),Coleoptera,1,Scraptiidae,,,,,,,,,,,
msf,unburned,2025-07-09,clear vane,52,1,no,1,"msf, CV52, 2025-7-9, Vial 1",scraptiids with clear cliff-like slope on posterior margin of head (8 total),Coleoptera,1,Scraptiidae,,,,,,,,,,,
msf,unburned,2025-07-09,clear vane,52,1,no,1,"msf, CV52, 2025-7-9, Vial 1",scraptiids with clear cliff-like slope on posterior margin of head (8 total),Coleoptera,1,Scraptiidae,,,,,,,,,,,
msf,unburned,2025-07-09,clear vane,52,1,no,1,"msf, CV52, 2025-7-9, Vial 1",scraptiids with clear cliff-like slope on posterior margin of head (8 total),Coleoptera,1,Scraptiidae,,,,,,,,,,,
msf,unburned,2025-07-09,clear vane,52,1,no,1,"msf, CV52, 2025-7-9, Vial 1",scraptiids with clear cliff-like slope on posterior margin of head (8 total),Coleoptera,1,Scraptiidae,,,,,,,,,,,
msf,unburned,2025-07-09,clear vane,52,1,no,1,"msf, CV52, 2025-7-9, Vial 1",scraptiids with clear cliff-like slope on posterior margin of head (8 total),Coleoptera,1,Scraptiidae,,,,,,,,,,,
msf,unburned,2025-07-09,clear vane,52,1,no,1,"msf, CV52, 2025-7-9, Vial 1",scraptiids with clear cliff-like slope on posterior margin of head (8 total),Coleoptera,1,Scraptiidae,,,,,,,,,,,
msf,unburned,2025-07-09,clear vane,52,1,no,1,"msf, CV52, 2025-7-9, Vial 1",scraptiids with clear cliff-like slope on posterior margin of head (8 total),Coleoptera,1,Scraptiidae,,,,,,,,,,,
msf,unburned,2025-07-09,clear vane,52,1,no,1,"msf, CV52, 2025-7-9, Vial 1","bark beetles, one of which is covered in white mites (15 total)",Coleoptera,1,Curculionidae,,Scolytinae,,,,,,,,,
msf,unburned,2025-07-09,clear vane,52,1,no,1,"msf, CV52, 2025-7-9, Vial 1","bark beetles, one of which is covered in white mites (15 total)",Coleoptera,1,Curculionidae,,Scolytinae,,,,,,,,,
msf,unburned,2025-07-09,clear vane,52,1,no,1,"msf, CV52, 2025-7-9, Vial 1","bark beetles, one of which is covered in white mites (15 total)",Coleoptera,1,Curculionidae,,Scolytinae,,,,,,,,,
msf,unburned,2025-07-09,clear vane,52,1,no,1,"msf, CV52, 2025-7-9, Vial 1","bark beetles, one of which is covered in white mites (15 total)",Coleoptera,1,Curculionidae,,Scolytinae,,,,,,,,,
msf,unburned,2025-07-09,clear vane,52,1,no,1,"msf, CV52, 2025-7-9, Vial 1","bark beetles, one of which is covered in white mites (15 total)",Coleoptera,1,Curculionidae,,Scolytinae,,,,,,,,,
msf,unburned,2025-07-09,clear vane,52,1,no,1,"msf, CV52, 2025-7-9, Vial 1","bark beetles, one of which is covered in white mites (15 total)",Coleoptera,1,Curculionidae,,Scolytinae,,,,,,,,,
msf,unburned,2025-07-09,clear vane,52,1,no,1,"msf, CV52, 2025-7-9, Vial 1","bark beetles, one of which is covered in white mites (15 total)",Coleoptera,1,Curculionidae,,Scolytinae,,,,,,,,,
msf,unburned,2025-07-09,clear vane,52,1,no,1,"msf, CV52, 2025-7-9, Vial 1","bark beetles, one of which is covered in white mites (15 total)",Coleoptera,1,Curculionidae,,Scolytinae,,,,,,,,,
msf,unburned,2025-07-09,clear vane,52,1,no,1,"msf, CV52, 2025-7-9, Vial 1","bark beetles, one of which is covered in white mites (15 total)",Coleoptera,1,Curculionidae,,Scolytinae,,,,,,,,,
msf,unburned,2025-07-09,clear vane,52,1,no,1,"msf, CV52, 2025-7-9, Vial 1","bark beetles, one of which is covered in white mites (15 total)",Coleoptera,1,Curculionidae,,Scolytinae,,,,,,,,,
msf,unburned,2025-07-09,clear vane,52,1,no,1,"msf, CV52, 2025-7-9, Vial 1","bark beetles, one of which is covered in white mites (15 total)",Coleoptera,1,Curculionidae,,Scolytinae,,,,,,,,,
msf,unburned,2025-07-09,clear vane,52,1,no,1,"msf, CV52, 2025-7-9, Vial 1","bark beetles, one of which is covered in white mites (15 total)",Coleoptera,1,Curculionidae,,Scolytinae,,,,,,,,,
msf,unburned,2025-07-09,clear vane,52,1,no,1,"msf, CV52, 2025-7-9, Vial 1","bark beetles, one of which is covered in white mites (15 total)",Coleoptera,1,Curculionidae,,Scolytinae,,,,,,,,,
msf,unburned,2025-07-09,clear vane,52,1,no,1,"msf, CV52, 2025-7-9, Vial 1","bark beetles, one of which is covered in white mites (15 total)",Coleoptera,1,Curculionidae,,Scolytinae,,,,,,,,,
msf,unburned,2025-07-09,clear vane,52,1,no,1,"msf, CV52, 2025-7-9, Vial 1","bark beetles, one of which is covered in white mites (15 total)",Coleoptera,1,Curculionidae,,Scolytinae,,,,,,,,,
msf,unburned,2025-07-09,clear vane,52,1,no,1,"msf, CV52, 2025-7-9, Vial 1",tetratomid-looking tenebrionid (toothed claw),Coleoptera,1,Tenebrionidae,,,,,,,,,,,
msf,unburned,2025-07-09,clear vane,52,1,no,1,"msf, CV52, 2025-7-9, Vial 1","scraptiid-esque tetratomid with paler splotches on elytra shoulders, maybe genus Hallomenus",Coleoptera,1,Tetratomidae,,,,,,,,,,,
msf,unburned,2025-07-09,clear vane,52,1,no,1,"msf, CV52, 2025-7-9, Vial 1",large brown elaterid,Coleoptera,1,Elateridae,,,,,,,,,,,
msf,unburned,2025-07-09,clear vane,52,1,no,1,"msf, CV52, 2025-7-9, Vial 1",mid size brown elaterid,Coleoptera,1,Elateridae,,,,,,,,,,,
msf,unburned,2025-07-09,clear vane,52,1,no,1,"msf, CV52, 2025-7-9, Vial 1",orange cermabycids with black outlines on elytra (2 total),Coleoptera,1,Cerambycidae,,,,,,,,,,,
msf,unburned,2025-07-09,clear vane,52,1,no,1,"msf, CV52, 2025-7-9, Vial 1",orange cermabycids with black outlines on elytra (2 total),Coleoptera,1,Cerambycidae,,,,,,,,,,,
msf,unburned,2025-07-09,clear vane,52,1,no,1,"msf, CV52, 2025-7-9, Vial 1",carrion beetle,Coleoptera,1,Staphylinidae,,Silphinae,,,,,,,,,
msf,unburned,2025-07-09,clear vane,52,1,no,1,"msf, CV52, 2025-7-9, Vial 1","orange and black splotched nitidulid, probs genus Glischrochilus",Coleoptera,1,Nitidulidae,,,,,,,,,,,
msf,unburned,2025-07-09,clear vane,52,1,no,1,"msf, CV52, 2025-7-9, Vial 1",tear shaped staphs (10 total),Coleoptera,1,Staphylinidae,,,,,,,,,,,
msf,unburned,2025-07-09,clear vane,52,1,no,1,"msf, CV52, 2025-7-9, Vial 1",tear shaped staphs (10 total),Coleoptera,1,Staphylinidae,,,,,,,,,,,
msf,unburned,2025-07-09,clear vane,52,1,no,1,"msf, CV52, 2025-7-9, Vial 1",tear shaped staphs (10 total),Coleoptera,1,Staphylinidae,,,,,,,,,,,
msf,unburned,2025-07-09,clear vane,52,1,no,1,"msf, CV52, 2025-7-9, Vial 1",tear shaped staphs (10 total),Coleoptera,1,Staphylinidae,,,,,,,,,,,
msf,unburned,2025-07-09,clear vane,52,1,no,1,"msf, CV52, 2025-7-9, Vial 1",tear shaped staphs (10 total),Coleoptera,1,Staphylinidae,,,,,,,,,,,
msf,unburned,2025-07-09,clear vane,52,1,no,1,"msf, CV52, 2025-7-9, Vial 1",tear shaped staphs (10 total),Coleoptera,1,Staphylinidae,,,,,,,,,,,
msf,unburned,2025-07-09,clear vane,52,1,no,1,"msf, CV52, 2025-7-9, Vial 1",tear shaped staphs (10 total),Coleoptera,1,Staphylinidae,,,,,,,,,,,
msf,unburned,2025-07-09,clear vane,52,1,no,1,"msf, CV52, 2025-7-9, Vial 1",tear shaped staphs (10 total),Coleoptera,1,Staphylinidae,,,,,,,,,,,
msf,unburned,2025-07-09,clear vane,52,1,no,1,"msf, CV52, 2025-7-9, Vial 1",tear shaped staphs (10 total),Coleoptera,1,Staphylinidae,,,,,,,,,,,
msf,unburned,2025-07-09,clear vane,52,1,no,1,"msf, CV52, 2025-7-9, Vial 1",tear shaped staphs (10 total),Coleoptera,1,Staphylinidae,,,,,,,,,,,
msf,unburned,2025-07-09,clear vane,52,1,no,1,"msf, CV52, 2025-7-9, Vial 1",mid size brown rove beetles (3 total),Coleoptera,1,Staphylinidae,,,,,,,,,,,
msf,unburned,2025-07-09,clear vane,52,1,no,1,"msf, CV52, 2025-7-9, Vial 1",mid size brown rove beetles (3 total),Coleoptera,1,Staphylinidae,,,,,,,,,,,
msf,unburned,2025-07-09,clear vane,52,1,no,1,"msf, CV52, 2025-7-9, Vial 1",mid size brown rove beetles (3 total),Coleoptera,1,Staphylinidae,,,,,,,,,,,
msf,unburned,2025-07-09,clear vane,52,1,no,1,"msf, CV52, 2025-7-9, Vial 1",genus Mycetophaghus,Coleoptera,1,Mycetophagidae,,,,,,,,,,,
msf,unburned,2025-07-09,clear vane,52,1,no,1,"msf, CV52, 2025-7-9, Vial 1","large cryptophagid, probs genus Antherophagus",Coleoptera,1,Cryptophagidae,,,,,,,,,,,
msf,unburned,2025-07-09,clear vane,52,1,no,1,"msf, CV52, 2025-7-9, Vial 1",all black cantharid with slight orange on margins of pronotum,Coleoptera,1,Cantharidae,,,,,,,,,,,
msf,unburned,2025-07-09,clear vane,52,1,no,1,"msf, CV52, 2025-7-9, Vial 1",mid size mordellids (2 total),Coleoptera,1,Mordellidae,,,,,,,,,,,
msf,unburned,2025-07-09,clear vane,52,1,no,1,"msf, CV52, 2025-7-9, Vial 1",mid size mordellids (2 total),Coleoptera,1,Mordellidae,,,,,,,,,,,
msf,unburned,2025-07-09,clear vane,52,1,no,1,"msf, CV52, 2025-7-9, Vial 1",mid size eucnemids (11 total),Coleoptera,1,Eucnemidae,,,,,,,,,,,
msf,unburned,2025-07-09,clear vane,52,1,no,1,"msf, CV52, 2025-7-9, Vial 1",mid size eucnemids (11 total),Coleoptera,1,Eucnemidae,,,,,,,,,,,
msf,unburned,2025-07-09,clear vane,52,1,no,1,"msf, CV52, 2025-7-9, Vial 1",mid size eucnemids (11 total),Coleoptera,1,Eucnemidae,,,,,,,,,,,
msf,unburned,2025-07-09,clear vane,52,1,no,1,"msf, CV52, 2025-7-9, Vial 1",mid size eucnemids (11 total),Coleoptera,1,Eucnemidae,,,,,,,,,,,
msf,unburned,2025-07-09,clear vane,52,1,no,1,"msf, CV52, 2025-7-9, Vial 1",mid size eucnemids (11 total),Coleoptera,1,Eucnemidae,,,,,,,,,,,
msf,unburned,2025-07-09,clear vane,52,1,no,1,"msf, CV52, 2025-7-9, Vial 1",mid size eucnemids (11 total),Coleoptera,1,Eucnemidae,,,,,,,,,,,
msf,unburned,2025-07-09,clear vane,52,1,no,1,"msf, CV52, 2025-7-9, Vial 1",mid size eucnemids (11 total),Coleoptera,1,Eucnemidae,,,,,,,,,,,
msf,unburned,2025-07-09,clear vane,52,1,no,1,"msf, CV52, 2025-7-9, Vial 1",mid size eucnemids (11 total),Coleoptera,1,Eucnemidae,,,,,,,,,,,
msf,unburned,2025-07-09,clear vane,52,1,no,1,"msf, CV52, 2025-7-9, Vial 1",mid size eucnemids (11 total),Coleoptera,1,Eucnemidae,,,,,,,,,,,
msf,unburned,2025-07-09,clear vane,52,1,no,1,"msf, CV52, 2025-7-9, Vial 1",mid size eucnemids (11 total),Coleoptera,1,Eucnemidae,,,,,,,,,,,
msf,unburned,2025-07-09,clear vane,52,1,no,1,"msf, CV52, 2025-7-9, Vial 1",mid size eucnemids (11 total),Coleoptera,1,Eucnemidae,,,,,,,,,,,
msf,unburned,2025-07-09,clear vane,52,1,no,1,"msf, CV52, 2025-7-9, Vial 1",dark mottled dermestids (5 total),Coleoptera,1,Dermestidae,,,,,,,,,,,
msf,unburned,2025-07-09,clear vane,52,1,no,1,"msf, CV52, 2025-7-9, Vial 1",dark mottled dermestids (5 total),Coleoptera,1,Dermestidae,,,,,,,,,,,
msf,unburned,2025-07-09,clear vane,52,1,no,1,"msf, CV52, 2025-7-9, Vial 1",dark mottled dermestids (5 total),Coleoptera,1,Dermestidae,,,,,,,,,,,
msf,unburned,2025-07-09,clear vane,52,1,no,1,"msf, CV52, 2025-7-9, Vial 1",dark mottled dermestids (5 total),Coleoptera,1,Dermestidae,,,,,,,,,,,
msf,unburned,2025-07-09,clear vane,52,1,no,1,"msf, CV52, 2025-7-9, Vial 1",dark mottled dermestids (5 total),Coleoptera,1,Dermestidae,,,,,,,,,,,
msf,unburned,2025-07-09,clear vane,52,1,no,1,"msf, CV52, 2025-7-9, Vial 1",small narrow staphs (9 total),Coleoptera,1,Staphylinidae,,,,,,,,,,,
msf,unburned,2025-07-09,clear vane,52,1,no,1,"msf, CV52, 2025-7-9, Vial 1",small narrow staphs (9 total),Coleoptera,1,Staphylinidae,,,,,,,,,,,
msf,unburned,2025-07-09,clear vane,52,1,no,1,"msf, CV52, 2025-7-9, Vial 1",small narrow staphs (9 total),Coleoptera,1,Staphylinidae,,,,,,,,,,,
msf,unburned,2025-07-09,clear vane,52,1,no,1,"msf, CV52, 2025-7-9, Vial 1",small narrow staphs (9 total),Coleoptera,1,Staphylinidae,,,,,,,,,,,
msf,unburned,2025-07-09,clear vane,52,1,no,1,"msf, CV52, 2025-7-9, Vial 1",small narrow staphs (9 total),Coleoptera,1,Staphylinidae,,,,,,,,,,,
msf,unburned,2025-07-09,clear vane,52,1,no,1,"msf, CV52, 2025-7-9, Vial 1",small narrow staphs (9 total),Coleoptera,1,Staphylinidae,,,,,,,,,,,
msf,unburned,2025-07-09,clear vane,52,1,no,1,"msf, CV52, 2025-7-9, Vial 1",small narrow staphs (9 total),Coleoptera,1,Staphylinidae,,,,,,,,,,,
msf,unburned,2025-07-09,clear vane,52,1,no,1,"msf, CV52, 2025-7-9, Vial 1",small narrow staphs (9 total),Coleoptera,1,Staphylinidae,,,,,,,,,,,
msf,unburned,2025-07-09,clear vane,52,1,no,1,"msf, CV52, 2025-7-9, Vial 1",small narrow staphs (9 total),Coleoptera,1,Staphylinidae,,,,,,,,,,,
msf,unburned,2025-07-09,clear vane,52,1,no,1,"msf, CV52, 2025-7-9, Vial 1",small black nitidulids (2 total),Coleoptera,1,Nitidulidae,,,,,,,,,,,
msf,unburned,2025-07-09,clear vane,52,1,no,1,"msf, CV52, 2025-7-9, Vial 1",small black nitidulids (2 total),Coleoptera,1,Nitidulidae,,,,,,,,,,,
msf,unburned,2025-07-09,clear vane,52,1,no,1,"msf, CV52, 2025-7-9, Vial 1",small brown throscids,Coleoptera,1,Throscidae,,,,,,,,,,,
msf,unburned,2025-07-09,clear vane,52,1,no,1,"msf, CV52, 2025-7-9, Vial 1",silvanid,Coleoptera,1,Silvanidae,,,,,,,,,,,
msf,unburned,2025-07-09,clear vane,52,1,no,1,"msf, CV52, 2025-7-9, Vial 1","short elytra clerid with clearly cylindrical pronotum and bulging eyes, only 5 ventrites visible",Coleoptera,1,Cleridae,,,,,,,,,,,
msf,unburned,2025-07-09,clear vane,52,1,no,1,"msf, CV52, 2025-7-9, Vial 1",tan latridiid,Coleoptera,1,Latridiidae,,,,,,,,,,,
msf,unburned,2025-07-09,clear vane,52,1,no,1,"msf, CV52, 2025-7-9, Vial 1",small reddish brown cerylonid with square-ish pronotum,Coleoptera,1,Cerylonidae,,,,,,,,,,,
,,,,,,,,,,,,,,,,,,,,,,,
sgl100,medium,2025-06-27,clear vane,64,1,yes,1,"100, CV64, 2025-6-27",small black nitidulid,Coleoptera,1,Nitidulidae,,,,,,,,,,,
sgl100,medium,2025-06-27,clear vane,64,1,yes,1,"100, CV64, 2025-6-27",large compact black mottled weevil,Coleoptera,1,Curculionidae,,,,,,,,,,,
,,,,,,,,,,,,,,,,,,,,,,,
sgl100,unburned,2025-06-27,clear vane,70,1,no,1,"100, CV70, 2025-6-27, Vial 1",mordellids (7 total),Coleoptera,1,Mordellidae,,,,,,,,,,,
sgl100,unburned,2025-06-27,clear vane,70,1,no,1,"100, CV70, 2025-6-27, Vial 1",mordellids (7 total),Coleoptera,1,Mordellidae,,,,,,,,,,,
sgl100,unburned,2025-06-27,clear vane,70,1,no,1,"100, CV70, 2025-6-27, Vial 1",mordellids (7 total),Coleoptera,1,Mordellidae,,,,,,,,,,,
sgl100,unburned,2025-06-27,clear vane,70,1,no,1,"100, CV70, 2025-6-27, Vial 1",mordellids (7 total),Coleoptera,1,Mordellidae,,,,,,,,,,,
sgl100,unburned,2025-06-27,clear vane,70,1,no,1,"100, CV70, 2025-6-27, Vial 1",mordellids (7 total),Coleoptera,1,Mordellidae,,,,,,,,,,,
sgl100,unburned,2025-06-27,clear vane,70,1,no,1,"100, CV70, 2025-6-27, Vial 1",mordellids (7 total),Coleoptera,1,Mordellidae,,,,,,,,,,,
sgl100,unburned,2025-06-27,clear vane,70,1,no,1,"100, CV70, 2025-6-27, Vial 1",mordellids (7 total),Coleoptera,1,Mordellidae,,,,,,,,,,,
sgl100,unburned,2025-06-27,clear vane,70,1,no,1,"100, CV70, 2025-6-27, Vial 1",large pyrochroid with pectinate antennae,Coleoptera,1,Pyrochroidae,,,,,,,,,,,
sgl100,unburned,2025-06-27,clear vane,70,1,no,1,"100, CV70, 2025-6-27, Vial 1",burying beetle,Coleoptera,1,Staphylinidae,,Silphinae,,,,,,,,,
sgl100,unburned,2025-06-27,clear vane,70,1,no,1,"100, CV70, 2025-6-27, Vial 1",large flat histerid,Coleoptera,1,Histeridae,,,,,,,,,,,
sgl100,unburned,2025-06-27,clear vane,70,1,no,1,"100, CV70, 2025-6-27, Vial 1",large brown elaterids (13 total),Coleoptera,1,Elateridae,,,,,,,,,,,
sgl100,unburned,2025-06-27,clear vane,70,1,no,1,"100, CV70, 2025-6-27, Vial 1",large brown elaterids (13 total),Coleoptera,1,Elateridae,,,,,,,,,,,
sgl100,unburned,2025-06-27,clear vane,70,1,no,1,"100, CV70, 2025-6-27, Vial 1",large brown elaterids (13 total),Coleoptera,1,Elateridae,,,,,,,,,,,
sgl100,unburned,2025-06-27,clear vane,70,1,no,1,"100, CV70, 2025-6-27, Vial 1",large brown elaterids (13 total),Coleoptera,1,Elateridae,,,,,,,,,,,
sgl100,unburned,2025-06-27,clear vane,70,1,no,1,"100, CV70, 2025-6-27, Vial 1",large brown elaterids (13 total),Coleoptera,1,Elateridae,,,,,,,,,,,
sgl100,unburned,2025-06-27,clear vane,70,1,no,1,"100, CV70, 2025-6-27, Vial 1",large brown elaterids (13 total),Coleoptera,1,Elateridae,,,,,,,,,,,
sgl100,unburned,2025-06-27,clear vane,70,1,no,1,"100, CV70, 2025-6-27, Vial 1",large brown elaterids (13 total),Coleoptera,1,Elateridae,,,,,,,,,,,
sgl100,unburned,2025-06-27,clear vane,70,1,no,1,"100, CV70, 2025-6-27, Vial 1",large brown elaterids (13 total),Coleoptera,1,Elateridae,,,,,,,,,,,
sgl100,unburned,2025-06-27,clear vane,70,1,no,1,"100, CV70, 2025-6-27, Vial 1",large brown elaterids (13 total),Coleoptera,1,Elateridae,,,,,,,,,,,
sgl100,unburned,2025-06-27,clear vane,70,1,no,1,"100, CV70, 2025-6-27, Vial 1",large brown elaterids (13 total),Coleoptera,1,Elateridae,,,,,,,,,,,
sgl100,unburned,2025-06-27,clear vane,70,1,no,1,"100, CV70, 2025-6-27, Vial 1",large brown elaterids (13 total),Coleoptera,1,Elateridae,,,,,,,,,,,
sgl100,unburned,2025-06-27,clear vane,70,1,no,1,"100, CV70, 2025-6-27, Vial 1",large brown elaterids (13 total),Coleoptera,1,Elateridae,,,,,,,,,,,
sgl100,unburned,2025-06-27,clear vane,70,1,no,1,"100, CV70, 2025-6-27, Vial 1",large brown elaterids (13 total),Coleoptera,1,Elateridae,,,,,,,,,,,
sgl100,unburned,2025-06-27,clear vane,70,1,no,1,"100, CV70, 2025-6-27, Vial 1",yellow-orange cermbycid with narrowing abdomen,Coleoptera,1,Cerambycidae,,,,,,,,,,,
sgl100,unburned,2025-06-27,clear vane,70,1,no,1,"100, CV70, 2025-6-27, Vial 1",black and yellow cerambycids (2 total),Coleoptera,1,Cerambycidae,,,,,,,,,,,
sgl100,unburned,2025-06-27,clear vane,70,1,no,1,"100, CV70, 2025-6-27, Vial 1",black and yellow cerambycids (2 total),Coleoptera,1,Cerambycidae,,,,,,,,,,,
sgl100,unburned,2025-06-27,clear vane,70,1,no,1,"100, CV70, 2025-6-27, Vial 1",black cerambycid with a pair of vertical orange bands (2 total),Coleoptera,1,Cerambycidae,,,,,,,,,,,
sgl100,unburned,2025-06-27,clear vane,70,1,no,1,"100, CV70, 2025-6-27, Vial 1",black cerambycid with a pair of vertical orange bands (2 total),Coleoptera,1,Cerambycidae,,,,,,,,,,,
sgl100,unburned,2025-06-27,clear vane,70,1,no,1,"100, CV70, 2025-6-27, Vial 1",black cerambycid with flecks of blue setae on elytra,Coleoptera,1,Cerambycidae,,,,,,,,,,,
sgl100,unburned,2025-06-27,clear vane,70,1,no,1,"100, CV70, 2025-6-27, Vial 1",large black tenebrionids with orange legs (2 total),Coleoptera,1,Tenebrionidae,,,,,,,,,,,
sgl100,unburned,2025-06-27,clear vane,70,1,no,1,"100, CV70, 2025-6-27, Vial 1",large black tenebrionids with orange legs (2 total),Coleoptera,1,Tenebrionidae,,,,,,,,,,,
sgl100,unburned,2025-06-27,clear vane,70,1,no,1,"separate vial - 100, CV70, 2025-6-27","dark grey trogid, lamellate antennae, 5 ventrites, sculptured elytra. super cool looking!",Coleoptera,1,Trogidae,,,,,,,,,,,
sgl100,unburned,2025-06-27,clear vane,70,1,no,1,"100, CV70, 2025-6-27, Vial 1",mid size black elaterid with orange and black pronotum,Coleoptera,1,Elateridae,,,,,,,,,,,
sgl100,unburned,2025-06-27,clear vane,70,1,no,1,"100, CV70, 2025-6-27, Vial 1","lampyrid-mimicing cantharids, 7 ventrites, head not covered by pronotum (2 total), maybe genus Podabrus",Coleoptera,1,Cantharidae,,,,,,,,,,,
sgl100,unburned,2025-06-27,clear vane,70,1,no,1,"100, CV70, 2025-6-27, Vial 1","lampyrid-mimicing cantharids, 7 ventrites, head not covered by pronotum (2 total), maybe genus Podabrus",Coleoptera,1,Cantharidae,,,,,,,,,,,
sgl100,unburned,2025-06-27,clear vane,70,1,no,1,"100, CV70, 2025-6-27, Vial 1","brown melandryid-esque tetratomids, maybe genus Eustrophus (2 total)",Coleoptera,1,Tetratomidae,,,,,,,,,,,
sgl100,unburned,2025-06-27,clear vane,70,1,no,1,"100, CV70, 2025-6-27, Vial 1","brown melandryid-esque tetratomids, maybe genus Eustrophus (2 total)",Coleoptera,1,Tetratomidae,,,,,,,,,,,
sgl100,unburned,2025-06-27,clear vane,70,1,no,1,"100, CV70, 2025-6-27, Vial 1","tan tenebrionids, maybe Isomera sericea (8 total)",Coleoptera,1,Tenebrionidae,,,,,,,,,,,
sgl100,unburned,2025-06-27,clear vane,70,1,no,1,"100, CV70, 2025-6-27, Vial 1","tan tenebrionids, maybe Isomera sericea (8 total)",Coleoptera,1,Tenebrionidae,,,,,,,,,,,
sgl100,unburned,2025-06-27,clear vane,70,1,no,1,"100, CV70, 2025-6-27, Vial 1","tan tenebrionids, maybe Isomera sericea (8 total)",Coleoptera,1,Tenebrionidae,,,,,,,,,,,
sgl100,unburned,2025-06-27,clear vane,70,1,no,1,"100, CV70, 2025-6-27, Vial 1","tan tenebrionids, maybe Isomera sericea (8 total)",Coleoptera,1,Tenebrionidae,,,,,,,,,,,
sgl100,unburned,2025-06-27,clear vane,70,1,no,1,"100, CV70, 2025-6-27, Vial 1","tan tenebrionids, maybe Isomera sericea (8 total)",Coleoptera,1,Tenebrionidae,,,,,,,,,,,
sgl100,unburned,2025-06-27,clear vane,70,1,no,1,"100, CV70, 2025-6-27, Vial 1","tan tenebrionids, maybe Isomera sericea (8 total)",Coleoptera,1,Tenebrionidae,,,,,,,,,,,
sgl100,unburned,2025-06-27,clear vane,70,1,no,1,"100, CV70, 2025-6-27, Vial 1","tan tenebrionids, maybe Isomera sericea (8 total)",Coleoptera,1,Tenebrionidae,,,,,,,,,,,
sgl100,unburned,2025-06-27,clear vane,70,1,no,1,"100, CV70, 2025-6-27, Vial 1","tan tenebrionids, maybe Isomera sericea (8 total)",Coleoptera,1,Tenebrionidae,,,,,,,,,,,
sgl100,unburned,2025-06-27,clear vane,70,1,no,1,"100, CV70, 2025-6-27, Vial 1",mid size dark weevil with long snout,Coleoptera,1,Curculionidae,,,,,,,,,,,
sgl100,unburned,2025-06-27,clear vane,70,1,no,1,"100, CV70, 2025-6-27, Vial 1",mid size brown throscids (4 total),Coleoptera,1,Throscidae,,,,,,,,,,,
sgl100,unburned,2025-06-27,clear vane,70,1,no,1,"100, CV70, 2025-6-27, Vial 1",mid size brown throscids (4 total),Coleoptera,1,Throscidae,,,,,,,,,,,
sgl100,unburned,2025-06-27,clear vane,70,1,no,1,"100, CV70, 2025-6-27, Vial 1",mid size brown throscids (4 total),Coleoptera,1,Throscidae,,,,,,,,,,,
sgl100,unburned,2025-06-27,clear vane,70,1,no,1,"100, CV70, 2025-6-27, Vial 1",mid size brown throscids (4 total),Coleoptera,1,Throscidae,,,,,,,,,,,
sgl100,unburned,2025-06-27,clear vane,70,1,no,1,"100, CV70, 2025-6-27, Vial 1",mid size black eucnemid,Coleoptera,1,Eucnemidae,,,,,,,,,,,
sgl100,unburned,2025-06-27,clear vane,70,1,no,1,"100, CV70, 2025-6-27, Vial 1",genus Mycetophagus (3 total),Coleoptera,1,Mycetophagidae,,,,,,,,,,,
sgl100,unburned,2025-06-27,clear vane,70,1,no,1,"100, CV70, 2025-6-27, Vial 1",genus Mycetophagus (3 total),Coleoptera,1,Mycetophagidae,,,,,,,,,,,
sgl100,unburned,2025-06-27,clear vane,70,1,no,1,"100, CV70, 2025-6-27, Vial 1",genus Mycetophagus (3 total),Coleoptera,1,Mycetophagidae,,,,,,,,,,,
sgl100,unburned,2025-06-27,clear vane,70,1,no,1,"100, CV70, 2025-6-27, Vial 1","small mycetophagids, maybe genus Litargus (6 total)",Coleoptera,1,Mycetophagidae,,,,,,,,,,,
sgl100,unburned,2025-06-27,clear vane,70,1,no,1,"100, CV70, 2025-6-27, Vial 1","small mycetophagids, maybe genus Litargus (6 total)",Coleoptera,1,Mycetophagidae,,,,,,,,,,,
sgl100,unburned,2025-06-27,clear vane,70,1,no,1,"100, CV70, 2025-6-27, Vial 1","small mycetophagids, maybe genus Litargus (6 total)",Coleoptera,1,Mycetophagidae,,,,,,,,,,,
sgl100,unburned,2025-06-27,clear vane,70,1,no,1,"100, CV70, 2025-6-27, Vial 1","small mycetophagids, maybe genus Litargus (6 total)",Coleoptera,1,Mycetophagidae,,,,,,,,,,,
sgl100,unburned,2025-06-27,clear vane,70,1,no,1,"100, CV70, 2025-6-27, Vial 1","small mycetophagids, maybe genus Litargus (6 total)",Coleoptera,1,Mycetophagidae,,,,,,,,,,,
sgl100,unburned,2025-06-27,clear vane,70,1,no,1,"100, CV70, 2025-6-27, Vial 1","small mycetophagids, maybe genus Litargus (6 total)",Coleoptera,1,Mycetophagidae,,,,,,,,,,,
sgl100,unburned,2025-06-27,clear vane,70,1,no,1,"100, CV70, 2025-6-27, Vial 1",mid size rove beetles (2 total),Coleoptera,1,Staphylinidae,,,,,,,,,,,
sgl100,unburned,2025-06-27,clear vane,70,1,no,1,"100, CV70, 2025-6-27, Vial 1",mid size rove beetles (2 total),Coleoptera,1,Staphylinidae,,,,,,,,,,,
sgl100,unburned,2025-06-27,clear vane,70,1,no,1,"100, CV70, 2025-6-27, Vial 1",tear shaped staph,Coleoptera,1,Staphylinidae,,,,,,,,,,,
sgl100,unburned,2025-06-27,clear vane,70,1,no,1,"100, CV70, 2025-6-27, Vial 1",mid size black tenebrionid with head separated from body,Coleoptera,1,Tenebrionidae,,,,,,,,,,,
sgl100,unburned,2025-06-27,clear vane,70,1,no,1,"100, CV70, 2025-6-27, Vial 1","tan scirtid with mostly black elytra and tan edges, maybe genus Sacodes. Eyes very bulging out of head, fourth tarsomere heart-shaped, pronotum not totally like a scirtid, but the head is very scrirtid-esque. Coxal bean visible.",Coleoptera,1,Scirtidae,,,,,,,,,,,
sgl100,unburned,2025-06-27,clear vane,70,1,no,1,"100, CV70, 2025-6-27, Vial 1","mid size dark brown bostrichids (2 total), loose 3 seg club clearly visible",Coleoptera,1,Bostrichidae,,,,,,,,,,,
sgl100,unburned,2025-06-27,clear vane,70,1,no,1,"100, CV70, 2025-6-27, Vial 1","mid size dark brown bostrichids (2 total), loose 3 seg club clearly visible",Coleoptera,1,Bostrichidae,,,,,,,,,,,
sgl100,unburned,2025-06-27,clear vane,70,1,no,1,"100, CV70, 2025-6-27, Vial 1","melandryid, maybe genus Microtonus, metatibial spur not long but the head shape and other features are all Melandryid. Also, it looks very very similar to Microtonus sericans (the body stippling, body shape, pronotum shape, etc.)",Coleoptera,1,Melandryidae,,,,,,,,,,,
sgl100,unburned,2025-06-27,clear vane,70,1,no,1,"100, CV70, 2025-6-27, Vial 1",tan scraptiids (4 total),Coleoptera,1,Scraptiidae,,,,,,,,,,,
sgl100,unburned,2025-06-27,clear vane,70,1,no,1,"100, CV70, 2025-6-27, Vial 1",tan scraptiids (4 total),Coleoptera,1,Scraptiidae,,,,,,,,,,,
sgl100,unburned,2025-06-27,clear vane,70,1,no,1,"100, CV70, 2025-6-27, Vial 1",tan scraptiids (4 total),Coleoptera,1,Scraptiidae,,,,,,,,,,,
sgl100,unburned,2025-06-27,clear vane,70,1,no,1,"100, CV70, 2025-6-27, Vial 1",tan scraptiids (4 total),Coleoptera,1,Scraptiidae,,,,,,,,,,,
sgl100,unburned,2025-06-27,clear vane,70,1,no,1,"100, CV70, 2025-6-27, Vial 1",narrow staph,Coleoptera,1,Staphylinidae,,,,,,,,,,,
sgl100,unburned,2025-06-27,clear vane,70,1,no,1,"100, CV70, 2025-6-27, Vial 1",scydmaenin staph,Coleoptera,1,Staphylinidae,,Scydmaeninae,,,,,,,,,
sgl100,unburned,2025-06-27,clear vane,70,1,no,1,"100, CV70, 2025-6-27, Vial 1","flat monotomid, head separated from body",Coleoptera,1,Monotomidae,,,,,,,,,,,
sgl100,unburned,2025-06-27,clear vane,70,1,no,1,"100, CV70, 2025-6-27, Vial 1","tiny brown histerid, maybe genus Aeletes",Coleoptera,1,Histeridae,,,,,,,,,,,
sgl100,unburned,2025-06-27,clear vane,70,1,no,1,"100, CV70, 2025-6-27, Vial 1",tan latridiids (2 total),Coleoptera,1,Latridiidae,,,,,,,,,,,
sgl100,unburned,2025-06-27,clear vane,70,1,no,1,"100, CV70, 2025-6-27, Vial 1",tan latridiids (2 total),Coleoptera,1,Latridiidae,,,,,,,,,,,
sgl100,unburned,2025-06-27,clear vane,70,1,no,1,"100, CV70, 2025-6-27, Vial 1",small brown throscids (5 total),Coleoptera,1,Throscidae,,,,,,,,,,,
sgl100,unburned,2025-06-27,clear vane,70,1,no,1,"100, CV70, 2025-6-27, Vial 1",small brown throscids (5 total),Coleoptera,1,Throscidae,,,,,,,,,,,
sgl100,unburned,2025-06-27,clear vane,70,1,no,1,"100, CV70, 2025-6-27, Vial 1",small brown throscids (5 total),Coleoptera,1,Throscidae,,,,,,,,,,,
sgl100,unburned,2025-06-27,clear vane,70,1,no,1,"100, CV70, 2025-6-27, Vial 1",small brown throscids (5 total),Coleoptera,1,Throscidae,,,,,,,,,,,
sgl100,unburned,2025-06-27,clear vane,70,1,no,1,"100, CV70, 2025-6-27, Vial 1",small brown throscids (5 total),Coleoptera,1,Throscidae,,,,,,,,,,,
sgl100,unburned,2025-06-27,clear vane,70,1,no,1,"100, CV70, 2025-6-27, Vial 1","small brown compact ptinid that looks a bit like a dermestid, but has no scales and no ocellus and DOES appear to have only 4 ventrites",Coleoptera,1,Ptinidae,,,,,,,,,,,
sgl100,unburned,2025-06-27,clear vane,70,1,no,1,"100, CV70, 2025-6-27, Vial 1",bark beetles (6 total),Coleoptera,1,Curculionidae,,Scolytinae,,,,,,,,,
sgl100,unburned,2025-06-27,clear vane,70,1,no,1,"100, CV70, 2025-6-27, Vial 1",bark beetles (6 total),Coleoptera,1,Curculionidae,,Scolytinae,,,,,,,,,
sgl100,unburned,2025-06-27,clear vane,70,1,no,1,"100, CV70, 2025-6-27, Vial 1",bark beetles (6 total),Coleoptera,1,Curculionidae,,Scolytinae,,,,,,,,,
sgl100,unburned,2025-06-27,clear vane,70,1,no,1,"100, CV70, 2025-6-27, Vial 1",bark beetles (6 total),Coleoptera,1,Curculionidae,,Scolytinae,,,,,,,,,
sgl100,unburned,2025-06-27,clear vane,70,1,no,1,"100, CV70, 2025-6-27, Vial 1",bark beetles (6 total),Coleoptera,1,Curculionidae,,Scolytinae,,,,,,,,,
sgl100,unburned,2025-06-27,clear vane,70,1,no,1,"100, CV70, 2025-6-27, Vial 1",bark beetles (6 total),Coleoptera,1,Curculionidae,,Scolytinae,,,,,,,,,
,,,,,,,,,,,,,,,,,,,,,,,
sgl176,recent,2025-07-21,clear vane,74,1,no,1,"176, CV74, 2025-7-21, Vial 1",carrion beetle,Coleoptera,1,Staphylinidae,,Silphinae,,,,,,,,,
sgl176,recent,2025-07-21,clear vane,74,1,no,1,"176, CV74, 2025-7-21, Vial 1",bark beetles (27 total),Coleoptera,1,Curculionidae,,Scolytinae,,,,,,,,,
sgl176,recent,2025-07-21,clear vane,74,1,no,1,"176, CV74, 2025-7-21, Vial 1",bark beetles (27 total),Coleoptera,1,Curculionidae,,Scolytinae,,,,,,,,,
sgl176,recent,2025-07-21,clear vane,74,1,no,1,"176, CV74, 2025-7-21, Vial 1",bark beetles (27 total),Coleoptera,1,Curculionidae,,Scolytinae,,,,,,,,,
sgl176,recent,2025-07-21,clear vane,74,1,no,1,"176, CV74, 2025-7-21, Vial 1",bark beetles (27 total),Coleoptera,1,Curculionidae,,Scolytinae,,,,,,,,,
sgl176,recent,2025-07-21,clear vane,74,1,no,1,"176, CV74, 2025-7-21, Vial 1",bark beetles (27 total),Coleoptera,1,Curculionidae,,Scolytinae,,,,,,,,,
sgl176,recent,2025-07-21,clear vane,74,1,no,1,"176, CV74, 2025-7-21, Vial 1",bark beetles (27 total),Coleoptera,1,Curculionidae,,Scolytinae,,,,,,,,,
sgl176,recent,2025-07-21,clear vane,74,1,no,1,"176, CV74, 2025-7-21, Vial 1",bark beetles (27 total),Coleoptera,1,Curculionidae,,Scolytinae,,,,,,,,,
sgl176,recent,2025-07-21,clear vane,74,1,no,1,"176, CV74, 2025-7-21, Vial 1",bark beetles (27 total),Coleoptera,1,Curculionidae,,Scolytinae,,,,,,,,,
sgl176,recent,2025-07-21,clear vane,74,1,no,1,"176, CV74, 2025-7-21, Vial 1",bark beetles (27 total),Coleoptera,1,Curculionidae,,Scolytinae,,,,,,,,,
sgl176,recent,2025-07-21,clear vane,74,1,no,1,"176, CV74, 2025-7-21, Vial 1",bark beetles (27 total),Coleoptera,1,Curculionidae,,Scolytinae,,,,,,,,,
sgl176,recent,2025-07-21,clear vane,74,1,no,1,"176, CV74, 2025-7-21, Vial 1",bark beetles (27 total),Coleoptera,1,Curculionidae,,Scolytinae,,,,,,,,,
sgl176,recent,2025-07-21,clear vane,74,1,no,1,"176, CV74, 2025-7-21, Vial 1",bark beetles (27 total),Coleoptera,1,Curculionidae,,Scolytinae,,,,,,,,,
sgl176,recent,2025-07-21,clear vane,74,1,no,1,"176, CV74, 2025-7-21, Vial 1",bark beetles (27 total),Coleoptera,1,Curculionidae,,Scolytinae,,,,,,,,,
sgl176,recent,2025-07-21,clear vane,74,1,no,1,"176, CV74, 2025-7-21, Vial 1",bark beetles (27 total),Coleoptera,1,Curculionidae,,Scolytinae,,,,,,,,,
sgl176,recent,2025-07-21,clear vane,74,1,no,1,"176, CV74, 2025-7-21, Vial 1",bark beetles (27 total),Coleoptera,1,Curculionidae,,Scolytinae,,,,,,,,,
sgl176,recent,2025-07-21,clear vane,74,1,no,1,"176, CV74, 2025-7-21, Vial 1",bark beetles (27 total),Coleoptera,1,Curculionidae,,Scolytinae,,,,,,,,,
sgl176,recent,2025-07-21,clear vane,74,1,no,1,"176, CV74, 2025-7-21, Vial 1",bark beetles (27 total),Coleoptera,1,Curculionidae,,Scolytinae,,,,,,,,,
sgl176,recent,2025-07-21,clear vane,74,1,no,1,"176, CV74, 2025-7-21, Vial 1",bark beetles (27 total),Coleoptera,1,Curculionidae,,Scolytinae,,,,,,,,,
sgl176,recent,2025-07-21,clear vane,74,1,no,1,"176, CV74, 2025-7-21, Vial 1",bark beetles (27 total),Coleoptera,1,Curculionidae,,Scolytinae,,,,,,,,,
sgl176,recent,2025-07-21,clear vane,74,1,no,1,"176, CV74, 2025-7-21, Vial 1",bark beetles (27 total),Coleoptera,1,Curculionidae,,Scolytinae,,,,,,,,,
sgl176,recent,2025-07-21,clear vane,74,1,no,1,"176, CV74, 2025-7-21, Vial 1",bark beetles (27 total),Coleoptera,1,Curculionidae,,Scolytinae,,,,,,,,,
sgl176,recent,2025-07-21,clear vane,74,1,no,1,"176, CV74, 2025-7-21, Vial 1",bark beetles (27 total),Coleoptera,1,Curculionidae,,Scolytinae,,,,,,,,,
sgl176,recent,2025-07-21,clear vane,74,1,no,1,"176, CV74, 2025-7-21, Vial 1",bark beetles (27 total),Coleoptera,1,Curculionidae,,Scolytinae,,,,,,,,,
sgl176,recent,2025-07-21,clear vane,74,1,no,1,"176, CV74, 2025-7-21, Vial 1",bark beetles (27 total),Coleoptera,1,Curculionidae,,Scolytinae,,,,,,,,,
sgl176,recent,2025-07-21,clear vane,74,1,no,1,"176, CV74, 2025-7-21, Vial 1",bark beetles (27 total),Coleoptera,1,Curculionidae,,Scolytinae,,,,,,,,,
sgl176,recent,2025-07-21,clear vane,74,1,no,1,"176, CV74, 2025-7-21, Vial 1",bark beetles (27 total),Coleoptera,1,Curculionidae,,Scolytinae,,,,,,,,,
sgl176,recent,2025-07-21,clear vane,74,1,no,1,"176, CV74, 2025-7-21, Vial 1",bark beetles (27 total),Coleoptera,1,Curculionidae,,Scolytinae,,,,,,,,,
sgl176,recent,2025-07-21,clear vane,74,1,no,1,"176, CV74, 2025-7-21, Vial 1",mordellids of various sizes and colors (27 total),Coleoptera,1,Mordellidae,,,,,,,,,,,
sgl176,recent,2025-07-21,clear vane,74,1,no,1,"176, CV74, 2025-7-21, Vial 1",mordellids of various sizes and colors (27 total),Coleoptera,1,Mordellidae,,,,,,,,,,,
sgl176,recent,2025-07-21,clear vane,74,1,no,1,"176, CV74, 2025-7-21, Vial 1",mordellids of various sizes and colors (27 total),Coleoptera,1,Mordellidae,,,,,,,,,,,
sgl176,recent,2025-07-21,clear vane,74,1,no,1,"176, CV74, 2025-7-21, Vial 1",mordellids of various sizes and colors (27 total),Coleoptera,1,Mordellidae,,,,,,,,,,,
sgl176,recent,2025-07-21,clear vane,74,1,no,1,"176, CV74, 2025-7-21, Vial 1",mordellids of various sizes and colors (27 total),Coleoptera,1,Mordellidae,,,,,,,,,,,
sgl176,recent,2025-07-21,clear vane,74,1,no,1,"176, CV74, 2025-7-21, Vial 1",mordellids of various sizes and colors (27 total),Coleoptera,1,Mordellidae,,,,,,,,,,,
sgl176,recent,2025-07-21,clear vane,74,1,no,1,"176, CV74, 2025-7-21, Vial 1",mordellids of various sizes and colors (27 total),Coleoptera,1,Mordellidae,,,,,,,,,,,
sgl176,recent,2025-07-21,clear vane,74,1,no,1,"176, CV74, 2025-7-21, Vial 1",mordellids of various sizes and colors (27 total),Coleoptera,1,Mordellidae,,,,,,,,,,,
sgl176,recent,2025-07-21,clear vane,74,1,no,1,"176, CV74, 2025-7-21, Vial 1",mordellids of various sizes and colors (27 total),Coleoptera,1,Mordellidae,,,,,,,,,,,
sgl176,recent,2025-07-21,clear vane,74,1,no,1,"176, CV74, 2025-7-21, Vial 1",mordellids of various sizes and colors (27 total),Coleoptera,1,Mordellidae,,,,,,,,,,,
sgl176,recent,2025-07-21,clear vane,74,1,no,1,"176, CV74, 2025-7-21, Vial 1",mordellids of various sizes and colors (27 total),Coleoptera,1,Mordellidae,,,,,,,,,,,
sgl176,recent,2025-07-21,clear vane,74,1,no,1,"176, CV74, 2025-7-21, Vial 1",mordellids of various sizes and colors (27 total),Coleoptera,1,Mordellidae,,,,,,,,,,,
sgl176,recent,2025-07-21,clear vane,74,1,no,1,"176, CV74, 2025-7-21, Vial 1",mordellids of various sizes and colors (27 total),Coleoptera,1,Mordellidae,,,,,,,,,,,
sgl176,recent,2025-07-21,clear vane,74,1,no,1,"176, CV74, 2025-7-21, Vial 1",mordellids of various sizes and colors (27 total),Coleoptera,1,Mordellidae,,,,,,,,,,,
sgl176,recent,2025-07-21,clear vane,74,1,no,1,"176, CV74, 2025-7-21, Vial 1",mordellids of various sizes and colors (27 total),Coleoptera,1,Mordellidae,,,,,,,,,,,
sgl176,recent,2025-07-21,clear vane,74,1,no,1,"176, CV74, 2025-7-21, Vial 1",mordellids of various sizes and colors (27 total),Coleoptera,1,Mordellidae,,,,,,,,,,,
sgl176,recent,2025-07-21,clear vane,74,1,no,1,"176, CV74, 2025-7-21, Vial 1",mordellids of various sizes and colors (27 total),Coleoptera,1,Mordellidae,,,,,,,,,,,
sgl176,recent,2025-07-21,clear vane,74,1,no,1,"176, CV74, 2025-7-21, Vial 1",mordellids of various sizes and colors (27 total),Coleoptera,1,Mordellidae,,,,,,,,,,,
sgl176,recent,2025-07-21,clear vane,74,1,no,1,"176, CV74, 2025-7-21, Vial 1",mordellids of various sizes and colors (27 total),Coleoptera,1,Mordellidae,,,,,,,,,,,
sgl176,recent,2025-07-21,clear vane,74,1,no,1,"176, CV74, 2025-7-21, Vial 1",mordellids of various sizes and colors (27 total),Coleoptera,1,Mordellidae,,,,,,,,,,,
sgl176,recent,2025-07-21,clear vane,74,1,no,1,"176, CV74, 2025-7-21, Vial 1",mordellids of various sizes and colors (27 total),Coleoptera,1,Mordellidae,,,,,,,,,,,
sgl176,recent,2025-07-21,clear vane,74,1,no,1,"176, CV74, 2025-7-21, Vial 1",mordellids of various sizes and colors (27 total),Coleoptera,1,Mordellidae,,,,,,,,,,,
sgl176,recent,2025-07-21,clear vane,74,1,no,1,"176, CV74, 2025-7-21, Vial 1",mordellids of various sizes and colors (27 total),Coleoptera,1,Mordellidae,,,,,,,,,,,
sgl176,recent,2025-07-21,clear vane,74,1,no,1,"176, CV74, 2025-7-21, Vial 1",mordellids of various sizes and colors (27 total),Coleoptera,1,Mordellidae,,,,,,,,,,,
sgl176,recent,2025-07-21,clear vane,74,1,no,1,"176, CV74, 2025-7-21, Vial 1",mordellids of various sizes and colors (27 total),Coleoptera,1,Mordellidae,,,,,,,,,,,
sgl176,recent,2025-07-21,clear vane,74,1,no,1,"176, CV74, 2025-7-21, Vial 1",mordellids of various sizes and colors (27 total),Coleoptera,1,Mordellidae,,,,,,,,,,,
sgl176,recent,2025-07-21,clear vane,74,1,no,1,"176, CV74, 2025-7-21, Vial 1",mordellids of various sizes and colors (27 total),Coleoptera,1,Mordellidae,,,,,,,,,,,
sgl176,recent,2025-07-21,clear vane,74,1,no,1,"176, CV74, 2025-7-21, Vial 1",pyrochroid with large dark elytra and pectinate antennae,Coleoptera,1,Pyrochroidae,,,,,,,,,,,
sgl176,recent,2025-07-21,clear vane,74,1,no,1,"176, CV74, 2025-7-21, Vial 1",pale orange and black cerambycid with narrowing abdomen,Coleoptera,1,Cerambycidae,,,,,,,,,,,
sgl176,recent,2025-07-21,clear vane,74,1,no,1,"176, CV74, 2025-7-21, Vial 1",large black rove beetle with shiny black elytra,Coleoptera,1,Staphylinidae,,,,,,,,,,,
sgl176,recent,2025-07-21,clear vane,74,1,no,1,"176, CV74, 2025-7-21, Vial 1","large black and orange nitidulid, probs genus Glischrochilus",Coleoptera,1,Nitidulidae,,,,,,,,,,,
sgl176,recent,2025-07-21,clear vane,74,1,no,1,"176, CV74, 2025-7-21, Vial 1",pale orange lady beetle with no spots,Coleoptera,1,Coccinellidae,,,,,,,,,,,
sgl176,recent,2025-07-21,clear vane,74,1,no,1,"176, CV74, 2025-7-21, Vial 1","dark brown scarab with smooth and shiny body, maybe genus Calamosternus, first club not cup-shaped, so not a Hybosorid",Coleoptera,1,Scarabaeidae,,,,,,,,,,,
sgl176,recent,2025-07-21,clear vane,74,1,no,1,"separate vial - 176, CV74, 2025-7-21","synchroid. No teeth on tarsal claws, body covered in fine setae, has the correct body shape, very clear separation of procoxae with sternal process visibly separating them, NO small lobes on penultimate tarsomeres",Coleoptera,1,Synchroidae,,,,,,,,,,,
sgl176,recent,2025-07-21,clear vane,74,1,no,1,"176, CV74, 2025-7-21, Vial 1",mid size black elaterids (2 total),Coleoptera,1,Elateridae,,,,,,,,,,,
sgl176,recent,2025-07-21,clear vane,74,1,no,1,"176, CV74, 2025-7-21, Vial 1",mid size black elaterids (2 total),Coleoptera,1,Elateridae,,,,,,,,,,,
sgl176,recent,2025-07-21,clear vane,74,1,no,1,"176, CV74, 2025-7-21, Vial 1",mid size black elaterid with orange and black pronotum,Coleoptera,1,Elateridae,,,,,,,,,,,
sgl176,recent,2025-07-21,clear vane,74,1,no,1,"176, CV74, 2025-7-21, Vial 1",black clerid with orange and black pronotum,Coleoptera,1,Cleridae,,,,,,,,,,,
sgl176,recent,2025-07-21,clear vane,74,1,no,1,"176, CV74, 2025-7-21, Vial 1","black clerids with tan markings, maybe Madoniella dislocata",Coleoptera,1,Cleridae,,,,,,,,,,,
sgl176,recent,2025-07-21,clear vane,74,1,no,1,"176, CV74, 2025-7-21, Vial 1","black clerids with tan markings, maybe Madoniella dislocata",Coleoptera,1,Cleridae,,,,,,,,,,,
sgl176,recent,2025-07-21,clear vane,74,1,no,1,"176, CV74, 2025-7-21, Vial 1","black clerids with tan markings, maybe Madoniella dislocata",Coleoptera,1,Cleridae,,,,,,,,,,,
sgl176,recent,2025-07-21,clear vane,74,1,no,1,"176, CV74, 2025-7-21, Vial 1","black clerids with tan markings, maybe Madoniella dislocata",Coleoptera,1,Cleridae,,,,,,,,,,,
sgl176,recent,2025-07-21,clear vane,74,1,no,1,"176, CV74, 2025-7-21, Vial 1","black clerids with tan markings, maybe Madoniella dislocata",Coleoptera,1,Cleridae,,,,,,,,,,,
sgl176,recent,2025-07-21,clear vane,74,1,no,1,"176, CV74, 2025-7-21, Vial 1","black clerids with tan markings, maybe Madoniella dislocata",Coleoptera,1,Cleridae,,,,,,,,,,,
sgl176,recent,2025-07-21,clear vane,74,1,no,1,"176, CV74, 2025-7-21, Vial 1","black clerids with tan markings, maybe Madoniella dislocata",Coleoptera,1,Cleridae,,,,,,,,,,,
sgl176,recent,2025-07-21,clear vane,74,1,no,1,"176, CV74, 2025-7-21, Vial 1","black clerids with tan markings, maybe Madoniella dislocata",Coleoptera,1,Cleridae,,,,,,,,,,,
sgl176,recent,2025-07-21,clear vane,74,1,no,1,"176, CV74, 2025-7-21, Vial 1","black clerids with tan markings, maybe Madoniella dislocata",Coleoptera,1,Cleridae,,,,,,,,,,,
sgl176,recent,2025-07-21,clear vane,74,1,no,1,"176, CV74, 2025-7-21, Vial 1","black clerids with tan markings, maybe Madoniella dislocata",Coleoptera,1,Cleridae,,,,,,,,,,,
sgl176,recent,2025-07-21,clear vane,74,1,no,1,"176, CV74, 2025-7-21, Vial 1",eucnemids (6 total),Coleoptera,1,Eucnemidae,,,,,,,,,,,
sgl176,recent,2025-07-21,clear vane,74,1,no,1,"176, CV74, 2025-7-21, Vial 1",eucnemids (6 total),Coleoptera,1,Eucnemidae,,,,,,,,,,,
sgl176,recent,2025-07-21,clear vane,74,1,no,1,"176, CV74, 2025-7-21, Vial 1",eucnemids (6 total),Coleoptera,1,Eucnemidae,,,,,,,,,,,
sgl176,recent,2025-07-21,clear vane,74,1,no,1,"176, CV74, 2025-7-21, Vial 1",eucnemids (6 total),Coleoptera,1,Eucnemidae,,,,,,,,,,,
sgl176,recent,2025-07-21,clear vane,74,1,no,1,"176, CV74, 2025-7-21, Vial 1",eucnemids (6 total),Coleoptera,1,Eucnemidae,,,,,,,,,,,
sgl176,recent,2025-07-21,clear vane,74,1,no,1,"176, CV74, 2025-7-21, Vial 1",eucnemids (6 total),Coleoptera,1,Eucnemidae,,,,,,,,,,,
sgl176,recent,2025-07-21,clear vane,74,1,no,1,"176, CV74, 2025-7-21, Vial 1",genus Mycetophagus (3 total),Coleoptera,1,Mycetophagidae,,,,,,,,,,,
sgl176,recent,2025-07-21,clear vane,74,1,no,1,"176, CV74, 2025-7-21, Vial 1",genus Mycetophagus (3 total),Coleoptera,1,Mycetophagidae,,,,,,,,,,,
sgl176,recent,2025-07-21,clear vane,74,1,no,1,"176, CV74, 2025-7-21, Vial 1",genus Mycetophagus (3 total),Coleoptera,1,Mycetophagidae,,,,,,,,,,,
sgl176,recent,2025-07-21,clear vane,74,1,no,1,"176, CV74, 2025-7-21, Vial 1","lampyrid-mimicing cantharid, head clearly not concealed by pronotum",Coleoptera,1,Cantharidae,,,,,,,,,,,
sgl176,recent,2025-07-21,clear vane,74,1,no,1,"176, CV74, 2025-7-21, Vial 1",tear shaped staph,Coleoptera,1,Staphylinidae,,,,,,,,,,,
sgl176,recent,2025-07-21,clear vane,74,1,no,1,"176, CV74, 2025-7-21, Vial 1","mid size cryptophagid, maybe genus Antherophagus",Coleoptera,1,Cryptophagidae,,,,,,,,,,,
sgl176,recent,2025-07-21,clear vane,74,1,no,1,"176, CV74, 2025-7-21, Vial 1","melandryid-esque tetratomid, dark magenta colored eyes, maybe genus Hallomenus",Coleoptera,1,Tetratomidae,,,,,,,,,,,
sgl176,recent,2025-07-21,clear vane,74,1,no,1,"176, CV74, 2025-7-21, Vial 1","carabid-esque beetle with distinct separation of pronotum and elytra, black body, loose 3-seg club, and two orange spots on elytra. Maybe Tenebroides bimaculatus. No bean trochanter",Coleoptera,1,Trogossitidae,,,,,,,,,,,
sgl176,recent,2025-07-21,clear vane,74,1,no,1,"176, CV74, 2025-7-21, Vial 1","brown tetratomid, maybe Eustrophus tomentosus",Coleoptera,1,Tetratomidae,,,,,,,,,,,
sgl176,recent,2025-07-21,clear vane,74,1,no,1,"176, CV74, 2025-7-21, Vial 1","mid size shiny smooth brown scarab with cylindrical body, maybe genus Calamosternus",Coleoptera,1,Scarabaeidae,,,,,,,,,,,
sgl176,recent,2025-07-21,clear vane,74,1,no,1,"176, CV74, 2025-7-21, Vial 1",small flat monotomid,Coleoptera,1,Monotomidae,,,,,,,,,,,
sgl176,recent,2025-07-21,clear vane,74,1,no,1,"176, CV74, 2025-7-21, Vial 1","small brown flat beetle with no antennal clubs; lack of clubs, flat body, general shape, and deep lines on pronotum show that it is a laemophloeid",Coleoptera,1,Laemophloeidae,,,,,,,,,,,
sgl176,recent,2025-07-21,clear vane,74,1,no,1,"176, CV74, 2025-7-21, Vial 1",silvanid,Coleoptera,1,Silvanidae,,,,,,,,,,,
sgl176,recent,2025-07-21,clear vane,74,1,no,1,"176, CV74, 2025-7-21, Vial 1","short elytra cantharid with pale body, 6 ventrites visible",Coleoptera,1,Cantharidae,,,,,,,,,,,
sgl176,recent,2025-07-21,clear vane,74,1,no,1,"176, CV74, 2025-7-21, Vial 1","tan scraptiids, 1 with head separated from body (4 total)",Coleoptera,1,Scraptiidae,,,,,,,,,,,
sgl176,recent,2025-07-21,clear vane,74,1,no,1,"176, CV74, 2025-7-21, Vial 1","tan scraptiids, 1 with head separated from body (4 total)",Coleoptera,1,Scraptiidae,,,,,,,,,,,
sgl176,recent,2025-07-21,clear vane,74,1,no,1,"176, CV74, 2025-7-21, Vial 1","tan scraptiids, 1 with head separated from body (4 total)",Coleoptera,1,Scraptiidae,,,,,,,,,,,
sgl176,recent,2025-07-21,clear vane,74,1,no,1,"176, CV74, 2025-7-21, Vial 1","tan scraptiids, 1 with head separated from body (4 total)",Coleoptera,1,Scraptiidae,,,,,,,,,,,
sgl176,recent,2025-07-21,clear vane,74,1,no,1,"176, CV74, 2025-7-21, Vial 1",black scraptiids (2 total),Coleoptera,1,Scraptiidae,,,,,,,,,,,
sgl176,recent,2025-07-21,clear vane,74,1,no,1,"176, CV74, 2025-7-21, Vial 1",black scraptiids (2 total),Coleoptera,1,Scraptiidae,,,,,,,,,,,
sgl176,recent,2025-07-21,clear vane,74,1,no,1,"176, CV74, 2025-7-21, Vial 1",small narrow staphs (6 total),Coleoptera,1,Staphylinidae,,,,,,,,,,,
sgl176,recent,2025-07-21,clear vane,74,1,no,1,"176, CV74, 2025-7-21, Vial 1",small narrow staphs (6 total),Coleoptera,1,Staphylinidae,,,,,,,,,,,
sgl176,recent,2025-07-21,clear vane,74,1,no,1,"176, CV74, 2025-7-21, Vial 1",small narrow staphs (6 total),Coleoptera,1,Staphylinidae,,,,,,,,,,,
sgl176,recent,2025-07-21,clear vane,74,1,no,1,"176, CV74, 2025-7-21, Vial 1",small narrow staphs (6 total),Coleoptera,1,Staphylinidae,,,,,,,,,,,
sgl176,recent,2025-07-21,clear vane,74,1,no,1,"176, CV74, 2025-7-21, Vial 1",small narrow staphs (6 total),Coleoptera,1,Staphylinidae,,,,,,,,,,,
sgl176,recent,2025-07-21,clear vane,74,1,no,1,"176, CV74, 2025-7-21, Vial 1",small narrow staphs (6 total),Coleoptera,1,Staphylinidae,,,,,,,,,,,
sgl176,recent,2025-07-21,clear vane,74,1,no,1,"176, CV74, 2025-7-21, Vial 1","small tan mycetophagid with paler spots, maybe genus Litargus",Coleoptera,1,Mycetophagidae,,,,,,,,,,,
sgl176,recent,2025-07-21,clear vane,74,1,no,1,"176, CV74, 2025-7-21, Vial 1",tiny tan corylophid,Coleoptera,1,Corylophidae,,,,,,,,,,,
,,,,,,,,,,,,,,,,,,,,,,,
sgl176,medium,2025-07-21,clear vane,82,1,no,1,"176, CV82, 2025-7-21, Vial 1","huge brown cerambycid, maybe genus Orthosoma",Coleoptera,1,Cerambycidae,,,,,,,,,,,
sgl176,medium,2025-07-21,clear vane,82,1,no,1,"176, CV82, 2025-7-21, Vial 1",bark beetles (6 total),Coleoptera,1,Curculionidae,,Scolytinae,,,,,,,,,
sgl176,medium,2025-07-21,clear vane,82,1,no,1,"176, CV82, 2025-7-21, Vial 1",bark beetles (6 total),Coleoptera,1,Curculionidae,,Scolytinae,,,,,,,,,
sgl176,medium,2025-07-21,clear vane,82,1,no,1,"176, CV82, 2025-7-21, Vial 1",bark beetles (6 total),Coleoptera,1,Curculionidae,,Scolytinae,,,,,,,,,
sgl176,medium,2025-07-21,clear vane,82,1,no,1,"176, CV82, 2025-7-21, Vial 1",bark beetles (6 total),Coleoptera,1,Curculionidae,,Scolytinae,,,,,,,,,
sgl176,medium,2025-07-21,clear vane,82,1,no,1,"176, CV82, 2025-7-21, Vial 1",bark beetles (6 total),Coleoptera,1,Curculionidae,,Scolytinae,,,,,,,,,
sgl176,medium,2025-07-21,clear vane,82,1,no,1,"176, CV82, 2025-7-21, Vial 1",bark beetles (6 total),Coleoptera,1,Curculionidae,,Scolytinae,,,,,,,,,
sgl176,medium,2025-07-21,clear vane,82,1,no,1,"176, CV82, 2025-7-21, Vial 1",mordellids of various sizes and colorations (25 total),Coleoptera,1,Mordellidae,,,,,,,,,,,
sgl176,medium,2025-07-21,clear vane,82,1,no,1,"176, CV82, 2025-7-21, Vial 1",mordellids of various sizes and colorations (25 total),Coleoptera,1,Mordellidae,,,,,,,,,,,
sgl176,medium,2025-07-21,clear vane,82,1,no,1,"176, CV82, 2025-7-21, Vial 1",mordellids of various sizes and colorations (25 total),Coleoptera,1,Mordellidae,,,,,,,,,,,
sgl176,medium,2025-07-21,clear vane,82,1,no,1,"176, CV82, 2025-7-21, Vial 1",mordellids of various sizes and colorations (25 total),Coleoptera,1,Mordellidae,,,,,,,,,,,
sgl176,medium,2025-07-21,clear vane,82,1,no,1,"176, CV82, 2025-7-21, Vial 1",mordellids of various sizes and colorations (25 total),Coleoptera,1,Mordellidae,,,,,,,,,,,
sgl176,medium,2025-07-21,clear vane,82,1,no,1,"176, CV82, 2025-7-21, Vial 1",mordellids of various sizes and colorations (25 total),Coleoptera,1,Mordellidae,,,,,,,,,,,
sgl176,medium,2025-07-21,clear vane,82,1,no,1,"176, CV82, 2025-7-21, Vial 1",mordellids of various sizes and colorations (25 total),Coleoptera,1,Mordellidae,,,,,,,,,,,
sgl176,medium,2025-07-21,clear vane,82,1,no,1,"176, CV82, 2025-7-21, Vial 1",mordellids of various sizes and colorations (25 total),Coleoptera,1,Mordellidae,,,,,,,,,,,
sgl176,medium,2025-07-21,clear vane,82,1,no,1,"176, CV82, 2025-7-21, Vial 1",mordellids of various sizes and colorations (25 total),Coleoptera,1,Mordellidae,,,,,,,,,,,
sgl176,medium,2025-07-21,clear vane,82,1,no,1,"176, CV82, 2025-7-21, Vial 1",mordellids of various sizes and colorations (25 total),Coleoptera,1,Mordellidae,,,,,,,,,,,
sgl176,medium,2025-07-21,clear vane,82,1,no,1,"176, CV82, 2025-7-21, Vial 1",mordellids of various sizes and colorations (25 total),Coleoptera,1,Mordellidae,,,,,,,,,,,
sgl176,medium,2025-07-21,clear vane,82,1,no,1,"176, CV82, 2025-7-21, Vial 1",mordellids of various sizes and colorations (25 total),Coleoptera,1,Mordellidae,,,,,,,,,,,
sgl176,medium,2025-07-21,clear vane,82,1,no,1,"176, CV82, 2025-7-21, Vial 1",mordellids of various sizes and colorations (25 total),Coleoptera,1,Mordellidae,,,,,,,,,,,
sgl176,medium,2025-07-21,clear vane,82,1,no,1,"176, CV82, 2025-7-21, Vial 1",mordellids of various sizes and colorations (25 total),Coleoptera,1,Mordellidae,,,,,,,,,,,
sgl176,medium,2025-07-21,clear vane,82,1,no,1,"176, CV82, 2025-7-21, Vial 1",mordellids of various sizes and colorations (25 total),Coleoptera,1,Mordellidae,,,,,,,,,,,
sgl176,medium,2025-07-21,clear vane,82,1,no,1,"176, CV82, 2025-7-21, Vial 1",mordellids of various sizes and colorations (25 total),Coleoptera,1,Mordellidae,,,,,,,,,,,
sgl176,medium,2025-07-21,clear vane,82,1,no,1,"176, CV82, 2025-7-21, Vial 1",mordellids of various sizes and colorations (25 total),Coleoptera,1,Mordellidae,,,,,,,,,,,
sgl176,medium,2025-07-21,clear vane,82,1,no,1,"176, CV82, 2025-7-21, Vial 1",mordellids of various sizes and colorations (25 total),Coleoptera,1,Mordellidae,,,,,,,,,,,
sgl176,medium,2025-07-21,clear vane,82,1,no,1,"176, CV82, 2025-7-21, Vial 1",mordellids of various sizes and colorations (25 total),Coleoptera,1,Mordellidae,,,,,,,,,,,
sgl176,medium,2025-07-21,clear vane,82,1,no,1,"176, CV82, 2025-7-21, Vial 1",mordellids of various sizes and colorations (25 total),Coleoptera,1,Mordellidae,,,,,,,,,,,
sgl176,medium,2025-07-21,clear vane,82,1,no,1,"176, CV82, 2025-7-21, Vial 1",mordellids of various sizes and colorations (25 total),Coleoptera,1,Mordellidae,,,,,,,,,,,
sgl176,medium,2025-07-21,clear vane,82,1,no,1,"176, CV82, 2025-7-21, Vial 1",mordellids of various sizes and colorations (25 total),Coleoptera,1,Mordellidae,,,,,,,,,,,
sgl176,medium,2025-07-21,clear vane,82,1,no,1,"176, CV82, 2025-7-21, Vial 1",mordellids of various sizes and colorations (25 total),Coleoptera,1,Mordellidae,,,,,,,,,,,
sgl176,medium,2025-07-21,clear vane,82,1,no,1,"176, CV82, 2025-7-21, Vial 1",mordellids of various sizes and colorations (25 total),Coleoptera,1,Mordellidae,,,,,,,,,,,
sgl176,medium,2025-07-21,clear vane,82,1,no,1,"176, CV82, 2025-7-21, Vial 1",mordellids of various sizes and colorations (25 total),Coleoptera,1,Mordellidae,,,,,,,,,,,
sgl176,medium,2025-07-21,clear vane,82,1,no,1,"176, CV82, 2025-7-21, Vial 1",big yellow-orange and black rove beetle,Coleoptera,1,Staphylinidae,,,,,,,,,,,
sgl176,medium,2025-07-21,clear vane,82,1,no,1,"176, CV82, 2025-7-21, Vial 1",tan-grey scarabs with pronotum with black splotches (2 total),Coleoptera,1,Scarabaeidae,,,,,,,,,,,
sgl176,medium,2025-07-21,clear vane,82,1,no,1,"176, CV82, 2025-7-21, Vial 1",tan-grey scarabs with pronotum with black splotches (2 total),Coleoptera,1,Scarabaeidae,,,,,,,,,,,
sgl176,medium,2025-07-21,clear vane,82,1,no,1,"176, CV82, 2025-7-21, Vial 1",black scarab,Coleoptera,1,Scarabaeidae,,,,,,,,,,,
sgl176,medium,2025-07-21,clear vane,82,1,no,1,"176, CV82, 2025-7-21, Vial 1",tear shaped staphs (4 total),Coleoptera,1,Staphylinidae,,,,,,,,,,,
sgl176,medium,2025-07-21,clear vane,82,1,no,1,"176, CV82, 2025-7-21, Vial 1",tear shaped staphs (4 total),Coleoptera,1,Staphylinidae,,,,,,,,,,,
sgl176,medium,2025-07-21,clear vane,82,1,no,1,"176, CV82, 2025-7-21, Vial 1",tear shaped staphs (4 total),Coleoptera,1,Staphylinidae,,,,,,,,,,,
sgl176,medium,2025-07-21,clear vane,82,1,no,1,"176, CV82, 2025-7-21, Vial 1",tear shaped staphs (4 total),Coleoptera,1,Staphylinidae,,,,,,,,,,,
sgl176,medium,2025-07-21,clear vane,82,1,no,1,"176, CV82, 2025-7-21, Vial 1",black pill-shaped scarab with rougher texture and some sculpturing. 6 ventrites and no cup-shaped first club. It's a scarabaeid,Coleoptera,1,Scarabaeidae,,,,,,,,,,,
sgl176,medium,2025-07-21,clear vane,82,1,no,1,"176, CV82, 2025-7-21, Vial 1",mid size brown eucnemid,Coleoptera,1,Eucnemidae,,,,,,,,,,,
sgl176,medium,2025-07-21,clear vane,82,1,no,1,"176, CV82, 2025-7-21, Vial 1","dark clerid with 2 pairs of pale spots on elytra, shorter elytra, looks very similar to Phyllobaenus pallipennis",Coleoptera,1,Cleridae,,,,,,,,,,,
sgl176,medium,2025-07-21,clear vane,82,1,no,1,"176, CV82, 2025-7-21, Vial 1","tan tenebrionid, maybe Isomera sericea, no head",Coleoptera,1,Tenebrionidae,,,,,,,,,,,
sgl176,medium,2025-07-21,clear vane,82,1,no,1,"176, CV82, 2025-7-21, Vial 1","melandryid-esque tetratomid, probs genus Hallomenus",Coleoptera,1,Tetratomidae,,,,,,,,,,,
sgl176,medium,2025-07-21,clear vane,82,1,no,1,"176, CV82, 2025-7-21, Vial 1",ant-like staph,Coleoptera,1,Staphylinidae,,Pselaphinae,,,,,,,,,
sgl176,medium,2025-07-21,clear vane,82,1,no,1,"176, CV82, 2025-7-21, Vial 1",small narrow staphs (6 total),Coleoptera,1,Staphylinidae,,,,,,,,,,,
sgl176,medium,2025-07-21,clear vane,82,1,no,1,"176, CV82, 2025-7-21, Vial 1",small narrow staphs (6 total),Coleoptera,1,Staphylinidae,,,,,,,,,,,
sgl176,medium,2025-07-21,clear vane,82,1,no,1,"176, CV82, 2025-7-21, Vial 1",small narrow staphs (6 total),Coleoptera,1,Staphylinidae,,,,,,,,,,,
sgl176,medium,2025-07-21,clear vane,82,1,no,1,"176, CV82, 2025-7-21, Vial 1",small narrow staphs (6 total),Coleoptera,1,Staphylinidae,,,,,,,,,,,
sgl176,medium,2025-07-21,clear vane,82,1,no,1,"176, CV82, 2025-7-21, Vial 1",small narrow staphs (6 total),Coleoptera,1,Staphylinidae,,,,,,,,,,,
sgl176,medium,2025-07-21,clear vane,82,1,no,1,"176, CV82, 2025-7-21, Vial 1",small narrow staphs (6 total),Coleoptera,1,Staphylinidae,,,,,,,,,,,
sgl176,medium,2025-07-21,clear vane,82,1,no,1,"176, CV82, 2025-7-21, Vial 1",tan scraptiid,Coleoptera,1,Scraptiidae,,,,,,,,,,,
sgl176,medium,2025-07-21,clear vane,82,1,no,1,"176, CV82, 2025-7-21, Vial 1",dark scraptiid,Coleoptera,1,Scraptiidae,,,,,,,,,,,
sgl176,medium,2025-07-21,clear vane,82,1,no,1,"176, CV82, 2025-7-21, Vial 1","tiny brown histerid, maybe genus Aeletes",Coleoptera,1,Histeridae,,,,,,,,,,,
sgl176,medium,2025-07-21,clear vane,82,1,no,1,"176, CV82, 2025-7-21, Vial 1",small brown ptinid,Coleoptera,1,Ptinidae,,,,,,,,,,,
sgl176,medium,2025-07-21,clear vane,82,1,no,1,"176, CV82, 2025-7-21, Vial 1",small brown sphindid,Coleoptera,1,Sphindidae,,,,,,,,,,,
sgl176,medium,2025-07-21,clear vane,82,1,no,1,"176, CV82, 2025-7-21, Vial 1",dark and tan scraptiid,Coleoptera,1,Scraptiidae,,,,,,,,,,,
sgl176,medium,2025-07-21,clear vane,82,1,no,1,"176, CV82, 2025-7-21, Vial 1","round leidodid, maybe genus Agathidium",Coleoptera,1,Leiodidae,,Agathidiini,,,,,,,,,
sgl176,medium,2025-07-21,clear vane,82,1,no,1,"176, CV82, 2025-7-21, Vial 1",hard ID. Tan biphyllid with clear biphyllid shape and V-lines on first ventrite,Coleoptera,1,Biphyllidae,,,,,,,,,,,
,,,,,,,,,,,,,,,,,,,,,,,
sgl176,unburned,2025-07-21,clear vane,87,1,no,1,"176, CV87, 2025-7-21, Vial 1",bark beetles (7 total),Coleoptera,1,Curculionidae,,Scolytinae,,,,,,,,,
sgl176,unburned,2025-07-21,clear vane,87,1,no,1,"176, CV87, 2025-7-21, Vial 1",bark beetles (7 total),Coleoptera,1,Curculionidae,,Scolytinae,,,,,,,,,
sgl176,unburned,2025-07-21,clear vane,87,1,no,1,"176, CV87, 2025-7-21, Vial 1",bark beetles (7 total),Coleoptera,1,Curculionidae,,Scolytinae,,,,,,,,,
sgl176,unburned,2025-07-21,clear vane,87,1,no,1,"176, CV87, 2025-7-21, Vial 1",bark beetles (7 total),Coleoptera,1,Curculionidae,,Scolytinae,,,,,,,,,
sgl176,unburned,2025-07-21,clear vane,87,1,no,1,"176, CV87, 2025-7-21, Vial 1",bark beetles (7 total),Coleoptera,1,Curculionidae,,Scolytinae,,,,,,,,,
sgl176,unburned,2025-07-21,clear vane,87,1,no,1,"176, CV87, 2025-7-21, Vial 1",bark beetles (7 total),Coleoptera,1,Curculionidae,,Scolytinae,,,,,,,,,
sgl176,unburned,2025-07-21,clear vane,87,1,no,1,"176, CV87, 2025-7-21, Vial 1",bark beetles (7 total),Coleoptera,1,Curculionidae,,Scolytinae,,,,,,,,,
sgl176,unburned,2025-07-21,clear vane,87,1,no,1,"176, CV87, 2025-7-21, Vial 1",small narrow staphs (6 total),Coleoptera,1,Staphylinidae,,,,,,,,,,,
sgl176,unburned,2025-07-21,clear vane,87,1,no,1,"176, CV87, 2025-7-21, Vial 1",small narrow staphs (6 total),Coleoptera,1,Staphylinidae,,,,,,,,,,,
sgl176,unburned,2025-07-21,clear vane,87,1,no,1,"176, CV87, 2025-7-21, Vial 1",small narrow staphs (6 total),Coleoptera,1,Staphylinidae,,,,,,,,,,,
sgl176,unburned,2025-07-21,clear vane,87,1,no,1,"176, CV87, 2025-7-21, Vial 1",small narrow staphs (6 total),Coleoptera,1,Staphylinidae,,,,,,,,,,,
sgl176,unburned,2025-07-21,clear vane,87,1,no,1,"176, CV87, 2025-7-21, Vial 1",small narrow staphs (6 total),Coleoptera,1,Staphylinidae,,,,,,,,,,,
sgl176,unburned,2025-07-21,clear vane,87,1,no,1,"176, CV87, 2025-7-21, Vial 1",small narrow staphs (6 total),Coleoptera,1,Staphylinidae,,,,,,,,,,,
sgl176,unburned,2025-07-21,clear vane,87,1,no,1,"176, CV87, 2025-7-21, Vial 1","lampyrid-mimicing cantharid with pale orange pronotum, maybe Podabrus flavicollis",Coleoptera,1,Cantharidae,,,,,,,,,,,
sgl176,unburned,2025-07-21,clear vane,87,1,no,1,"176, CV87, 2025-7-21, Vial 1",tan scraptiid,Coleoptera,1,Scraptiidae,,,,,,,,,,,
sgl176,unburned,2025-07-21,clear vane,87,1,no,1,"176, CV87, 2025-7-21, Vial 1",dark scraptiid,Coleoptera,1,Scraptiidae,,,,,,,,,,,
sgl176,unburned,2025-07-21,clear vane,87,1,no,1,"176, CV87, 2025-7-21, Vial 1","brown tetratomid with pale shoulders at anterior of elytra, probs genus Hallomenus",Coleoptera,1,Tetratomidae,,,,,,,,,,,
sgl176,unburned,2025-07-21,clear vane,87,1,no,1,"176, CV87, 2025-7-21, Vial 1",compact black weevil with grey scales,Coleoptera,1,Curculionidae,,,,,,,,,,,
sgl176,unburned,2025-07-21,clear vane,87,1,no,1,"176, CV87, 2025-7-21, Vial 1","tear shaped staphs (3 total), one in many small pieces",Coleoptera,1,Staphylinidae,,,,,,,,,,,
sgl176,unburned,2025-07-21,clear vane,87,1,no,1,"176, CV87, 2025-7-21, Vial 1","tear shaped staphs (3 total), one in many small pieces",Coleoptera,1,Staphylinidae,,,,,,,,,,,
sgl176,unburned,2025-07-21,clear vane,87,1,no,1,"176, CV87, 2025-7-21, Vial 1","tear shaped staphs (3 total), one in many small pieces",Coleoptera,1,Staphylinidae,,,,,,,,,,,
sgl176,unburned,2025-07-21,clear vane,87,1,no,1,"176, CV87, 2025-7-21, Vial 1",small brown ptinid,Coleoptera,1,Ptinidae,,,,,,,,,,,
sgl176,unburned,2025-07-21,clear vane,87,1,no,1,"176, CV87, 2025-7-21, Vial 1",tiny tan corylophid,Coleoptera,1,Corylophidae,,,,,,,,,,,
,,,,,,,,,,,,,,,,,,,,,,,
sgl322,recent,2025-07-30,clear vane,6,2,no,1,"322, CV6, 2025-7-30, Vial 1",burying beetles (7 total),Coleoptera,1,Staphylinidae,,Silphinae,,,,,,,,,
sgl322,recent,2025-07-30,clear vane,6,2,no,1,"322, CV6, 2025-7-30, Vial 1",burying beetles (7 total),Coleoptera,1,Staphylinidae,,Silphinae,,,,,,,,,
sgl322,recent,2025-07-30,clear vane,6,2,no,1,"322, CV6, 2025-7-30, Vial 1",burying beetles (7 total),Coleoptera,1,Staphylinidae,,Silphinae,,,,,,,,,
sgl322,recent,2025-07-30,clear vane,6,2,no,1,"322, CV6, 2025-7-30, Vial 1",burying beetles (7 total),Coleoptera,1,Staphylinidae,,Silphinae,,,,,,,,,
sgl322,recent,2025-07-30,clear vane,6,2,no,1,"322, CV6, 2025-7-30, Vial 1",burying beetles (7 total),Coleoptera,1,Staphylinidae,,Silphinae,,,,,,,,,
sgl322,recent,2025-07-30,clear vane,6,2,no,1,"322, CV6, 2025-7-30, Vial 1",burying beetles (7 total),Coleoptera,1,Staphylinidae,,Silphinae,,,,,,,,,
sgl322,recent,2025-07-30,clear vane,6,2,no,1,"322, CV6, 2025-7-30, Vial 1",burying beetles (7 total),Coleoptera,1,Staphylinidae,,Silphinae,,,,,,,,,
sgl322,recent,2025-07-30,clear vane,6,2,no,1,"322, CV6, 2025-7-30, Vial 1","pill shaped scarabs with rough, textured elytra and dimpled abdomens (2 total)",Coleoptera,1,Scarabaeidae,,,,,,,,,,,
sgl322,recent,2025-07-30,clear vane,6,2,no,1,"322, CV6, 2025-7-30, Vial 1","pill shaped scarabs with rough, textured elytra and dimpled abdomens (2 total)",Coleoptera,1,Scarabaeidae,,,,,,,,,,,
sgl322,recent,2025-07-30,clear vane,6,2,no,1,"322, CV6, 2025-7-30, Vial 1",dark purple-brown weevils with geniculate antennae that sometimes straighten (8 total),Coleoptera,1,Curculionidae,,,,,,,,,,,
sgl322,recent,2025-07-30,clear vane,6,2,no,1,"322, CV6, 2025-7-30, Vial 1",dark purple-brown weevils with geniculate antennae that sometimes straighten (8 total),Coleoptera,1,Curculionidae,,,,,,,,,,,
sgl322,recent,2025-07-30,clear vane,6,2,no,1,"322, CV6, 2025-7-30, Vial 1",dark purple-brown weevils with geniculate antennae that sometimes straighten (8 total),Coleoptera,1,Curculionidae,,,,,,,,,,,
sgl322,recent,2025-07-30,clear vane,6,2,no,1,"322, CV6, 2025-7-30, Vial 1",dark purple-brown weevils with geniculate antennae that sometimes straighten (8 total),Coleoptera,1,Curculionidae,,,,,,,,,,,
sgl322,recent,2025-07-30,clear vane,6,2,no,1,"322, CV6, 2025-7-30, Vial 1",dark purple-brown weevils with geniculate antennae that sometimes straighten (8 total),Coleoptera,1,Curculionidae,,,,,,,,,,,
sgl322,recent,2025-07-30,clear vane,6,2,no,1,"322, CV6, 2025-7-30, Vial 1",dark purple-brown weevils with geniculate antennae that sometimes straighten (8 total),Coleoptera,1,Curculionidae,,,,,,,,,,,
sgl322,recent,2025-07-30,clear vane,6,2,no,1,"322, CV6, 2025-7-30, Vial 1",dark purple-brown weevils with geniculate antennae that sometimes straighten (8 total),Coleoptera,1,Curculionidae,,,,,,,,,,,
sgl322,recent,2025-07-30,clear vane,6,2,no,1,"322, CV6, 2025-7-30, Vial 1",dark purple-brown weevils with geniculate antennae that sometimes straighten (8 total),Coleoptera,1,Curculionidae,,,,,,,,,,,
sgl322,recent,2025-07-30,clear vane,6,2,no,1,"322, CV6, 2025-7-30, Vial 1",large tan and black rove beetle,Coleoptera,1,Staphylinidae,,,,,,,,,,,
sgl322,recent,2025-07-30,clear vane,6,2,no,1,"322, CV6, 2025-7-30, Vial 1","cerambycid with shorter antennae, but clearly pseudotetramerous and clearly notched eyes, and ceramycid shape",Coleoptera,1,Cerambycidae,,,,,,,,,,,
sgl322,recent,2025-07-30,clear vane,6,2,no,1,"322, CV6, 2025-7-30, Vial 1","brown carabid with tan edges and tan shoulders, maybe Cymindis labata",Coleoptera,1,Carabidae,,,,,,,,,,,
sgl322,recent,2025-07-30,clear vane,6,2,no,1,"322, CV6, 2025-7-30, Vial 1",very large red-brown eucnemid. Almost thought it was an elaterid based on its size. All 5 ventrites connate. 2nd antennomere comes out asymmetrically from first antennomere. Middle rectangle on underside of prothorax looks more like a square than like a long rectagle.,Coleoptera,1,Eucnemidae,,,,,,,,,,,
sgl322,recent,2025-07-30,clear vane,6,2,no,1,"322, CV6, 2025-7-30, Vial 1",mordellids of sizes and colors (7 total),Coleoptera,1,Mordellidae,,,,,,,,,,,
sgl322,recent,2025-07-30,clear vane,6,2,no,1,"322, CV6, 2025-7-30, Vial 1",mordellids of sizes and colors (7 total),Coleoptera,1,Mordellidae,,,,,,,,,,,
sgl322,recent,2025-07-30,clear vane,6,2,no,1,"322, CV6, 2025-7-30, Vial 1",mordellids of sizes and colors (7 total),Coleoptera,1,Mordellidae,,,,,,,,,,,
sgl322,recent,2025-07-30,clear vane,6,2,no,1,"322, CV6, 2025-7-30, Vial 1",mordellids of sizes and colors (7 total),Coleoptera,1,Mordellidae,,,,,,,,,,,
sgl322,recent,2025-07-30,clear vane,6,2,no,1,"322, CV6, 2025-7-30, Vial 1",mordellids of sizes and colors (7 total),Coleoptera,1,Mordellidae,,,,,,,,,,,
sgl322,recent,2025-07-30,clear vane,6,2,no,1,"322, CV6, 2025-7-30, Vial 1",mordellids of sizes and colors (7 total),Coleoptera,1,Mordellidae,,,,,,,,,,,
sgl322,recent,2025-07-30,clear vane,6,2,no,1,"322, CV6, 2025-7-30, Vial 1",mordellids of sizes and colors (7 total),Coleoptera,1,Mordellidae,,,,,,,,,,,
sgl322,recent,2025-07-30,clear vane,6,2,no,1,"322, CV6, 2025-7-30, Vial 1",tan mordellid,Coleoptera,1,Mordellidae,,,,,,,,,,,
sgl322,recent,2025-07-30,clear vane,6,2,no,1,"322, CV6, 2025-7-30, Vial 1",carabid with shiny green elytra,Coleoptera,1,Carabidae,,,,,,,,,,,
sgl322,recent,2025-07-30,clear vane,6,2,no,1,"322, CV6, 2025-7-30, Vial 1",black clerid with large pale spots,Coleoptera,1,Cleridae,,,,,,,,,,,
sgl322,recent,2025-07-30,clear vane,6,2,no,1,"322, CV6, 2025-7-30, Vial 1","black clerids with tan markings (3 total), probs genus Madoniella",Coleoptera,1,Cleridae,,,,,,,,,,,
sgl322,recent,2025-07-30,clear vane,6,2,no,1,"322, CV6, 2025-7-30, Vial 1","black clerids with tan markings (3 total), probs genus Madoniella",Coleoptera,1,Cleridae,,,,,,,,,,,
sgl322,recent,2025-07-30,clear vane,6,2,no,1,"322, CV6, 2025-7-30, Vial 1","black clerids with tan markings (3 total), probs genus Madoniella",Coleoptera,1,Cleridae,,,,,,,,,,,
sgl322,recent,2025-07-30,clear vane,6,2,no,1,"322, CV6, 2025-7-30, Vial 1",ant looking rove beetle,Coleoptera,1,Staphylinidae,,,,,,,,,,,
sgl322,recent,2025-07-30,clear vane,6,2,no,1,"322, CV6, 2025-7-30, Vial 1",mid size brown staph,Coleoptera,1,Staphylinidae,,,,,,,,,,,
sgl322,recent,2025-07-30,clear vane,6,2,no,1,"322, CV6, 2025-7-30, Vial 1",tan nitidulid with shield-shaped body,Coleoptera,1,Nitidulidae,,,,,,,,,,,
sgl322,recent,2025-07-30,clear vane,6,2,no,1,"322, CV6, 2025-7-30, Vial 1","red-brown zopherid with 2-seg club, probs genus Pycnomerus",Coleoptera,1,Zopheridae,,,,,,,,,,,
sgl322,recent,2025-07-30,clear vane,6,2,no,1,"322, CV6, 2025-7-30, Vial 1",mid size dark eucnemid,Coleoptera,1,Eucnemidae,,,,,,,,,,,
sgl322,recent,2025-07-30,clear vane,6,2,no,1,"322, CV6, 2025-7-30, Vial 1","tetratomid with paler shoulders, probs genus Hallomenus",Coleoptera,1,Tetratomidae,,,,,,,,,,,
sgl322,recent,2025-07-30,clear vane,6,2,no,1,"322, CV6, 2025-7-30, Vial 1","brown, melandryid-esque leiodids",Coleoptera,1,Leiodidae,,,,,,,,,,,
sgl322,recent,2025-07-30,clear vane,6,2,no,1,"322, CV6, 2025-7-30, Vial 1","brown, melandryid-esque leiodids",Coleoptera,1,Leiodidae,,,,,,,,,,,
sgl322,recent,2025-07-30,clear vane,6,2,no,1,"322, CV6, 2025-7-30, Vial 1","brown, melandryid-esque leiodids",Coleoptera,1,Leiodidae,,,,,,,,,,,
sgl322,recent,2025-07-30,clear vane,6,2,no,1,"322, CV6, 2025-7-30, Vial 1","hard ID, brown beetle with 5-5-4, short, verticl rectangle eyes, 11 stout filiform antennomeres. It is definitely genus Anaedus (2 total)",Coleoptera,1,Tenebrionidae,,,,,,,,,,,
sgl322,recent,2025-07-30,clear vane,6,2,no,1,"322, CV6, 2025-7-30, Vial 1","hard ID, brown beetle with 5-5-4, short, verticl rectangle eyes, 11 stout filiform antennomeres. It is definitely genus Anaedus (2 total)",Coleoptera,1,Tenebrionidae,,,,,,,,,,,
sgl322,recent,2025-07-30,clear vane,6,2,no,1,"322, CV6, 2025-7-30, Vial 1",small brown ptinids (7 total),Coleoptera,1,Ptinidae,,,,,,,,,,,
sgl322,recent,2025-07-30,clear vane,6,2,no,1,"322, CV6, 2025-7-30, Vial 1",small brown ptinids (7 total),Coleoptera,1,Ptinidae,,,,,,,,,,,
sgl322,recent,2025-07-30,clear vane,6,2,no,1,"322, CV6, 2025-7-30, Vial 1",small brown ptinids (7 total),Coleoptera,1,Ptinidae,,,,,,,,,,,
sgl322,recent,2025-07-30,clear vane,6,2,no,1,"322, CV6, 2025-7-30, Vial 1",small brown ptinids (7 total),Coleoptera,1,Ptinidae,,,,,,,,,,,
sgl322,recent,2025-07-30,clear vane,6,2,no,1,"322, CV6, 2025-7-30, Vial 1",small brown ptinids (7 total),Coleoptera,1,Ptinidae,,,,,,,,,,,
sgl322,recent,2025-07-30,clear vane,6,2,no,1,"322, CV6, 2025-7-30, Vial 1",small brown ptinids (7 total),Coleoptera,1,Ptinidae,,,,,,,,,,,
sgl322,recent,2025-07-30,clear vane,6,2,no,1,"322, CV6, 2025-7-30, Vial 1",small brown ptinids (7 total),Coleoptera,1,Ptinidae,,,,,,,,,,,
sgl322,recent,2025-07-30,clear vane,6,2,no,1,"322, CV6, 2025-7-30, Vial 1",flat laemophloeids with tan spots on elytra (2 total),Coleoptera,1,Laemophloeidae,,,,,,,,,,,
sgl322,recent,2025-07-30,clear vane,6,2,no,1,"322, CV6, 2025-7-30, Vial 1",flat laemophloeids with tan spots on elytra (2 total),Coleoptera,1,Laemophloeidae,,,,,,,,,,,
sgl322,recent,2025-07-30,clear vane,6,2,no,1,"322, CV6, 2025-7-30, Vial 1",tan aderid with pair of black markings on elytra and a black head,Coleoptera,1,Aderidae,,,,,,,,,,,
sgl322,recent,2025-07-30,clear vane,6,2,no,1,"322, CV6, 2025-7-30, Vial 1",tan latridiid,Coleoptera,1,Latridiidae,,,,,,,,,,,
sgl322,recent,2025-07-30,clear vane,6,2,no,1,"322, CV6, 2025-7-30, Vial 1",agathidiin,Coleoptera,1,Leiodidae,,Agathidiini,,,,,,,,,
sgl322,recent,2025-07-30,clear vane,6,2,no,1,"322, CV6, 2025-7-30, Vial 1",small narrow staphs (4 total),Coleoptera,1,Staphylinidae,,,,,,,,,,,
sgl322,recent,2025-07-30,clear vane,6,2,no,1,"322, CV6, 2025-7-30, Vial 1",small narrow staphs (4 total),Coleoptera,1,Staphylinidae,,,,,,,,,,,
sgl322,recent,2025-07-30,clear vane,6,2,no,1,"322, CV6, 2025-7-30, Vial 1",small narrow staphs (4 total),Coleoptera,1,Staphylinidae,,,,,,,,,,,
sgl322,recent,2025-07-30,clear vane,6,2,no,1,"322, CV6, 2025-7-30, Vial 1",small narrow staphs (4 total),Coleoptera,1,Staphylinidae,,,,,,,,,,,
sgl322,recent,2025-07-30,clear vane,6,2,no,1,"322, CV6, 2025-7-30, Vial 1",tiny tan corylophid,Coleoptera,1,Corylophidae,,,,,,,,,,,
sgl322,recent,2025-07-30,clear vane,6,2,no,1,"322, CV6, 2025-7-30, Vial 1",black mordellid,Coleoptera,1,Mordellidae,,,,,,,,,,,
sgl322,recent,2025-07-30,clear vane,6,2,no,1,"322, CV6, 2025-7-30, Vial 1","mottled brown and tan zopherid, probs genus Synchita",Coleoptera,1,Zopheridae,,,,,,,,,,,
sgl322,recent,2025-07-30,clear vane,6,2,no,1,"322, CV6, 2025-7-30, Vial 1","biphyllid, clear V-lines on first ventrite",Coleoptera,1,Biphyllidae,,,,,,,,,,,
sgl322,recent,2025-07-30,clear vane,6,2,no,1,"322, CV6, 2025-7-30, Vial 1","tan chrysomelid that looks a bit like a melyrid in body shape, except the tarsi are definitely pseudotetramerous",Coleoptera,1,Chrysomelidae,,,,,,,,,,,
sgl322,recent,2025-07-30,clear vane,6,2,no,1,"322, CV6, 2025-7-30, Vial 1",bark beetle (74 total),Coleoptera,1,Curculionidae,,Scolytinae,,,,,,,,,
sgl322,recent,2025-07-30,clear vane,6,2,no,1,"322, CV6, 2025-7-30, Vial 1",bark beetle (74 total),Coleoptera,1,Curculionidae,,Scolytinae,,,,,,,,,
sgl322,recent,2025-07-30,clear vane,6,2,no,1,"322, CV6, 2025-7-30, Vial 1",bark beetle (74 total),Coleoptera,1,Curculionidae,,Scolytinae,,,,,,,,,
sgl322,recent,2025-07-30,clear vane,6,2,no,1,"322, CV6, 2025-7-30, Vial 1",bark beetle (74 total),Coleoptera,1,Curculionidae,,Scolytinae,,,,,,,,,
sgl322,recent,2025-07-30,clear vane,6,2,no,1,"322, CV6, 2025-7-30, Vial 1",bark beetle (74 total),Coleoptera,1,Curculionidae,,Scolytinae,,,,,,,,,
sgl322,recent,2025-07-30,clear vane,6,2,no,1,"322, CV6, 2025-7-30, Vial 1",bark beetle (74 total),Coleoptera,1,Curculionidae,,Scolytinae,,,,,,,,,
sgl322,recent,2025-07-30,clear vane,6,2,no,1,"322, CV6, 2025-7-30, Vial 1",bark beetle (74 total),Coleoptera,1,Curculionidae,,Scolytinae,,,,,,,,,
sgl322,recent,2025-07-30,clear vane,6,2,no,1,"322, CV6, 2025-7-30, Vial 1",bark beetle (74 total),Coleoptera,1,Curculionidae,,Scolytinae,,,,,,,,,
sgl322,recent,2025-07-30,clear vane,6,2,no,1,"322, CV6, 2025-7-30, Vial 1",bark beetle (74 total),Coleoptera,1,Curculionidae,,Scolytinae,,,,,,,,,
sgl322,recent,2025-07-30,clear vane,6,2,no,1,"322, CV6, 2025-7-30, Vial 1",bark beetle (74 total),Coleoptera,1,Curculionidae,,Scolytinae,,,,,,,,,
sgl322,recent,2025-07-30,clear vane,6,2,no,1,"322, CV6, 2025-7-30, Vial 1",bark beetle (74 total),Coleoptera,1,Curculionidae,,Scolytinae,,,,,,,,,
sgl322,recent,2025-07-30,clear vane,6,2,no,1,"322, CV6, 2025-7-30, Vial 1",bark beetle (74 total),Coleoptera,1,Curculionidae,,Scolytinae,,,,,,,,,
sgl322,recent,2025-07-30,clear vane,6,2,no,1,"322, CV6, 2025-7-30, Vial 1",bark beetle (74 total),Coleoptera,1,Curculionidae,,Scolytinae,,,,,,,,,
sgl322,recent,2025-07-30,clear vane,6,2,no,1,"322, CV6, 2025-7-30, Vial 1",bark beetle (74 total),Coleoptera,1,Curculionidae,,Scolytinae,,,,,,,,,
sgl322,recent,2025-07-30,clear vane,6,2,no,1,"322, CV6, 2025-7-30, Vial 1",bark beetle (74 total),Coleoptera,1,Curculionidae,,Scolytinae,,,,,,,,,
sgl322,recent,2025-07-30,clear vane,6,2,no,1,"322, CV6, 2025-7-30, Vial 1",bark beetle (74 total),Coleoptera,1,Curculionidae,,Scolytinae,,,,,,,,,
sgl322,recent,2025-07-30,clear vane,6,2,no,1,"322, CV6, 2025-7-30, Vial 1",bark beetle (74 total),Coleoptera,1,Curculionidae,,Scolytinae,,,,,,,,,
sgl322,recent,2025-07-30,clear vane,6,2,no,1,"322, CV6, 2025-7-30, Vial 1",bark beetle (74 total),Coleoptera,1,Curculionidae,,Scolytinae,,,,,,,,,
sgl322,recent,2025-07-30,clear vane,6,2,no,1,"322, CV6, 2025-7-30, Vial 1",bark beetle (74 total),Coleoptera,1,Curculionidae,,Scolytinae,,,,,,,,,
sgl322,recent,2025-07-30,clear vane,6,2,no,1,"322, CV6, 2025-7-30, Vial 1",bark beetle (74 total),Coleoptera,1,Curculionidae,,Scolytinae,,,,,,,,,
sgl322,recent,2025-07-30,clear vane,6,2,no,1,"322, CV6, 2025-7-30, Vial 1",bark beetle (74 total),Coleoptera,1,Curculionidae,,Scolytinae,,,,,,,,,
sgl322,recent,2025-07-30,clear vane,6,2,no,1,"322, CV6, 2025-7-30, Vial 1",bark beetle (74 total),Coleoptera,1,Curculionidae,,Scolytinae,,,,,,,,,
sgl322,recent,2025-07-30,clear vane,6,2,no,1,"322, CV6, 2025-7-30, Vial 1",bark beetle (74 total),Coleoptera,1,Curculionidae,,Scolytinae,,,,,,,,,
sgl322,recent,2025-07-30,clear vane,6,2,no,1,"322, CV6, 2025-7-30, Vial 1",bark beetle (74 total),Coleoptera,1,Curculionidae,,Scolytinae,,,,,,,,,
sgl322,recent,2025-07-30,clear vane,6,2,no,1,"322, CV6, 2025-7-30, Vial 1",bark beetle (74 total),Coleoptera,1,Curculionidae,,Scolytinae,,,,,,,,,
sgl322,recent,2025-07-30,clear vane,6,2,no,1,"322, CV6, 2025-7-30, Vial 1",bark beetle (74 total),Coleoptera,1,Curculionidae,,Scolytinae,,,,,,,,,
sgl322,recent,2025-07-30,clear vane,6,2,no,1,"322, CV6, 2025-7-30, Vial 1",bark beetle (74 total),Coleoptera,1,Curculionidae,,Scolytinae,,,,,,,,,
sgl322,recent,2025-07-30,clear vane,6,2,no,1,"322, CV6, 2025-7-30, Vial 1",bark beetle (74 total),Coleoptera,1,Curculionidae,,Scolytinae,,,,,,,,,
sgl322,recent,2025-07-30,clear vane,6,2,no,1,"322, CV6, 2025-7-30, Vial 1",bark beetle (74 total),Coleoptera,1,Curculionidae,,Scolytinae,,,,,,,,,
sgl322,recent,2025-07-30,clear vane,6,2,no,1,"322, CV6, 2025-7-30, Vial 1",bark beetle (74 total),Coleoptera,1,Curculionidae,,Scolytinae,,,,,,,,,
sgl322,recent,2025-07-30,clear vane,6,2,no,1,"322, CV6, 2025-7-30, Vial 1",bark beetle (74 total),Coleoptera,1,Curculionidae,,Scolytinae,,,,,,,,,
sgl322,recent,2025-07-30,clear vane,6,2,no,1,"322, CV6, 2025-7-30, Vial 1",bark beetle (74 total),Coleoptera,1,Curculionidae,,Scolytinae,,,,,,,,,
sgl322,recent,2025-07-30,clear vane,6,2,no,1,"322, CV6, 2025-7-30, Vial 1",bark beetle (74 total),Coleoptera,1,Curculionidae,,Scolytinae,,,,,,,,,
sgl322,recent,2025-07-30,clear vane,6,2,no,1,"322, CV6, 2025-7-30, Vial 1",bark beetle (74 total),Coleoptera,1,Curculionidae,,Scolytinae,,,,,,,,,
sgl322,recent,2025-07-30,clear vane,6,2,no,1,"322, CV6, 2025-7-30, Vial 1",bark beetle (74 total),Coleoptera,1,Curculionidae,,Scolytinae,,,,,,,,,
sgl322,recent,2025-07-30,clear vane,6,2,no,1,"322, CV6, 2025-7-30, Vial 1",bark beetle (74 total),Coleoptera,1,Curculionidae,,Scolytinae,,,,,,,,,
sgl322,recent,2025-07-30,clear vane,6,2,no,1,"322, CV6, 2025-7-30, Vial 1",bark beetle (74 total),Coleoptera,1,Curculionidae,,Scolytinae,,,,,,,,,
sgl322,recent,2025-07-30,clear vane,6,2,no,1,"322, CV6, 2025-7-30, Vial 1",bark beetle (74 total),Coleoptera,1,Curculionidae,,Scolytinae,,,,,,,,,
sgl322,recent,2025-07-30,clear vane,6,2,no,1,"322, CV6, 2025-7-30, Vial 1",bark beetle (74 total),Coleoptera,1,Curculionidae,,Scolytinae,,,,,,,,,
sgl322,recent,2025-07-30,clear vane,6,2,no,1,"322, CV6, 2025-7-30, Vial 1",bark beetle (74 total),Coleoptera,1,Curculionidae,,Scolytinae,,,,,,,,,
sgl322,recent,2025-07-30,clear vane,6,2,no,1,"322, CV6, 2025-7-30, Vial 1",bark beetle (74 total),Coleoptera,1,Curculionidae,,Scolytinae,,,,,,,,,
sgl322,recent,2025-07-30,clear vane,6,2,no,1,"322, CV6, 2025-7-30, Vial 1",bark beetle (74 total),Coleoptera,1,Curculionidae,,Scolytinae,,,,,,,,,
sgl322,recent,2025-07-30,clear vane,6,2,no,1,"322, CV6, 2025-7-30, Vial 1",bark beetle (74 total),Coleoptera,1,Curculionidae,,Scolytinae,,,,,,,,,
sgl322,recent,2025-07-30,clear vane,6,2,no,1,"322, CV6, 2025-7-30, Vial 1",bark beetle (74 total),Coleoptera,1,Curculionidae,,Scolytinae,,,,,,,,,
sgl322,recent,2025-07-30,clear vane,6,2,no,1,"322, CV6, 2025-7-30, Vial 1",bark beetle (74 total),Coleoptera,1,Curculionidae,,Scolytinae,,,,,,,,,
sgl322,recent,2025-07-30,clear vane,6,2,no,1,"322, CV6, 2025-7-30, Vial 1",bark beetle (74 total),Coleoptera,1,Curculionidae,,Scolytinae,,,,,,,,,
sgl322,recent,2025-07-30,clear vane,6,2,no,1,"322, CV6, 2025-7-30, Vial 1",bark beetle (74 total),Coleoptera,1,Curculionidae,,Scolytinae,,,,,,,,,
sgl322,recent,2025-07-30,clear vane,6,2,no,1,"322, CV6, 2025-7-30, Vial 1",bark beetle (74 total),Coleoptera,1,Curculionidae,,Scolytinae,,,,,,,,,
sgl322,recent,2025-07-30,clear vane,6,2,no,1,"322, CV6, 2025-7-30, Vial 1",bark beetle (74 total),Coleoptera,1,Curculionidae,,Scolytinae,,,,,,,,,
sgl322,recent,2025-07-30,clear vane,6,2,no,1,"322, CV6, 2025-7-30, Vial 1",bark beetle (74 total),Coleoptera,1,Curculionidae,,Scolytinae,,,,,,,,,
sgl322,recent,2025-07-30,clear vane,6,2,no,1,"322, CV6, 2025-7-30, Vial 1",bark beetle (74 total),Coleoptera,1,Curculionidae,,Scolytinae,,,,,,,,,
sgl322,recent,2025-07-30,clear vane,6,2,no,1,"322, CV6, 2025-7-30, Vial 1",bark beetle (74 total),Coleoptera,1,Curculionidae,,Scolytinae,,,,,,,,,
sgl322,recent,2025-07-30,clear vane,6,2,no,1,"322, CV6, 2025-7-30, Vial 1",bark beetle (74 total),Coleoptera,1,Curculionidae,,Scolytinae,,,,,,,,,
sgl322,recent,2025-07-30,clear vane,6,2,no,1,"322, CV6, 2025-7-30, Vial 1",bark beetle (74 total),Coleoptera,1,Curculionidae,,Scolytinae,,,,,,,,,
sgl322,recent,2025-07-30,clear vane,6,2,no,1,"322, CV6, 2025-7-30, Vial 1",bark beetle (74 total),Coleoptera,1,Curculionidae,,Scolytinae,,,,,,,,,
sgl322,recent,2025-07-30,clear vane,6,2,no,1,"322, CV6, 2025-7-30, Vial 1",bark beetle (74 total),Coleoptera,1,Curculionidae,,Scolytinae,,,,,,,,,
sgl322,recent,2025-07-30,clear vane,6,2,no,1,"322, CV6, 2025-7-30, Vial 1",bark beetle (74 total),Coleoptera,1,Curculionidae,,Scolytinae,,,,,,,,,
sgl322,recent,2025-07-30,clear vane,6,2,no,1,"322, CV6, 2025-7-30, Vial 1",bark beetle (74 total),Coleoptera,1,Curculionidae,,Scolytinae,,,,,,,,,
sgl322,recent,2025-07-30,clear vane,6,2,no,1,"322, CV6, 2025-7-30, Vial 1",bark beetle (74 total),Coleoptera,1,Curculionidae,,Scolytinae,,,,,,,,,
sgl322,recent,2025-07-30,clear vane,6,2,no,1,"322, CV6, 2025-7-30, Vial 1",bark beetle (74 total),Coleoptera,1,Curculionidae,,Scolytinae,,,,,,,,,
sgl322,recent,2025-07-30,clear vane,6,2,no,1,"322, CV6, 2025-7-30, Vial 1",bark beetle (74 total),Coleoptera,1,Curculionidae,,Scolytinae,,,,,,,,,
sgl322,recent,2025-07-30,clear vane,6,2,no,1,"322, CV6, 2025-7-30, Vial 1",bark beetle (74 total),Coleoptera,1,Curculionidae,,Scolytinae,,,,,,,,,
sgl322,recent,2025-07-30,clear vane,6,2,no,1,"322, CV6, 2025-7-30, Vial 1",bark beetle (74 total),Coleoptera,1,Curculionidae,,Scolytinae,,,,,,,,,
sgl322,recent,2025-07-30,clear vane,6,2,no,1,"322, CV6, 2025-7-30, Vial 1",bark beetle (74 total),Coleoptera,1,Curculionidae,,Scolytinae,,,,,,,,,
sgl322,recent,2025-07-30,clear vane,6,2,no,1,"322, CV6, 2025-7-30, Vial 1",bark beetle (74 total),Coleoptera,1,Curculionidae,,Scolytinae,,,,,,,,,
sgl322,recent,2025-07-30,clear vane,6,2,no,1,"322, CV6, 2025-7-30, Vial 1",bark beetle (74 total),Coleoptera,1,Curculionidae,,Scolytinae,,,,,,,,,
sgl322,recent,2025-07-30,clear vane,6,2,no,1,"322, CV6, 2025-7-30, Vial 1",bark beetle (74 total),Coleoptera,1,Curculionidae,,Scolytinae,,,,,,,,,
sgl322,recent,2025-07-30,clear vane,6,2,no,1,"322, CV6, 2025-7-30, Vial 1",bark beetle (74 total),Coleoptera,1,Curculionidae,,Scolytinae,,,,,,,,,
sgl322,recent,2025-07-30,clear vane,6,2,no,1,"322, CV6, 2025-7-30, Vial 1",bark beetle (74 total),Coleoptera,1,Curculionidae,,Scolytinae,,,,,,,,,
sgl322,recent,2025-07-30,clear vane,6,2,no,1,"322, CV6, 2025-7-30, Vial 1",bark beetle (74 total),Coleoptera,1,Curculionidae,,Scolytinae,,,,,,,,,
sgl322,recent,2025-07-30,clear vane,6,2,no,1,"322, CV6, 2025-7-30, Vial 1",bark beetle (74 total),Coleoptera,1,Curculionidae,,Scolytinae,,,,,,,,,
sgl322,recent,2025-07-30,clear vane,6,2,no,1,"322, CV6, 2025-7-30, Vial 1",bark beetle (74 total),Coleoptera,1,Curculionidae,,Scolytinae,,,,,,,,,
sgl322,recent,2025-07-30,clear vane,6,2,no,1,"322, CV6, 2025-7-30, Vial 1",bark beetle (74 total),Coleoptera,1,Curculionidae,,Scolytinae,,,,,,,,,
sgl322,recent,2025-07-30,clear vane,6,2,no,1,"322, CV6, 2025-7-30, Vial 1",bark beetle (74 total),Coleoptera,1,Curculionidae,,Scolytinae,,,,,,,,,
,,,,,,,,,,,,,,,,,,,,,,,
sgl322,medium,2025-07-30,clear vane,12,2,no,1,"322, CV12, 2025-7-30, Vial 1",carrion beetle,Coleoptera,1,Staphylinidae,,Silphinae,,,,,,,,,
sgl322,medium,2025-07-30,clear vane,12,2,no,1,"322, CV12, 2025-7-30, Vial 1",bark beetles (28 total),Coleoptera,1,Curculionidae,,Scolytinae,,,,,,,,,
sgl322,medium,2025-07-30,clear vane,12,2,no,1,"322, CV12, 2025-7-30, Vial 1",bark beetles (28 total),Coleoptera,1,Curculionidae,,Scolytinae,,,,,,,,,
sgl322,medium,2025-07-30,clear vane,12,2,no,1,"322, CV12, 2025-7-30, Vial 1",bark beetles (28 total),Coleoptera,1,Curculionidae,,Scolytinae,,,,,,,,,
sgl322,medium,2025-07-30,clear vane,12,2,no,1,"322, CV12, 2025-7-30, Vial 1",bark beetles (28 total),Coleoptera,1,Curculionidae,,Scolytinae,,,,,,,,,
sgl322,medium,2025-07-30,clear vane,12,2,no,1,"322, CV12, 2025-7-30, Vial 1",bark beetles (28 total),Coleoptera,1,Curculionidae,,Scolytinae,,,,,,,,,
sgl322,medium,2025-07-30,clear vane,12,2,no,1,"322, CV12, 2025-7-30, Vial 1",bark beetles (28 total),Coleoptera,1,Curculionidae,,Scolytinae,,,,,,,,,
sgl322,medium,2025-07-30,clear vane,12,2,no,1,"322, CV12, 2025-7-30, Vial 1",bark beetles (28 total),Coleoptera,1,Curculionidae,,Scolytinae,,,,,,,,,
sgl322,medium,2025-07-30,clear vane,12,2,no,1,"322, CV12, 2025-7-30, Vial 1",bark beetles (28 total),Coleoptera,1,Curculionidae,,Scolytinae,,,,,,,,,
sgl322,medium,2025-07-30,clear vane,12,2,no,1,"322, CV12, 2025-7-30, Vial 1",bark beetles (28 total),Coleoptera,1,Curculionidae,,Scolytinae,,,,,,,,,
sgl322,medium,2025-07-30,clear vane,12,2,no,1,"322, CV12, 2025-7-30, Vial 1",bark beetles (28 total),Coleoptera,1,Curculionidae,,Scolytinae,,,,,,,,,
sgl322,medium,2025-07-30,clear vane,12,2,no,1,"322, CV12, 2025-7-30, Vial 1",bark beetles (28 total),Coleoptera,1,Curculionidae,,Scolytinae,,,,,,,,,
sgl322,medium,2025-07-30,clear vane,12,2,no,1,"322, CV12, 2025-7-30, Vial 1",bark beetles (28 total),Coleoptera,1,Curculionidae,,Scolytinae,,,,,,,,,
sgl322,medium,2025-07-30,clear vane,12,2,no,1,"322, CV12, 2025-7-30, Vial 1",bark beetles (28 total),Coleoptera,1,Curculionidae,,Scolytinae,,,,,,,,,
sgl322,medium,2025-07-30,clear vane,12,2,no,1,"322, CV12, 2025-7-30, Vial 1",bark beetles (28 total),Coleoptera,1,Curculionidae,,Scolytinae,,,,,,,,,
sgl322,medium,2025-07-30,clear vane,12,2,no,1,"322, CV12, 2025-7-30, Vial 1",bark beetles (28 total),Coleoptera,1,Curculionidae,,Scolytinae,,,,,,,,,
sgl322,medium,2025-07-30,clear vane,12,2,no,1,"322, CV12, 2025-7-30, Vial 1",bark beetles (28 total),Coleoptera,1,Curculionidae,,Scolytinae,,,,,,,,,
sgl322,medium,2025-07-30,clear vane,12,2,no,1,"322, CV12, 2025-7-30, Vial 1",bark beetles (28 total),Coleoptera,1,Curculionidae,,Scolytinae,,,,,,,,,
sgl322,medium,2025-07-30,clear vane,12,2,no,1,"322, CV12, 2025-7-30, Vial 1",bark beetles (28 total),Coleoptera,1,Curculionidae,,Scolytinae,,,,,,,,,
sgl322,medium,2025-07-30,clear vane,12,2,no,1,"322, CV12, 2025-7-30, Vial 1",bark beetles (28 total),Coleoptera,1,Curculionidae,,Scolytinae,,,,,,,,,
sgl322,medium,2025-07-30,clear vane,12,2,no,1,"322, CV12, 2025-7-30, Vial 1",bark beetles (28 total),Coleoptera,1,Curculionidae,,Scolytinae,,,,,,,,,
sgl322,medium,2025-07-30,clear vane,12,2,no,1,"322, CV12, 2025-7-30, Vial 1",bark beetles (28 total),Coleoptera,1,Curculionidae,,Scolytinae,,,,,,,,,
sgl322,medium,2025-07-30,clear vane,12,2,no,1,"322, CV12, 2025-7-30, Vial 1",bark beetles (28 total),Coleoptera,1,Curculionidae,,Scolytinae,,,,,,,,,
sgl322,medium,2025-07-30,clear vane,12,2,no,1,"322, CV12, 2025-7-30, Vial 1",bark beetles (28 total),Coleoptera,1,Curculionidae,,Scolytinae,,,,,,,,,
sgl322,medium,2025-07-30,clear vane,12,2,no,1,"322, CV12, 2025-7-30, Vial 1",bark beetles (28 total),Coleoptera,1,Curculionidae,,Scolytinae,,,,,,,,,
sgl322,medium,2025-07-30,clear vane,12,2,no,1,"322, CV12, 2025-7-30, Vial 1",bark beetles (28 total),Coleoptera,1,Curculionidae,,Scolytinae,,,,,,,,,
sgl322,medium,2025-07-30,clear vane,12,2,no,1,"322, CV12, 2025-7-30, Vial 1",bark beetles (28 total),Coleoptera,1,Curculionidae,,Scolytinae,,,,,,,,,
sgl322,medium,2025-07-30,clear vane,12,2,no,1,"322, CV12, 2025-7-30, Vial 1",bark beetles (28 total),Coleoptera,1,Curculionidae,,Scolytinae,,,,,,,,,
sgl322,medium,2025-07-30,clear vane,12,2,no,1,"322, CV12, 2025-7-30, Vial 1",bark beetles (28 total),Coleoptera,1,Curculionidae,,Scolytinae,,,,,,,,,
sgl322,medium,2025-07-30,clear vane,12,2,no,1,"322, CV12, 2025-7-30, Vial 1",mordellids of various size and colors (7 total),Coleoptera,1,Mordellidae,,,,,,,,,,,
sgl322,medium,2025-07-30,clear vane,12,2,no,1,"322, CV12, 2025-7-30, Vial 1",mordellids of various size and colors (7 total),Coleoptera,1,Mordellidae,,,,,,,,,,,
sgl322,medium,2025-07-30,clear vane,12,2,no,1,"322, CV12, 2025-7-30, Vial 1",mordellids of various size and colors (7 total),Coleoptera,1,Mordellidae,,,,,,,,,,,
sgl322,medium,2025-07-30,clear vane,12,2,no,1,"322, CV12, 2025-7-30, Vial 1",mordellids of various size and colors (7 total),Coleoptera,1,Mordellidae,,,,,,,,,,,
sgl322,medium,2025-07-30,clear vane,12,2,no,1,"322, CV12, 2025-7-30, Vial 1",mordellids of various size and colors (7 total),Coleoptera,1,Mordellidae,,,,,,,,,,,
sgl322,medium,2025-07-30,clear vane,12,2,no,1,"322, CV12, 2025-7-30, Vial 1",mordellids of various size and colors (7 total),Coleoptera,1,Mordellidae,,,,,,,,,,,
sgl322,medium,2025-07-30,clear vane,12,2,no,1,"322, CV12, 2025-7-30, Vial 1",mordellids of various size and colors (7 total),Coleoptera,1,Mordellidae,,,,,,,,,,,
sgl322,medium,2025-07-30,clear vane,12,2,no,1,"322, CV12, 2025-7-30, Vial 1",large dark brown weeviles with elbowed antennae that straighten out a bit (2 total),Coleoptera,1,Curculionidae,,,,,,,,,,,
sgl322,medium,2025-07-30,clear vane,12,2,no,1,"322, CV12, 2025-7-30, Vial 1",large dark brown weeviles with elbowed antennae that straighten out a bit (2 total),Coleoptera,1,Curculionidae,,,,,,,,,,,
sgl322,medium,2025-07-30,clear vane,12,2,no,1,"322, CV12, 2025-7-30, Vial 1",large tan weevil with elbowed antennae that straighten out a little,Coleoptera,1,Curculionidae,,,,,,,,,,,
sgl322,medium,2025-07-30,clear vane,12,2,no,1,"322, CV12, 2025-7-30, Vial 1",carabids with shiny green elytra (2 total),Coleoptera,1,Carabidae,,,,,,,,,,,
sgl322,medium,2025-07-30,clear vane,12,2,no,1,"322, CV12, 2025-7-30, Vial 1",carabids with shiny green elytra (2 total),Coleoptera,1,Carabidae,,,,,,,,,,,
sgl322,medium,2025-07-30,clear vane,12,2,no,1,"322, CV12, 2025-7-30, Vial 1",large brown elaterid,Coleoptera,1,Elateridae,,,,,,,,,,,
sgl322,medium,2025-07-30,clear vane,12,2,no,1,"322, CV12, 2025-7-30, Vial 1","large round histeridae with short elytra and head tucked very neatly into pronotum, appearing headless, probs subfamily Saprininae",Coleoptera,1,Histeridae,,,,,,,,,,,
sgl322,medium,2025-07-30,clear vane,12,2,no,1,"322, CV12, 2025-7-30, Vial 1","dark blue buprestid with tan spots, maybe genus Acmaeodera",Coleoptera,1,Buprestidae,,,,,,,,,,,
sgl322,medium,2025-07-30,clear vane,12,2,no,1,"322, CV12, 2025-7-30, Vial 1","hard ID, erotylid-esque beetle with shiny body, distinct antennomeres that each look like flat discs, and no tarsal claw teeth. Definitely genus Diaperis. Somehow a tenebrionid",Coleoptera,1,Tenebrionidae,,Diaperis,,,,,,,,,
sgl322,medium,2025-07-30,clear vane,12,2,no,1,"322, CV12, 2025-7-30, Vial 1",mid size brown ptinid,Coleoptera,1,Ptinidae,,,,,,,,,,,
sgl322,medium,2025-07-30,clear vane,12,2,no,1,"322, CV12, 2025-7-30, Vial 1",dark clerid with tan markings,Coleoptera,1,Cleridae,,,,,,,,,,,
sgl322,medium,2025-07-30,clear vane,12,2,no,1,"322, CV12, 2025-7-30, Vial 1",genus Mycetophagus,Coleoptera,1,Mycetophagidae,,,,,,,,,,,
sgl322,medium,2025-07-30,clear vane,12,2,no,1,"322, CV12, 2025-7-30, Vial 1","tan tetratomid, maybe genus Hallomenus",Coleoptera,1,Tetratomidae,,,,,,,,,,,
sgl322,medium,2025-07-30,clear vane,12,2,no,1,"322, CV12, 2025-7-30, Vial 1",small tan elaterids (2 total),Coleoptera,1,Elateridae,,,,,,,,,,,
sgl322,medium,2025-07-30,clear vane,12,2,no,1,"322, CV12, 2025-7-30, Vial 1",small tan elaterids (2 total),Coleoptera,1,Elateridae,,,,,,,,,,,
sgl322,medium,2025-07-30,clear vane,12,2,no,1,"322, CV12, 2025-7-30, Vial 1","dark tetratomid, probs genus Hallomenus",Coleoptera,1,Tetratomidae,,,,,,,,,,,
sgl322,medium,2025-07-30,clear vane,12,2,no,1,"322, CV12, 2025-7-30, Vial 1",mid size black elaterid,Coleoptera,1,Elateridae,,,,,,,,,,,
sgl322,medium,2025-07-30,clear vane,12,2,no,1,"322, CV12, 2025-7-30, Vial 1",small elaterid with orange and black elaterid and all black pronotum,Coleoptera,1,Elateridae,,,,,,,,,,,
sgl322,medium,2025-07-30,clear vane,12,2,no,1,"322, CV12, 2025-7-30, Vial 1","orange and dark brown nitidulid with short elytra, I would have thought this was a kateretid in another life",Coleoptera,1,Nitidulidae,,,,,,,,,,,
sgl322,medium,2025-07-30,clear vane,12,2,no,1,"322, CV12, 2025-7-30, Vial 1",mid size brown rove beetle,Coleoptera,1,Staphylinidae,,,,,,,,,,,
sgl322,medium,2025-07-30,clear vane,12,2,no,1,"322, CV12, 2025-7-30, Vial 1","lampyrid-mimicing lycid, maybe genus Plateros, square elytral cells make it obvious it is a lycid",Coleoptera,1,Lycidae,,,,,,,,,,,
sgl322,medium,2025-07-30,clear vane,12,2,no,1,"322, CV12, 2025-7-30, Vial 1",small tan sphindid,Coleoptera,1,Sphindidae,,,,,,,,,,,
sgl322,medium,2025-07-30,clear vane,12,2,no,1,"322, CV12, 2025-7-30, Vial 1",small dark sphindid,Coleoptera,1,Sphindidae,,,,,,,,,,,
sgl322,medium,2025-07-30,clear vane,12,2,no,1,"322, CV12, 2025-7-30, Vial 1",tan corylophid,Coleoptera,1,Corylophidae,,,,,,,,,,,
sgl322,medium,2025-07-30,clear vane,12,2,no,1,"322, CV12, 2025-7-30, Vial 1",silvanid,Coleoptera,1,Silvanidae,,,,,,,,,,,
sgl322,medium,2025-07-30,clear vane,12,2,no,1,"322, CV12, 2025-7-30, Vial 1","tubular nitidulid, probs genus Conotelus",Coleoptera,1,Nitidulidae,,,,,,,,,,,
sgl322,medium,2025-07-30,clear vane,12,2,no,1,"322, CV12, 2025-7-30, Vial 1",tan long and narrow staph,Coleoptera,1,Staphylinidae,,,,,,,,,,,
sgl322,medium,2025-07-30,clear vane,12,2,no,1,"322, CV12, 2025-7-30, Vial 1",tear shaped staph,Coleoptera,1,Staphylinidae,,,,,,,,,,,
sgl322,medium,2025-07-30,clear vane,12,2,no,1,"322, CV12, 2025-7-30, Vial 1",small black staph,Coleoptera,1,Staphylinidae,,,,,,,,,,,
sgl322,medium,2025-07-30,clear vane,12,2,no,1,"322, CV12, 2025-7-30, Vial 1","hard ID, pseudotetramerous pale tan beetle with very short prosternum (the whole underside of the prothorax is a thin band with a pair of legs on it), laemophloeid-esque head, but the eyes were not particularly bulging. Perhaps genus Contacyphon",Coleoptera,1,Scirtidae,,,,,,,,,,,
sgl322,medium,2025-07-30,clear vane,12,2,no,1,"322, CV12, 2025-7-30, Vial 1",smooth and round beetle with a three segmented club. I could tell it was not an Agathidiin. It is a phalacrid,Coleoptera,1,Phalacridae,,,,,,,,,,,
sgl322,medium,2025-07-30,clear vane,12,2,no,1,"322, CV12, 2025-7-30, Vial 1",agathidiin,Coleoptera,1,Leiodidae,,Agathidiini,,,,,,,,,
,,,,,,,,,,,,,,,,,,,,,,,
besf,medium,2025-08-13,clear vane,29,2,no,1,"besf, CV29, 2025-08-13, Vial 1",tan latridiids (2 total),Coleoptera,1,Latridiidae,,,,,,,,,,,
besf,medium,2025-08-13,clear vane,29,2,no,1,"besf, CV29, 2025-08-13, Vial 1",tan latridiids (2 total),Coleoptera,1,Latridiidae,,,,,,,,,,,
besf,medium,2025-08-13,clear vane,29,2,no,1,"besf, CV29, 2025-08-13, Vial 1",brown mordellid,Coleoptera,1,Mordellidae,,,,,,,,,,,
besf,medium,2025-08-13,clear vane,29,2,no,1,"besf, CV29, 2025-08-13, Vial 1",tiny tan ptiliid,Coleoptera,1,Ptiliidae,,,,,,,,,,,
besf,medium,2025-08-13,clear vane,29,2,no,1,"besf, CV29, 2025-08-13, Vial 1","shiny dark greenish-blue elytra beetle with tanner pronotum, pseudoetratmerous, probably flea beetle (tribe Alticini)",Coleoptera,1,Chrysomelidae,,,,,,,,,,,
besf,medium,2025-08-13,clear vane,29,2,no,1,"besf, CV29, 2025-08-13, Vial 1",genus Mycetophagidae,Coleoptera,1,Mycetophagidae,,,,,,,,,,,
besf,medium,2025-08-13,clear vane,29,2,no,1,"besf, CV29, 2025-08-13, Vial 1","dark brown beetle with pair of orange spots on elytra, maybe Tenebroides bimaculatus",Coleoptera,1,Trogossitidae,,,,,,,,,,,
besf,medium,2025-08-13,clear vane,29,2,no,1,"besf, CV29, 2025-08-13, Vial 1","tubular nitidulid, probs genus Conotelus",Coleoptera,1,Nitidulidae,,,,,,,,,,,
besf,medium,2025-08-13,clear vane,29,2,no,1,"besf, CV29, 2025-08-13, Vial 1","lady beetle-mimicing endomychid, maybe Endomychus biguttatus",Coleoptera,1,Endomychidae,,,,,,,,,,,
,,,,,,,,,,,,,,,,,,,,,,,
besf,unburned,2025-08-13,clear vane,34,2,no,1,"besf, CV34, 2025-08-13, Vial 1","brown and tan carabid, looks very similar to Cymindis limbata",Coleoptera,1,Carabidae,,,,,,,,,,,
besf,unburned,2025-08-13,clear vane,34,2,no,1,"besf, CV34, 2025-08-13, Vial 1",large brown elaterid with a lot of setae,Coleoptera,1,Elateridae,,,,,,,,,,,
besf,unburned,2025-08-13,clear vane,34,2,no,1,"besf, CV34, 2025-08-13, Vial 1","tan ptilodactylid with pectinate antennae, heart shaped scutellum, and teeth along margins of pronotum",Coleoptera,1,Ptilodactylidae,,,,,,,,,,,
besf,unburned,2025-08-13,clear vane,34,2,no,1,"besf, CV34, 2025-08-13, Vial 1",brown mordellids with mottled elytra (3 total),Coleoptera,1,Mordellidae,,,,,,,,,,,
besf,unburned,2025-08-13,clear vane,34,2,no,1,"besf, CV34, 2025-08-13, Vial 1",brown mordellids with mottled elytra (3 total),Coleoptera,1,Mordellidae,,,,,,,,,,,
besf,unburned,2025-08-13,clear vane,34,2,no,1,"besf, CV34, 2025-08-13, Vial 1",brown mordellids with mottled elytra (3 total),Coleoptera,1,Mordellidae,,,,,,,,,,,
besf,unburned,2025-08-13,clear vane,34,2,no,1,"besf, CV34, 2025-08-13, Vial 1",small brown ptinids (5 total),Coleoptera,1,Ptinidae,,,,,,,,,,,
besf,unburned,2025-08-13,clear vane,34,2,no,1,"besf, CV34, 2025-08-13, Vial 1",small brown ptinids (5 total),Coleoptera,1,Ptinidae,,,,,,,,,,,
besf,unburned,2025-08-13,clear vane,34,2,no,1,"besf, CV34, 2025-08-13, Vial 1",small brown ptinids (5 total),Coleoptera,1,Ptinidae,,,,,,,,,,,
besf,unburned,2025-08-13,clear vane,34,2,no,1,"besf, CV34, 2025-08-13, Vial 1",small brown ptinids (5 total),Coleoptera,1,Ptinidae,,,,,,,,,,,
besf,unburned,2025-08-13,clear vane,34,2,no,1,"besf, CV34, 2025-08-13, Vial 1",small brown ptinids (5 total),Coleoptera,1,Ptinidae,,,,,,,,,,,
besf,unburned,2025-08-13,clear vane,34,2,no,1,"besf, CV34, 2025-08-13, Vial 1",grey bloated beetle larvae that look a bit like lacewing larvae (3 total),Coleoptera,1,Unknown,Juvenile,,,,,,,,,,
besf,unburned,2025-08-13,clear vane,34,2,no,1,"besf, CV34, 2025-08-13, Vial 1",grey bloated beetle larvae that look a bit like lacewing larvae (3 total),Coleoptera,1,Unknown,Juvenile,,,,,,,,,,
besf,unburned,2025-08-13,clear vane,34,2,no,1,"besf, CV34, 2025-08-13, Vial 1",grey bloated beetle larvae that look a bit like lacewing larvae (3 total),Coleoptera,1,Unknown,Juvenile,,,,,,,,,,
besf,unburned,2025-08-13,clear vane,34,2,no,1,"besf, CV34, 2025-08-13, Vial 1",small narrow staphs (4 total),Coleoptera,1,Staphylinidae,,,,,,,,,,,
besf,unburned,2025-08-13,clear vane,34,2,no,1,"besf, CV34, 2025-08-13, Vial 1",small narrow staphs (4 total),Coleoptera,1,Staphylinidae,,,,,,,,,,,
besf,unburned,2025-08-13,clear vane,34,2,no,1,"besf, CV34, 2025-08-13, Vial 1",small narrow staphs (4 total),Coleoptera,1,Staphylinidae,,,,,,,,,,,
besf,unburned,2025-08-13,clear vane,34,2,no,1,"besf, CV34, 2025-08-13, Vial 1",small narrow staphs (4 total),Coleoptera,1,Staphylinidae,,,,,,,,,,,
besf,unburned,2025-08-13,clear vane,34,2,no,1,"besf, CV34, 2025-08-13, Vial 1",bark beetles (3 total),Coleoptera,1,Curculionidae,,Scolytinae,,,,,,,,,
besf,unburned,2025-08-13,clear vane,34,2,no,1,"besf, CV34, 2025-08-13, Vial 1",bark beetles (3 total),Coleoptera,1,Curculionidae,,Scolytinae,,,,,,,,,
besf,unburned,2025-08-13,clear vane,34,2,no,1,"besf, CV34, 2025-08-13, Vial 1",bark beetles (3 total),Coleoptera,1,Curculionidae,,Scolytinae,,,,,,,,,
,,,,,,,,,,,,,,,,,,,,,,,
msf,recent,2025-08-26,clear vane,39,2,no,1,"msf, CV39, 2025-8-26, Vial 1",probs Cyminidis limbata (2 total),Coleoptera,1,Carabidae,,,,,,,,,,,
msf,recent,2025-08-26,clear vane,39,2,no,1,"msf, CV39, 2025-8-26, Vial 1",probs Cyminidis limbata (2 total),Coleoptera,1,Carabidae,,,,,,,,,,,
msf,recent,2025-08-26,clear vane,39,2,no,1,"msf, CV39, 2025-8-26, Vial 1",large dark brown-purple weevil with geniculate antennae that straighten out a little,Coleoptera,1,Curculionidae,,,,,,,,,,,
msf,recent,2025-08-26,clear vane,39,2,no,1,"msf, CV39, 2025-8-26, Vial 1","tan and brown mordellids, one with head missing (3 total)",Coleoptera,1,Mordellidae,,,,,,,,,,,
msf,recent,2025-08-26,clear vane,39,2,no,1,"msf, CV39, 2025-8-26, Vial 1","tan and brown mordellids, one with head missing (3 total)",Coleoptera,1,Mordellidae,,,,,,,,,,,
msf,recent,2025-08-26,clear vane,39,2,no,1,"msf, CV39, 2025-8-26, Vial 1","tan and brown mordellids, one with head missing (3 total)",Coleoptera,1,Mordellidae,,,,,,,,,,,
msf,recent,2025-08-26,clear vane,39,2,no,1,"msf, CV39, 2025-8-26, Vial 1",dark clerids with 2 pairs of large tan spots on short elytra (2 total),Coleoptera,1,Cleridae,,,,,,,,,,,
msf,recent,2025-08-26,clear vane,39,2,no,1,"msf, CV39, 2025-8-26, Vial 1",dark clerids with 2 pairs of large tan spots on short elytra (2 total),Coleoptera,1,Cleridae,,,,,,,,,,,
msf,recent,2025-08-26,clear vane,39,2,no,1,"msf, CV39, 2025-8-26, Vial 1",tiny tan corylophid,Coleoptera,1,Corylophidae,,,,,,,,,,,
msf,recent,2025-08-26,clear vane,39,2,no,1,"msf, CV39, 2025-8-26, Vial 1","dark nitidulid, I would have called it a kateretid in another life",Coleoptera,1,Nitidulidae,,,,,,,,,,,
msf,recent,2025-08-26,clear vane,39,2,no,1,"msf, CV39, 2025-8-26, Vial 1","small, flat monotomid (2 total)",Coleoptera,1,Monotomidae,,,,,,,,,,,
msf,recent,2025-08-26,clear vane,39,2,no,1,"msf, CV39, 2025-8-26, Vial 1","small, flat monotomid (2 total)",Coleoptera,1,Monotomidae,,,,,,,,,,,
msf,recent,2025-08-26,clear vane,39,2,no,1,"msf, CV39, 2025-8-26, Vial 1",small narrow staphs (19 total),Coleoptera,1,Staphylinidae,,,,,,,,,,,
msf,recent,2025-08-26,clear vane,39,2,no,1,"msf, CV39, 2025-8-26, Vial 1",small narrow staphs (19 total),Coleoptera,1,Staphylinidae,,,,,,,,,,,
msf,recent,2025-08-26,clear vane,39,2,no,1,"msf, CV39, 2025-8-26, Vial 1",small narrow staphs (19 total),Coleoptera,1,Staphylinidae,,,,,,,,,,,
msf,recent,2025-08-26,clear vane,39,2,no,1,"msf, CV39, 2025-8-26, Vial 1",small narrow staphs (19 total),Coleoptera,1,Staphylinidae,,,,,,,,,,,
msf,recent,2025-08-26,clear vane,39,2,no,1,"msf, CV39, 2025-8-26, Vial 1",small narrow staphs (19 total),Coleoptera,1,Staphylinidae,,,,,,,,,,,
msf,recent,2025-08-26,clear vane,39,2,no,1,"msf, CV39, 2025-8-26, Vial 1",small narrow staphs (19 total),Coleoptera,1,Staphylinidae,,,,,,,,,,,
msf,recent,2025-08-26,clear vane,39,2,no,1,"msf, CV39, 2025-8-26, Vial 1",small narrow staphs (19 total),Coleoptera,1,Staphylinidae,,,,,,,,,,,
msf,recent,2025-08-26,clear vane,39,2,no,1,"msf, CV39, 2025-8-26, Vial 1",small narrow staphs (19 total),Coleoptera,1,Staphylinidae,,,,,,,,,,,
msf,recent,2025-08-26,clear vane,39,2,no,1,"msf, CV39, 2025-8-26, Vial 1",small narrow staphs (19 total),Coleoptera,1,Staphylinidae,,,,,,,,,,,
msf,recent,2025-08-26,clear vane,39,2,no,1,"msf, CV39, 2025-8-26, Vial 1",small narrow staphs (19 total),Coleoptera,1,Staphylinidae,,,,,,,,,,,
msf,recent,2025-08-26,clear vane,39,2,no,1,"msf, CV39, 2025-8-26, Vial 1",small narrow staphs (19 total),Coleoptera,1,Staphylinidae,,,,,,,,,,,
msf,recent,2025-08-26,clear vane,39,2,no,1,"msf, CV39, 2025-8-26, Vial 1",small narrow staphs (19 total),Coleoptera,1,Staphylinidae,,,,,,,,,,,
msf,recent,2025-08-26,clear vane,39,2,no,1,"msf, CV39, 2025-8-26, Vial 1",small narrow staphs (19 total),Coleoptera,1,Staphylinidae,,,,,,,,,,,
msf,recent,2025-08-26,clear vane,39,2,no,1,"msf, CV39, 2025-8-26, Vial 1",small narrow staphs (19 total),Coleoptera,1,Staphylinidae,,,,,,,,,,,
msf,recent,2025-08-26,clear vane,39,2,no,1,"msf, CV39, 2025-8-26, Vial 1",small narrow staphs (19 total),Coleoptera,1,Staphylinidae,,,,,,,,,,,
msf,recent,2025-08-26,clear vane,39,2,no,1,"msf, CV39, 2025-8-26, Vial 1",small narrow staphs (19 total),Coleoptera,1,Staphylinidae,,,,,,,,,,,
msf,recent,2025-08-26,clear vane,39,2,no,1,"msf, CV39, 2025-8-26, Vial 1",small narrow staphs (19 total),Coleoptera,1,Staphylinidae,,,,,,,,,,,
msf,recent,2025-08-26,clear vane,39,2,no,1,"msf, CV39, 2025-8-26, Vial 1",small narrow staphs (19 total),Coleoptera,1,Staphylinidae,,,,,,,,,,,
msf,recent,2025-08-26,clear vane,39,2,no,1,"msf, CV39, 2025-8-26, Vial 1",small narrow staphs (19 total),Coleoptera,1,Staphylinidae,,,,,,,,,,,
msf,recent,2025-08-26,clear vane,39,2,no,1,"msf, CV39, 2025-8-26, Vial 1","broken apart staphs, counted intact heads (5 total)",Coleoptera,1,Staphylinidae,,,,,,,,,,,
msf,recent,2025-08-26,clear vane,39,2,no,1,"msf, CV39, 2025-8-26, Vial 1","broken apart staphs, counted intact heads (5 total)",Coleoptera,1,Staphylinidae,,,,,,,,,,,
msf,recent,2025-08-26,clear vane,39,2,no,1,"msf, CV39, 2025-8-26, Vial 1","broken apart staphs, counted intact heads (5 total)",Coleoptera,1,Staphylinidae,,,,,,,,,,,
msf,recent,2025-08-26,clear vane,39,2,no,1,"msf, CV39, 2025-8-26, Vial 1","broken apart staphs, counted intact heads (5 total)",Coleoptera,1,Staphylinidae,,,,,,,,,,,
msf,recent,2025-08-26,clear vane,39,2,no,1,"msf, CV39, 2025-8-26, Vial 1","broken apart staphs, counted intact heads (5 total)",Coleoptera,1,Staphylinidae,,,,,,,,,,,
msf,recent,2025-08-26,clear vane,39,2,no,1,"msf, CV39, 2025-8-26, Vial 1",ant-like staph with exposed tergites,Coleoptera,1,Staphylinidae,,Pselaphinae,,,,,,,,,
msf,recent,2025-08-26,clear vane,39,2,no,1,"msf, CV39, 2025-8-26, Vial 1",tiny all black aderid. Body shape and presence of 4 visible ventrites confirmed it was an aderid,Coleoptera,1,Aderidae,,,,,,,,,,,
msf,recent,2025-08-26,clear vane,39,2,no,1,"msf, CV39, 2025-8-26, Vial 1",bark beetles (10 total),Coleoptera,1,Curculionidae,,Scolytinae,,,,,,,,,
msf,recent,2025-08-26,clear vane,39,2,no,1,"msf, CV39, 2025-8-26, Vial 1",bark beetles (10 total),Coleoptera,1,Curculionidae,,Scolytinae,,,,,,,,,
msf,recent,2025-08-26,clear vane,39,2,no,1,"msf, CV39, 2025-8-26, Vial 1",bark beetles (10 total),Coleoptera,1,Curculionidae,,Scolytinae,,,,,,,,,
msf,recent,2025-08-26,clear vane,39,2,no,1,"msf, CV39, 2025-8-26, Vial 1",bark beetles (10 total),Coleoptera,1,Curculionidae,,Scolytinae,,,,,,,,,
msf,recent,2025-08-26,clear vane,39,2,no,1,"msf, CV39, 2025-8-26, Vial 1",bark beetles (10 total),Coleoptera,1,Curculionidae,,Scolytinae,,,,,,,,,
msf,recent,2025-08-26,clear vane,39,2,no,1,"msf, CV39, 2025-8-26, Vial 1",bark beetles (10 total),Coleoptera,1,Curculionidae,,Scolytinae,,,,,,,,,
msf,recent,2025-08-26,clear vane,39,2,no,1,"msf, CV39, 2025-8-26, Vial 1",bark beetles (10 total),Coleoptera,1,Curculionidae,,Scolytinae,,,,,,,,,
msf,recent,2025-08-26,clear vane,39,2,no,1,"msf, CV39, 2025-8-26, Vial 1",bark beetles (10 total),Coleoptera,1,Curculionidae,,Scolytinae,,,,,,,,,
msf,recent,2025-08-26,clear vane,39,2,no,1,"msf, CV39, 2025-8-26, Vial 1",bark beetles (10 total),Coleoptera,1,Curculionidae,,Scolytinae,,,,,,,,,
msf,recent,2025-08-26,clear vane,39,2,no,1,"msf, CV39, 2025-8-26, Vial 1",bark beetles (10 total),Coleoptera,1,Curculionidae,,Scolytinae,,,,,,,,,
,,,,,,,,,,,,,,,,,,,,,,,
msf,medium,2025-08-26,clear vane,45,2,no,1,"msf, CV45, 2025-8-26, Vial 1","brown carabids with tan borders, look like Cymindis limbata (2 total)",Coleoptera,1,Carabidae,,,,,,,,,,,
msf,medium,2025-08-26,clear vane,45,2,no,1,"msf, CV45, 2025-8-26, Vial 1","brown carabids with tan borders, look like Cymindis limbata (2 total)",Coleoptera,1,Carabidae,,,,,,,,,,,
msf,medium,2025-08-26,clear vane,45,2,no,1,"msf, CV45, 2025-8-26, Vial 1","all brown melandryid with huge hind tibial spurs, maybe genus Orchesia ",Coleoptera,1,Melandryidae,,,,,,,,,,,
msf,medium,2025-08-26,clear vane,45,2,no,1,"msf, CV45, 2025-8-26, Vial 1","black clerid with shortish elytra showing two pairs of large pale spots (3 total), maybe Phyllobaenus pallipennis",Coleoptera,1,Cleridae,,,,,,,,,,,
msf,medium,2025-08-26,clear vane,45,2,no,1,"msf, CV45, 2025-8-26, Vial 1","black clerid with shortish elytra showing two pairs of large pale spots (3 total), maybe Phyllobaenus pallipennis",Coleoptera,1,Cleridae,,,,,,,,,,,
msf,medium,2025-08-26,clear vane,45,2,no,1,"msf, CV45, 2025-8-26, Vial 1","black clerid with shortish elytra showing two pairs of large pale spots (3 total), maybe Phyllobaenus pallipennis",Coleoptera,1,Cleridae,,,,,,,,,,,
msf,medium,2025-08-26,clear vane,45,2,no,1,"msf, CV45, 2025-8-26, Vial 1","rough texture black scarab with pronotum with many small pits, pill-shaped body",Coleoptera,1,Scarabaeidae,,,,,,,,,,,
msf,medium,2025-08-26,clear vane,45,2,no,1,"msf, CV45, 2025-8-26, Vial 1",dark brown-purple weevil with elbowed antennae that straighten out,Coleoptera,1,Curculionidae,,,,,,,,,,,
msf,medium,2025-08-26,clear vane,45,2,no,1,"msf, CV45, 2025-8-26, Vial 1","dark nitidulid with short elytra, I would have thought this was a kateretid in another life",Coleoptera,1,Nitidulidae,,,,,,,,,,,
msf,medium,2025-08-26,clear vane,45,2,no,1,"msf, CV45, 2025-8-26, Vial 1",tan latridiid,Coleoptera,1,Latridiidae,,,,,,,,,,,
msf,medium,2025-08-26,clear vane,45,2,no,1,"msf, CV45, 2025-8-26, Vial 1","flea beetle with very pale white underside. Could tell it is a flea beetle by the pseudotetramerous tarsi and, unnotched eyes, pronotum of substance on top and bottom sides, and noticeably inflated hind femora; maybe Systena marginalis",Coleoptera,1,Chrysomelidae,,,,,,,,,,,
msf,medium,2025-08-26,clear vane,45,2,no,1,"msf, CV45, 2025-8-26, Vial 1",small staphs (12 total),Coleoptera,1,Staphylinidae,,,,,,,,,,,
msf,medium,2025-08-26,clear vane,45,2,no,1,"msf, CV45, 2025-8-26, Vial 1",small staphs (12 total),Coleoptera,1,Staphylinidae,,,,,,,,,,,
msf,medium,2025-08-26,clear vane,45,2,no,1,"msf, CV45, 2025-8-26, Vial 1",small staphs (12 total),Coleoptera,1,Staphylinidae,,,,,,,,,,,
msf,medium,2025-08-26,clear vane,45,2,no,1,"msf, CV45, 2025-8-26, Vial 1",small staphs (12 total),Coleoptera,1,Staphylinidae,,,,,,,,,,,
msf,medium,2025-08-26,clear vane,45,2,no,1,"msf, CV45, 2025-8-26, Vial 1",small staphs (12 total),Coleoptera,1,Staphylinidae,,,,,,,,,,,
msf,medium,2025-08-26,clear vane,45,2,no,1,"msf, CV45, 2025-8-26, Vial 1",small staphs (12 total),Coleoptera,1,Staphylinidae,,,,,,,,,,,
msf,medium,2025-08-26,clear vane,45,2,no,1,"msf, CV45, 2025-8-26, Vial 1",small staphs (12 total),Coleoptera,1,Staphylinidae,,,,,,,,,,,
msf,medium,2025-08-26,clear vane,45,2,no,1,"msf, CV45, 2025-8-26, Vial 1",small staphs (12 total),Coleoptera,1,Staphylinidae,,,,,,,,,,,
msf,medium,2025-08-26,clear vane,45,2,no,1,"msf, CV45, 2025-8-26, Vial 1",small staphs (12 total),Coleoptera,1,Staphylinidae,,,,,,,,,,,
msf,medium,2025-08-26,clear vane,45,2,no,1,"msf, CV45, 2025-8-26, Vial 1",small staphs (12 total),Coleoptera,1,Staphylinidae,,,,,,,,,,,
msf,medium,2025-08-26,clear vane,45,2,no,1,"msf, CV45, 2025-8-26, Vial 1",small staphs (12 total),Coleoptera,1,Staphylinidae,,,,,,,,,,,
msf,medium,2025-08-26,clear vane,45,2,no,1,"msf, CV45, 2025-8-26, Vial 1",small staphs (12 total),Coleoptera,1,Staphylinidae,,,,,,,,,,,
msf,medium,2025-08-26,clear vane,45,2,no,1,"msf, CV45, 2025-8-26, Vial 1",small brown staph,Coleoptera,1,Staphylinidae,,,,,,,,,,,
msf,medium,2025-08-26,clear vane,45,2,no,1,"msf, CV45, 2025-8-26, Vial 1",small brown staph,Coleoptera,1,Staphylinidae,,,,,,,,,,,
msf,medium,2025-08-26,clear vane,45,2,no,1,"msf, CV45, 2025-8-26, Vial 1","ant looking staph with short elytra exposing abdomen, subfamily pselaphinae",Coleoptera,1,Staphylinidae,,Pselaphinae,,,,,,,,,
msf,medium,2025-08-26,clear vane,45,2,no,1,"msf, CV45, 2025-8-26, Vial 1",bark beetles (4 total),Coleoptera,1,Curculionidae,,Scolytinae,,,,,,,,,
msf,medium,2025-08-26,clear vane,45,2,no,1,"msf, CV45, 2025-8-26, Vial 1",bark beetles (4 total),Coleoptera,1,Curculionidae,,Scolytinae,,,,,,,,,
msf,medium,2025-08-26,clear vane,45,2,no,1,"msf, CV45, 2025-8-26, Vial 1",bark beetles (4 total),Coleoptera,1,Curculionidae,,Scolytinae,,,,,,,,,
msf,medium,2025-08-26,clear vane,45,2,no,1,"msf, CV45, 2025-8-26, Vial 1",bark beetles (4 total),Coleoptera,1,Curculionidae,,Scolytinae,,,,,,,,,
,,,,,,,,,,,,,,,,,,,,,,,
msf,unburned,2025-08-26,clear vane,52,2,no,1,"msf, CV52, 2025-8-26, Vial 1",intact small staphs (47 total),Coleoptera,1,Staphylinidae,,,,,,,,,,,
msf,unburned,2025-08-26,clear vane,52,2,no,1,"msf, CV52, 2025-8-26, Vial 1",intact small staphs (47 total),Coleoptera,1,Staphylinidae,,,,,,,,,,,
msf,unburned,2025-08-26,clear vane,52,2,no,1,"msf, CV52, 2025-8-26, Vial 1",intact small staphs (47 total),Coleoptera,1,Staphylinidae,,,,,,,,,,,
msf,unburned,2025-08-26,clear vane,52,2,no,1,"msf, CV52, 2025-8-26, Vial 1",intact small staphs (47 total),Coleoptera,1,Staphylinidae,,,,,,,,,,,
msf,unburned,2025-08-26,clear vane,52,2,no,1,"msf, CV52, 2025-8-26, Vial 1",intact small staphs (47 total),Coleoptera,1,Staphylinidae,,,,,,,,,,,
msf,unburned,2025-08-26,clear vane,52,2,no,1,"msf, CV52, 2025-8-26, Vial 1",intact small staphs (47 total),Coleoptera,1,Staphylinidae,,,,,,,,,,,
msf,unburned,2025-08-26,clear vane,52,2,no,1,"msf, CV52, 2025-8-26, Vial 1",intact small staphs (47 total),Coleoptera,1,Staphylinidae,,,,,,,,,,,
msf,unburned,2025-08-26,clear vane,52,2,no,1,"msf, CV52, 2025-8-26, Vial 1",intact small staphs (47 total),Coleoptera,1,Staphylinidae,,,,,,,,,,,
msf,unburned,2025-08-26,clear vane,52,2,no,1,"msf, CV52, 2025-8-26, Vial 1",intact small staphs (47 total),Coleoptera,1,Staphylinidae,,,,,,,,,,,
msf,unburned,2025-08-26,clear vane,52,2,no,1,"msf, CV52, 2025-8-26, Vial 1",intact small staphs (47 total),Coleoptera,1,Staphylinidae,,,,,,,,,,,
msf,unburned,2025-08-26,clear vane,52,2,no,1,"msf, CV52, 2025-8-26, Vial 1",intact small staphs (47 total),Coleoptera,1,Staphylinidae,,,,,,,,,,,
msf,unburned,2025-08-26,clear vane,52,2,no,1,"msf, CV52, 2025-8-26, Vial 1",intact small staphs (47 total),Coleoptera,1,Staphylinidae,,,,,,,,,,,
msf,unburned,2025-08-26,clear vane,52,2,no,1,"msf, CV52, 2025-8-26, Vial 1",intact small staphs (47 total),Coleoptera,1,Staphylinidae,,,,,,,,,,,
msf,unburned,2025-08-26,clear vane,52,2,no,1,"msf, CV52, 2025-8-26, Vial 1",intact small staphs (47 total),Coleoptera,1,Staphylinidae,,,,,,,,,,,
msf,unburned,2025-08-26,clear vane,52,2,no,1,"msf, CV52, 2025-8-26, Vial 1",intact small staphs (47 total),Coleoptera,1,Staphylinidae,,,,,,,,,,,
msf,unburned,2025-08-26,clear vane,52,2,no,1,"msf, CV52, 2025-8-26, Vial 1",intact small staphs (47 total),Coleoptera,1,Staphylinidae,,,,,,,,,,,
msf,unburned,2025-08-26,clear vane,52,2,no,1,"msf, CV52, 2025-8-26, Vial 1",intact small staphs (47 total),Coleoptera,1,Staphylinidae,,,,,,,,,,,
msf,unburned,2025-08-26,clear vane,52,2,no,1,"msf, CV52, 2025-8-26, Vial 1",intact small staphs (47 total),Coleoptera,1,Staphylinidae,,,,,,,,,,,
msf,unburned,2025-08-26,clear vane,52,2,no,1,"msf, CV52, 2025-8-26, Vial 1",intact small staphs (47 total),Coleoptera,1,Staphylinidae,,,,,,,,,,,
msf,unburned,2025-08-26,clear vane,52,2,no,1,"msf, CV52, 2025-8-26, Vial 1",intact small staphs (47 total),Coleoptera,1,Staphylinidae,,,,,,,,,,,
msf,unburned,2025-08-26,clear vane,52,2,no,1,"msf, CV52, 2025-8-26, Vial 1",intact small staphs (47 total),Coleoptera,1,Staphylinidae,,,,,,,,,,,
msf,unburned,2025-08-26,clear vane,52,2,no,1,"msf, CV52, 2025-8-26, Vial 1",intact small staphs (47 total),Coleoptera,1,Staphylinidae,,,,,,,,,,,
msf,unburned,2025-08-26,clear vane,52,2,no,1,"msf, CV52, 2025-8-26, Vial 1",intact small staphs (47 total),Coleoptera,1,Staphylinidae,,,,,,,,,,,
msf,unburned,2025-08-26,clear vane,52,2,no,1,"msf, CV52, 2025-8-26, Vial 1",intact small staphs (47 total),Coleoptera,1,Staphylinidae,,,,,,,,,,,
msf,unburned,2025-08-26,clear vane,52,2,no,1,"msf, CV52, 2025-8-26, Vial 1",intact small staphs (47 total),Coleoptera,1,Staphylinidae,,,,,,,,,,,
msf,unburned,2025-08-26,clear vane,52,2,no,1,"msf, CV52, 2025-8-26, Vial 1",intact small staphs (47 total),Coleoptera,1,Staphylinidae,,,,,,,,,,,
msf,unburned,2025-08-26,clear vane,52,2,no,1,"msf, CV52, 2025-8-26, Vial 1",intact small staphs (47 total),Coleoptera,1,Staphylinidae,,,,,,,,,,,
msf,unburned,2025-08-26,clear vane,52,2,no,1,"msf, CV52, 2025-8-26, Vial 1",intact small staphs (47 total),Coleoptera,1,Staphylinidae,,,,,,,,,,,
msf,unburned,2025-08-26,clear vane,52,2,no,1,"msf, CV52, 2025-8-26, Vial 1",intact small staphs (47 total),Coleoptera,1,Staphylinidae,,,,,,,,,,,
msf,unburned,2025-08-26,clear vane,52,2,no,1,"msf, CV52, 2025-8-26, Vial 1",intact small staphs (47 total),Coleoptera,1,Staphylinidae,,,,,,,,,,,
msf,unburned,2025-08-26,clear vane,52,2,no,1,"msf, CV52, 2025-8-26, Vial 1",intact small staphs (47 total),Coleoptera,1,Staphylinidae,,,,,,,,,,,
msf,unburned,2025-08-26,clear vane,52,2,no,1,"msf, CV52, 2025-8-26, Vial 1",intact small staphs (47 total),Coleoptera,1,Staphylinidae,,,,,,,,,,,
msf,unburned,2025-08-26,clear vane,52,2,no,1,"msf, CV52, 2025-8-26, Vial 1",intact small staphs (47 total),Coleoptera,1,Staphylinidae,,,,,,,,,,,
msf,unburned,2025-08-26,clear vane,52,2,no,1,"msf, CV52, 2025-8-26, Vial 1",intact small staphs (47 total),Coleoptera,1,Staphylinidae,,,,,,,,,,,
msf,unburned,2025-08-26,clear vane,52,2,no,1,"msf, CV52, 2025-8-26, Vial 1",intact small staphs (47 total),Coleoptera,1,Staphylinidae,,,,,,,,,,,
msf,unburned,2025-08-26,clear vane,52,2,no,1,"msf, CV52, 2025-8-26, Vial 1",intact small staphs (47 total),Coleoptera,1,Staphylinidae,,,,,,,,,,,
msf,unburned,2025-08-26,clear vane,52,2,no,1,"msf, CV52, 2025-8-26, Vial 1",intact small staphs (47 total),Coleoptera,1,Staphylinidae,,,,,,,,,,,
msf,unburned,2025-08-26,clear vane,52,2,no,1,"msf, CV52, 2025-8-26, Vial 1",intact small staphs (47 total),Coleoptera,1,Staphylinidae,,,,,,,,,,,
msf,unburned,2025-08-26,clear vane,52,2,no,1,"msf, CV52, 2025-8-26, Vial 1",intact small staphs (47 total),Coleoptera,1,Staphylinidae,,,,,,,,,,,
msf,unburned,2025-08-26,clear vane,52,2,no,1,"msf, CV52, 2025-8-26, Vial 1",intact small staphs (47 total),Coleoptera,1,Staphylinidae,,,,,,,,,,,
msf,unburned,2025-08-26,clear vane,52,2,no,1,"msf, CV52, 2025-8-26, Vial 1",intact small staphs (47 total),Coleoptera,1,Staphylinidae,,,,,,,,,,,
msf,unburned,2025-08-26,clear vane,52,2,no,1,"msf, CV52, 2025-8-26, Vial 1",intact small staphs (47 total),Coleoptera,1,Staphylinidae,,,,,,,,,,,
msf,unburned,2025-08-26,clear vane,52,2,no,1,"msf, CV52, 2025-8-26, Vial 1",intact small staphs (47 total),Coleoptera,1,Staphylinidae,,,,,,,,,,,
msf,unburned,2025-08-26,clear vane,52,2,no,1,"msf, CV52, 2025-8-26, Vial 1",intact small staphs (47 total),Coleoptera,1,Staphylinidae,,,,,,,,,,,
msf,unburned,2025-08-26,clear vane,52,2,no,1,"msf, CV52, 2025-8-26, Vial 1",intact small staphs (47 total),Coleoptera,1,Staphylinidae,,,,,,,,,,,
msf,unburned,2025-08-26,clear vane,52,2,no,1,"msf, CV52, 2025-8-26, Vial 1",intact small staphs (47 total),Coleoptera,1,Staphylinidae,,,,,,,,,,,
msf,unburned,2025-08-26,clear vane,52,2,no,1,"msf, CV52, 2025-8-26, Vial 1",intact small staphs (47 total),Coleoptera,1,Staphylinidae,,,,,,,,,,,
msf,unburned,2025-08-26,clear vane,52,2,no,1,"msf, CV52, 2025-8-26, Vial 1",large orange and black rove beetle,Coleoptera,1,Staphylinidae,,,,,,,,,,,
msf,unburned,2025-08-26,clear vane,52,2,no,1,"msf, CV52, 2025-8-26, Vial 1","black, pill-shaped, sculptured scarab with dimpled pronotum",Coleoptera,1,Scarabaeidae,,,,,,,,,,,
msf,unburned,2025-08-26,clear vane,52,2,no,1,"msf, CV52, 2025-8-26, Vial 1","tan laemophloeid, clear lines along pronotum",Coleoptera,1,Laemophloeidae,,,,,,,,,,,
msf,unburned,2025-08-26,clear vane,52,2,no,1,"msf, CV52, 2025-8-26, Vial 1",tan latridiids (2 total),Coleoptera,1,Latridiidae,,,,,,,,,,,
msf,unburned,2025-08-26,clear vane,52,2,no,1,"msf, CV52, 2025-8-26, Vial 1",tan latridiids (2 total),Coleoptera,1,Latridiidae,,,,,,,,,,,
msf,unburned,2025-08-26,clear vane,52,2,no,1,"msf, CV52, 2025-8-26, Vial 1",dark latridiids (2 total),Coleoptera,1,Latridiidae,,,,,,,,,,,
msf,unburned,2025-08-26,clear vane,52,2,no,1,"msf, CV52, 2025-8-26, Vial 1",dark latridiids (2 total),Coleoptera,1,Latridiidae,,,,,,,,,,,
msf,unburned,2025-08-26,clear vane,52,2,no,1,"msf, CV52, 2025-8-26, Vial 1","tan monotomid that I almost mistook for Pycnomerus zopherid, the large 1st and 5th ventrite and the 10-seg antennae reveal it to be monotomid",Coleoptera,1,Monotomidae,,,,,,,,,,,
msf,unburned,2025-08-26,clear vane,52,2,no,1,"msf, CV52, 2025-8-26, Vial 1","smooth round leiodid, but not one that can conglobate",Coleoptera,1,Leiodidae,,,,,,,,,,,
msf,unburned,2025-08-26,clear vane,52,2,no,1,"msf, CV52, 2025-8-26, Vial 1","aderid with two pairs of elytra spots, one at the shoulders and one at the posterior tip, maybe Syzeton fasciatus",Coleoptera,1,Aderidae,,,,,,,,,,,
msf,unburned,2025-08-26,clear vane,52,2,no,1,"msf, CV52, 2025-8-26, Vial 1",brown melandryid-esque leiodid,Coleoptera,1,Leiodidae,,,,,,,,,,,
msf,unburned,2025-08-26,clear vane,52,2,no,1,"msf, CV52, 2025-8-26, Vial 1",small staphs (4 total),Coleoptera,1,Staphylinidae,,,,,,,,,,,
msf,unburned,2025-08-26,clear vane,52,2,no,1,"msf, CV52, 2025-8-26, Vial 1",small staphs (4 total),Coleoptera,1,Staphylinidae,,,,,,,,,,,
msf,unburned,2025-08-26,clear vane,52,2,no,1,"msf, CV52, 2025-8-26, Vial 1",small staphs (4 total),Coleoptera,1,Staphylinidae,,,,,,,,,,,
msf,unburned,2025-08-26,clear vane,52,2,no,1,"msf, CV52, 2025-8-26, Vial 1",small staphs (4 total),Coleoptera,1,Staphylinidae,,,,,,,,,,,
msf,unburned,2025-08-26,clear vane,52,2,no,1,"msf, CV52, 2025-8-26, Vial 1",bark beetles (16 total),Coleoptera,1,Curculionidae,,Scolytinae,,,,,,,,,
msf,unburned,2025-08-26,clear vane,52,2,no,1,"msf, CV52, 2025-8-26, Vial 1",bark beetles (16 total),Coleoptera,1,Curculionidae,,Scolytinae,,,,,,,,,
msf,unburned,2025-08-26,clear vane,52,2,no,1,"msf, CV52, 2025-8-26, Vial 1",bark beetles (16 total),Coleoptera,1,Curculionidae,,Scolytinae,,,,,,,,,
msf,unburned,2025-08-26,clear vane,52,2,no,1,"msf, CV52, 2025-8-26, Vial 1",bark beetles (16 total),Coleoptera,1,Curculionidae,,Scolytinae,,,,,,,,,
msf,unburned,2025-08-26,clear vane,52,2,no,1,"msf, CV52, 2025-8-26, Vial 1",bark beetles (16 total),Coleoptera,1,Curculionidae,,Scolytinae,,,,,,,,,
msf,unburned,2025-08-26,clear vane,52,2,no,1,"msf, CV52, 2025-8-26, Vial 1",bark beetles (16 total),Coleoptera,1,Curculionidae,,Scolytinae,,,,,,,,,
msf,unburned,2025-08-26,clear vane,52,2,no,1,"msf, CV52, 2025-8-26, Vial 1",bark beetles (16 total),Coleoptera,1,Curculionidae,,Scolytinae,,,,,,,,,
msf,unburned,2025-08-26,clear vane,52,2,no,1,"msf, CV52, 2025-8-26, Vial 1",bark beetles (16 total),Coleoptera,1,Curculionidae,,Scolytinae,,,,,,,,,
msf,unburned,2025-08-26,clear vane,52,2,no,1,"msf, CV52, 2025-8-26, Vial 1",bark beetles (16 total),Coleoptera,1,Curculionidae,,Scolytinae,,,,,,,,,
msf,unburned,2025-08-26,clear vane,52,2,no,1,"msf, CV52, 2025-8-26, Vial 1",bark beetles (16 total),Coleoptera,1,Curculionidae,,Scolytinae,,,,,,,,,
msf,unburned,2025-08-26,clear vane,52,2,no,1,"msf, CV52, 2025-8-26, Vial 1",bark beetles (16 total),Coleoptera,1,Curculionidae,,Scolytinae,,,,,,,,,
msf,unburned,2025-08-26,clear vane,52,2,no,1,"msf, CV52, 2025-8-26, Vial 1",bark beetles (16 total),Coleoptera,1,Curculionidae,,Scolytinae,,,,,,,,,
msf,unburned,2025-08-26,clear vane,52,2,no,1,"msf, CV52, 2025-8-26, Vial 1",bark beetles (16 total),Coleoptera,1,Curculionidae,,Scolytinae,,,,,,,,,
msf,unburned,2025-08-26,clear vane,52,2,no,1,"msf, CV52, 2025-8-26, Vial 1",bark beetles (16 total),Coleoptera,1,Curculionidae,,Scolytinae,,,,,,,,,
msf,unburned,2025-08-26,clear vane,52,2,no,1,"msf, CV52, 2025-8-26, Vial 1",bark beetles (16 total),Coleoptera,1,Curculionidae,,Scolytinae,,,,,,,,,
msf,unburned,2025-08-26,clear vane,52,2,no,1,"msf, CV52, 2025-8-26, Vial 1",bark beetles (16 total),Coleoptera,1,Curculionidae,,Scolytinae,,,,,,,,,
,,,,,,,,,,,,,,,,,,,,,,,
sgl100,recent,2025-08-12,clear vane,58,2,no,1,"100, CV58, 2025-8-12, Vial 1",tan and black mordellids (2 total),Coleoptera,1,Mordellidae,,,,,,,,,,,
sgl100,recent,2025-08-12,clear vane,58,2,no,1,"100, CV58, 2025-8-12, Vial 1",tan and black mordellids (2 total),Coleoptera,1,Mordellidae,,,,,,,,,,,
sgl100,recent,2025-08-12,clear vane,58,2,no,1,"100, CV58, 2025-8-12, Vial 1",large black mottled mordellids (2 total),Coleoptera,1,Mordellidae,,,,,,,,,,,
sgl100,recent,2025-08-12,clear vane,58,2,no,1,"100, CV58, 2025-8-12, Vial 1",large black mottled mordellids (2 total),Coleoptera,1,Mordellidae,,,,,,,,,,,
sgl100,recent,2025-08-12,clear vane,58,2,no,1,"100, CV58, 2025-8-12, Vial 1",black and tan rove beetle,Coleoptera,1,Staphylinidae,,,,,,,,,,,
sgl100,recent,2025-08-12,clear vane,58,2,no,1,"100, CV58, 2025-8-12, Vial 1","large black tenebrionid, comb claw visible",Coleoptera,1,Tenebrionidae,,,,,,,,,,,
sgl100,recent,2025-08-12,clear vane,58,2,no,1,"100, CV58, 2025-8-12, Vial 1","brown tetratomid with pale shoulders, probs genus Hallomenus",Coleoptera,1,Tetratomidae,,,,,,,,,,,
sgl100,recent,2025-08-12,clear vane,58,2,no,1,"100, CV58, 2025-8-12, Vial 1",tan latridiids (2 total),Coleoptera,1,Latridiidae,,,,,,,,,,,
sgl100,recent,2025-08-12,clear vane,58,2,no,1,"100, CV58, 2025-8-12, Vial 1",tan latridiids (2 total),Coleoptera,1,Latridiidae,,,,,,,,,,,
sgl100,recent,2025-08-12,clear vane,58,2,no,1,"100, CV58, 2025-8-12, Vial 1","black clerid with tan markings, possibly Madoniella dislocata",Coleoptera,1,Cleridae,,,,,,,,,,,
sgl100,recent,2025-08-12,clear vane,58,2,no,1,"100, CV58, 2025-8-12, Vial 1",small black weevil,Coleoptera,1,Curculionidae,,,,,,,,,,,
sgl100,recent,2025-08-12,clear vane,58,2,no,1,"100, CV58, 2025-8-12, Vial 1",small staphs (3 total),Coleoptera,1,Staphylinidae,,,,,,,,,,,
sgl100,recent,2025-08-12,clear vane,58,2,no,1,"100, CV58, 2025-8-12, Vial 1",small staphs (3 total),Coleoptera,1,Staphylinidae,,,,,,,,,,,
sgl100,recent,2025-08-12,clear vane,58,2,no,1,"100, CV58, 2025-8-12, Vial 1",small staphs (3 total),Coleoptera,1,Staphylinidae,,,,,,,,,,,
sgl100,recent,2025-08-12,clear vane,58,2,no,1,"100, CV58, 2025-8-12, Vial 1",tear shaped staph,Coleoptera,1,Staphylinidae,,,,,,,,,,,
sgl100,recent,2025-08-12,clear vane,58,2,no,1,"100, CV58, 2025-8-12, Vial 1",mid size rove beetle ,Coleoptera,1,Staphylinidae,,,,,,,,,,,
sgl100,recent,2025-08-12,clear vane,58,2,no,1,"100, CV58, 2025-8-12, Vial 1","Laemophloeid with a pair of pale spots on elytra, probs genus Laemophloeus",Coleoptera,1,Laemophloeidae,,,,,,,,,,,
sgl100,recent,2025-08-12,clear vane,58,2,no,1,"100, CV58, 2025-8-12, Vial 1","brown cryptophagid that looks a lot like a biphyllid, but lacks V-shaped line on ventrite 1. Maybe genus Cryptophagus or Caenoscelis",Coleoptera,1,Cryptophagidae,,,,,,,,,,,
sgl100,recent,2025-08-12,clear vane,58,2,no,1,"100, CV58, 2025-8-12, Vial 1",bark beetles (7 total),Coleoptera,1,Curculionidae,,Scolytinae,,,,,,,,,
sgl100,recent,2025-08-12,clear vane,58,2,no,1,"100, CV58, 2025-8-12, Vial 1",bark beetles (7 total),Coleoptera,1,Curculionidae,,Scolytinae,,,,,,,,,
sgl100,recent,2025-08-12,clear vane,58,2,no,1,"100, CV58, 2025-8-12, Vial 1",bark beetles (7 total),Coleoptera,1,Curculionidae,,Scolytinae,,,,,,,,,
sgl100,recent,2025-08-12,clear vane,58,2,no,1,"100, CV58, 2025-8-12, Vial 1",bark beetles (7 total),Coleoptera,1,Curculionidae,,Scolytinae,,,,,,,,,
sgl100,recent,2025-08-12,clear vane,58,2,no,1,"100, CV58, 2025-8-12, Vial 1",bark beetles (7 total),Coleoptera,1,Curculionidae,,Scolytinae,,,,,,,,,
sgl100,recent,2025-08-12,clear vane,58,2,no,1,"100, CV58, 2025-8-12, Vial 1",bark beetles (7 total),Coleoptera,1,Curculionidae,,Scolytinae,,,,,,,,,
sgl100,recent,2025-08-12,clear vane,58,2,no,1,"100, CV58, 2025-8-12, Vial 1",bark beetles (7 total),Coleoptera,1,Curculionidae,,Scolytinae,,,,,,,,,
sgl100,recent,2025-08-12,clear vane,58,2,no,1,"separate vial - 100, CV58, 2025-8-12",probs Cnestus mutilatus,Coleoptera,1,Curculionidae,,Scolytinae,,,,,,,,,
,,,,,,,,,,,,,,,,,,,,,,,
sgl100,medium,2025-08-12,clear vane,64,2,no,1,"100, CV64, 2025-8-12, Vial 1",burying beetle,Coleoptera,1,Staphylinidae,,Silphinae,,,,,,,,,
sgl100,medium,2025-08-12,clear vane,64,2,no,1,"100, CV64, 2025-8-12, Vial 1",mottled grey and black cerambycids (2 total),Coleoptera,1,Cerambycidae,,,,,,,,,,,
sgl100,medium,2025-08-12,clear vane,64,2,no,1,"100, CV64, 2025-8-12, Vial 1",mottled grey and black cerambycids (2 total),Coleoptera,1,Cerambycidae,,,,,,,,,,,
sgl100,medium,2025-08-12,clear vane,64,2,no,1,"100, CV64, 2025-8-12, Vial 1",reddish brown cermbycid with yellow markings,Coleoptera,1,Cerambycidae,,,,,,,,,,,
sgl100,medium,2025-08-12,clear vane,64,2,no,1,"100, CV64, 2025-8-12, Vial 1","flea beetles with pale yellow heads and shiny green-blue elytra (10 total), possibly: Luperaltica senilis, Parchicola iris, Monomacra opaca, Glyptina cyanipennis, genus Dysphenges",Coleoptera,1,Chrysomelidae,,,,,,,,,,,
sgl100,medium,2025-08-12,clear vane,64,2,no,1,"100, CV64, 2025-8-12, Vial 1","flea beetles with pale yellow heads and shiny green-blue elytra (10 total), possibly: Luperaltica senilis, Parchicola iris, Monomacra opaca, Glyptina cyanipennis, genus Dysphenges",Coleoptera,1,Chrysomelidae,,,,,,,,,,,
sgl100,medium,2025-08-12,clear vane,64,2,no,1,"100, CV64, 2025-8-12, Vial 1","flea beetles with pale yellow heads and shiny green-blue elytra (10 total), possibly: Luperaltica senilis, Parchicola iris, Monomacra opaca, Glyptina cyanipennis, genus Dysphenges",Coleoptera,1,Chrysomelidae,,,,,,,,,,,
sgl100,medium,2025-08-12,clear vane,64,2,no,1,"100, CV64, 2025-8-12, Vial 1","flea beetles with pale yellow heads and shiny green-blue elytra (10 total), possibly: Luperaltica senilis, Parchicola iris, Monomacra opaca, Glyptina cyanipennis, genus Dysphenges",Coleoptera,1,Chrysomelidae,,,,,,,,,,,
sgl100,medium,2025-08-12,clear vane,64,2,no,1,"100, CV64, 2025-8-12, Vial 1","flea beetles with pale yellow heads and shiny green-blue elytra (10 total), possibly: Luperaltica senilis, Parchicola iris, Monomacra opaca, Glyptina cyanipennis, genus Dysphenges",Coleoptera,1,Chrysomelidae,,,,,,,,,,,
sgl100,medium,2025-08-12,clear vane,64,2,no,1,"100, CV64, 2025-8-12, Vial 1","flea beetles with pale yellow heads and shiny green-blue elytra (10 total), possibly: Luperaltica senilis, Parchicola iris, Monomacra opaca, Glyptina cyanipennis, genus Dysphenges",Coleoptera,1,Chrysomelidae,,,,,,,,,,,
sgl100,medium,2025-08-12,clear vane,64,2,no,1,"100, CV64, 2025-8-12, Vial 1","flea beetles with pale yellow heads and shiny green-blue elytra (10 total), possibly: Luperaltica senilis, Parchicola iris, Monomacra opaca, Glyptina cyanipennis, genus Dysphenges",Coleoptera,1,Chrysomelidae,,,,,,,,,,,
sgl100,medium,2025-08-12,clear vane,64,2,no,1,"100, CV64, 2025-8-12, Vial 1","flea beetles with pale yellow heads and shiny green-blue elytra (10 total), possibly: Luperaltica senilis, Parchicola iris, Monomacra opaca, Glyptina cyanipennis, genus Dysphenges",Coleoptera,1,Chrysomelidae,,,,,,,,,,,
sgl100,medium,2025-08-12,clear vane,64,2,no,1,"100, CV64, 2025-8-12, Vial 1","flea beetles with pale yellow heads and shiny green-blue elytra (10 total), possibly: Luperaltica senilis, Parchicola iris, Monomacra opaca, Glyptina cyanipennis, genus Dysphenges",Coleoptera,1,Chrysomelidae,,,,,,,,,,,
sgl100,medium,2025-08-12,clear vane,64,2,no,1,"100, CV64, 2025-8-12, Vial 1","flea beetles with pale yellow heads and shiny green-blue elytra (10 total), possibly: Luperaltica senilis, Parchicola iris, Monomacra opaca, Glyptina cyanipennis, genus Dysphenges",Coleoptera,1,Chrysomelidae,,,,,,,,,,,
sgl100,medium,2025-08-12,clear vane,64,2,no,1,"100, CV64, 2025-8-12, Vial 1",large brown elaterids (6 total),Coleoptera,1,Elateridae,,,,,,,,,,,
sgl100,medium,2025-08-12,clear vane,64,2,no,1,"100, CV64, 2025-8-12, Vial 1",large brown elaterids (6 total),Coleoptera,1,Elateridae,,,,,,,,,,,
sgl100,medium,2025-08-12,clear vane,64,2,no,1,"100, CV64, 2025-8-12, Vial 1",large brown elaterids (6 total),Coleoptera,1,Elateridae,,,,,,,,,,,
sgl100,medium,2025-08-12,clear vane,64,2,no,1,"100, CV64, 2025-8-12, Vial 1",large brown elaterids (6 total),Coleoptera,1,Elateridae,,,,,,,,,,,
sgl100,medium,2025-08-12,clear vane,64,2,no,1,"100, CV64, 2025-8-12, Vial 1",large brown elaterids (6 total),Coleoptera,1,Elateridae,,,,,,,,,,,
sgl100,medium,2025-08-12,clear vane,64,2,no,1,"100, CV64, 2025-8-12, Vial 1",large brown elaterids (6 total),Coleoptera,1,Elateridae,,,,,,,,,,,
sgl100,medium,2025-08-12,clear vane,64,2,no,1,"100, CV64, 2025-8-12, Vial 1","large shiny green buprestid, not EAB because this beetle is dark shiny blue underneath the flying wings, but probs genus Agrilus",Coleoptera,1,Buprestidae,,,,,,,,,,,
sgl100,medium,2025-08-12,clear vane,64,2,no,1,"100, CV64, 2025-8-12, Vial 1",large tan long snout weevil,Coleoptera,1,Curculionidae,,,,,,,,,,,
sgl100,medium,2025-08-12,clear vane,64,2,no,1,"100, CV64, 2025-8-12, Vial 1",large dark long snout weevil,Coleoptera,1,Curculionidae,,,,,,,,,,,
sgl100,medium,2025-08-12,clear vane,64,2,no,1,"100, CV64, 2025-8-12, Vial 1",dark brown purple weevil with elbowed antennae that straighten out sometimes,Coleoptera,1,Curculionidae,,,,,,,,,,,
sgl100,medium,2025-08-12,clear vane,64,2,no,1,"100, CV64, 2025-8-12, Vial 1","brown melandryid with pale markings, probs Dircaea liturata",Coleoptera,1,Melandryidae,,,,,,,,,,,
sgl100,medium,2025-08-12,clear vane,64,2,no,1,"100, CV64, 2025-8-12, Vial 1",mid size brown ptinids (2 total),Coleoptera,1,Ptinidae,,,,,,,,,,,
sgl100,medium,2025-08-12,clear vane,64,2,no,1,"100, CV64, 2025-8-12, Vial 1",mid size brown ptinids (2 total),Coleoptera,1,Ptinidae,,,,,,,,,,,
sgl100,medium,2025-08-12,clear vane,64,2,no,1,"100, CV64, 2025-8-12, Vial 1","dark clerids with 2 pairs of large spots on elytra, maybe Phyllobaenus plannipennis (10 total)",Coleoptera,1,Cleridae,,,,,,,,,,,
sgl100,medium,2025-08-12,clear vane,64,2,no,1,"100, CV64, 2025-8-12, Vial 1","dark clerids with 2 pairs of large spots on elytra, maybe Phyllobaenus plannipennis (10 total)",Coleoptera,1,Cleridae,,,,,,,,,,,
sgl100,medium,2025-08-12,clear vane,64,2,no,1,"100, CV64, 2025-8-12, Vial 1","dark clerids with 2 pairs of large spots on elytra, maybe Phyllobaenus plannipennis (10 total)",Coleoptera,1,Cleridae,,,,,,,,,,,
sgl100,medium,2025-08-12,clear vane,64,2,no,1,"100, CV64, 2025-8-12, Vial 1","dark clerids with 2 pairs of large spots on elytra, maybe Phyllobaenus plannipennis (10 total)",Coleoptera,1,Cleridae,,,,,,,,,,,
sgl100,medium,2025-08-12,clear vane,64,2,no,1,"100, CV64, 2025-8-12, Vial 1","dark clerids with 2 pairs of large spots on elytra, maybe Phyllobaenus plannipennis (10 total)",Coleoptera,1,Cleridae,,,,,,,,,,,
sgl100,medium,2025-08-12,clear vane,64,2,no,1,"100, CV64, 2025-8-12, Vial 1","dark clerids with 2 pairs of large spots on elytra, maybe Phyllobaenus plannipennis (10 total)",Coleoptera,1,Cleridae,,,,,,,,,,,
sgl100,medium,2025-08-12,clear vane,64,2,no,1,"100, CV64, 2025-8-12, Vial 1","dark clerids with 2 pairs of large spots on elytra, maybe Phyllobaenus plannipennis (10 total)",Coleoptera,1,Cleridae,,,,,,,,,,,
sgl100,medium,2025-08-12,clear vane,64,2,no,1,"100, CV64, 2025-8-12, Vial 1","dark clerids with 2 pairs of large spots on elytra, maybe Phyllobaenus plannipennis (10 total)",Coleoptera,1,Cleridae,,,,,,,,,,,
sgl100,medium,2025-08-12,clear vane,64,2,no,1,"100, CV64, 2025-8-12, Vial 1","dark clerids with 2 pairs of large spots on elytra, maybe Phyllobaenus plannipennis (10 total)",Coleoptera,1,Cleridae,,,,,,,,,,,
sgl100,medium,2025-08-12,clear vane,64,2,no,1,"100, CV64, 2025-8-12, Vial 1","dark clerids with 2 pairs of large spots on elytra, maybe Phyllobaenus plannipennis (10 total)",Coleoptera,1,Cleridae,,,,,,,,,,,
sgl100,medium,2025-08-12,clear vane,64,2,no,1,"100, CV64, 2025-8-12, Vial 1",tan latridiids (3 total),Coleoptera,1,Latridiidae,,,,,,,,,,,
sgl100,medium,2025-08-12,clear vane,64,2,no,1,"100, CV64, 2025-8-12, Vial 1",tan latridiids (3 total),Coleoptera,1,Latridiidae,,,,,,,,,,,
sgl100,medium,2025-08-12,clear vane,64,2,no,1,"100, CV64, 2025-8-12, Vial 1",tan latridiids (3 total),Coleoptera,1,Latridiidae,,,,,,,,,,,
sgl100,medium,2025-08-12,clear vane,64,2,no,1,"100, CV64, 2025-8-12, Vial 1",dark corylophid,Coleoptera,1,Corylophidae,,,,,,,,,,,
sgl100,medium,2025-08-12,clear vane,64,2,no,1,"100, CV64, 2025-8-12, Vial 1",small dark staph,Coleoptera,1,Staphylinidae,,,,,,,,,,,
sgl100,medium,2025-08-12,clear vane,64,2,no,1,"100, CV64, 2025-8-12, Vial 1",mid size compact black and mottled weevil,Coleoptera,1,Curculionidae,,,,,,,,,,,
sgl100,medium,2025-08-12,clear vane,64,2,no,1,"100, CV64, 2025-8-12, Vial 1","brown aderid, only 4 ventrites and head suddenly slopes down similar to a scraptiid",Coleoptera,1,Aderidae,,,,,,,,,,,
sgl100,medium,2025-08-12,clear vane,64,2,no,1,"100, CV64, 2025-8-12, Vial 1",bark beetles (3 total),Coleoptera,1,Curculionidae,,Scolytinae,,,,,,,,,
sgl100,medium,2025-08-12,clear vane,64,2,no,1,"100, CV64, 2025-8-12, Vial 1",bark beetles (3 total),Coleoptera,1,Curculionidae,,Scolytinae,,,,,,,,,
sgl100,medium,2025-08-12,clear vane,64,2,no,1,"100, CV64, 2025-8-12, Vial 1",bark beetles (3 total),Coleoptera,1,Curculionidae,,Scolytinae,,,,,,,,,
,,,,,,,,,,,,,,,,,,,,,,,
sgl100,unburned,2025-08-12,clear vane,70,2,no,1,"100, CV70, 2025-8-12, Vial 1",large brown elaterid,Coleoptera,1,Elateridae,,,,,,,,,,,
sgl100,unburned,2025-08-12,clear vane,70,2,no,1,"100, CV70, 2025-8-12, Vial 1",mid size black compact weevil,Coleoptera,1,Curculionidae,,,,,,,,,,,
sgl100,unburned,2025-08-12,clear vane,70,2,no,1,"100, CV70, 2025-8-12, Vial 1",rough texture black pill-shaped scarab with dimpled pronotum,Coleoptera,1,Scarabaeidae,,,,,,,,,,,
sgl100,unburned,2025-08-12,clear vane,70,2,no,1,"100, CV70, 2025-8-12, Vial 1","black and tan carabid, maybe Cymindis limbata",Coleoptera,1,Carabidae,,,,,,,,,,,
sgl100,unburned,2025-08-12,clear vane,70,2,no,1,"100, CV70, 2025-8-12, Vial 1",small rove beetle (ant-like head),Coleoptera,1,Staphylinidae,,,,,,,,,,,
sgl100,unburned,2025-08-12,clear vane,70,2,no,1,"100, CV70, 2025-8-12, Vial 1",small staphs (4 total),Coleoptera,1,Staphylinidae,,,,,,,,,,,
sgl100,unburned,2025-08-12,clear vane,70,2,no,1,"100, CV70, 2025-8-12, Vial 1",small staphs (4 total),Coleoptera,1,Staphylinidae,,,,,,,,,,,
sgl100,unburned,2025-08-12,clear vane,70,2,no,1,"100, CV70, 2025-8-12, Vial 1",small staphs (4 total),Coleoptera,1,Staphylinidae,,,,,,,,,,,
sgl100,unburned,2025-08-12,clear vane,70,2,no,1,"100, CV70, 2025-8-12, Vial 1",small staphs (4 total),Coleoptera,1,Staphylinidae,,,,,,,,,,,
sgl100,unburned,2025-08-12,clear vane,70,2,no,1,"100, CV70, 2025-8-12, Vial 1","dark clerid with 2 large pairs of pale spots, maybe Phyllobaenus pallipennis",Coleoptera,1,Cleridae,,,,,,,,,,,
sgl100,unburned,2025-08-12,clear vane,70,2,no,1,"100, CV70, 2025-8-12, Vial 1",small compact mottled brown weevil,Coleoptera,1,Curculionidae,,,,,,,,,,,
sgl100,unburned,2025-08-12,clear vane,70,2,no,1,"100, CV70, 2025-8-12, Vial 1",brown latridiid,Coleoptera,1,Latridiidae,,,,,,,,,,,
sgl100,unburned,2025-08-12,clear vane,70,2,no,1,"100, CV70, 2025-8-12, Vial 1","tan biphyllid, V-lines on first ventrite",Coleoptera,1,Biphyllidae,,,,,,,,,,,
sgl100,unburned,2025-08-12,clear vane,70,2,no,1,"100, CV70, 2025-8-12, Vial 1","brown melandryid, maybe genus Phloiotrya or Serropalpus",Coleoptera,1,Melandryidae,,,,,,,,,,,
sgl100,unburned,2025-08-12,clear vane,70,2,no,1,"100, CV70, 2025-8-12, Vial 1",bark beetles (4 total),Coleoptera,1,Curculionidae,,Scolytinae,,,,,,,,,
sgl100,unburned,2025-08-12,clear vane,70,2,no,1,"100, CV70, 2025-8-12, Vial 1",bark beetles (4 total),Coleoptera,1,Curculionidae,,Scolytinae,,,,,,,,,
sgl100,unburned,2025-08-12,clear vane,70,2,no,1,"100, CV70, 2025-8-12, Vial 1",bark beetles (4 total),Coleoptera,1,Curculionidae,,Scolytinae,,,,,,,,,
sgl100,unburned,2025-08-12,clear vane,70,2,no,1,"100, CV70, 2025-8-12, Vial 1",bark beetles (4 total),Coleoptera,1,Curculionidae,,Scolytinae,,,,,,,,,
,,,,,,,,,,,,,,,,,,,,,,,
sgl176,recent,2025-08-28,clear vane,74,2,no,1,"176, CV74, 2025-8-28, Vial 1",large all black shield shaped tetratomid with orange last anntenomere. Prons Penthe pimelia,Coleoptera,1,Tetratomidae,,,,,,,,,,,
sgl176,recent,2025-08-28,clear vane,74,2,no,1,"176, CV74, 2025-8-28, Vial 1",tan laemophloeid,Coleoptera,1,Laemophloeidae,,,,,,,,,,,
sgl176,recent,2025-08-28,clear vane,74,2,no,1,"176, CV74, 2025-8-28, Vial 1",dark laemophloeid with a pair of orange spots on elytra,Coleoptera,1,Laemophloeidae,,,,,,,,,,,
sgl176,recent,2025-08-28,clear vane,74,2,no,1,"176, CV74, 2025-8-28, Vial 1",small dark staph,Coleoptera,1,Staphylinidae,,,,,,,,,,,
sgl176,recent,2025-08-28,clear vane,74,2,no,1,"176, CV74, 2025-8-28, Vial 1",mid size dark staph,Coleoptera,1,Staphylinidae,,,,,,,,,,,
sgl176,recent,2025-08-28,clear vane,74,2,no,1,"176, CV74, 2025-8-28, Vial 1",dark latridiid with pale markings underneath,Coleoptera,1,Latridiidae,,,,,,,,,,,
sgl176,recent,2025-08-28,clear vane,74,2,no,1,"176, CV74, 2025-8-28, Vial 1",larger tan latridiid with pronotum with serrated margin,Coleoptera,1,Latridiidae,,,,,,,,,,,
sgl176,recent,2025-08-28,clear vane,74,2,no,1,"176, CV74, 2025-8-28, Vial 1",coffee colored mottled mordellid,Coleoptera,1,Mordellidae,,,,,,,,,,,
sgl176,recent,2025-08-28,clear vane,74,2,no,1,"176, CV74, 2025-8-28, Vial 1",small brown byphillid,Coleoptera,1,Biphyllidae,,,,,,,,,,,
sgl176,recent,2025-08-28,clear vane,74,2,no,1,"176, CV74, 2025-8-28, Vial 1",slightly larger brown biphyllid,Coleoptera,1,Biphyllidae,,,,,,,,,,,
sgl176,recent,2025-08-28,clear vane,74,2,no,1,"176, CV74, 2025-8-28, Vial 1",pale orange shiny endomychid with 4-4-4 tarsi and dark brown markings. Probs genus Phymaphora,Coleoptera,1,Endomychidae,,,,,,,,,,,
sgl176,recent,2025-08-28,clear vane,74,2,no,1,"176, CV74, 2025-8-28, Vial 1","Hard ID, TETRATOMID!! Probs Tetratoma tessellata; initially thought it was a small mycetophagid with many patterns of pale orange and black",Coleoptera,1,Tetratomidae,,,,,,,,,,,
sgl176,recent,2025-08-28,clear vane,74,2,no,1,"176, CV74, 2025-8-28, Vial 1",bark beetles (41 total),Coleoptera,1,Curculionidae,,Scolytinae,,,,,,,,,
sgl176,recent,2025-08-28,clear vane,74,2,no,1,"176, CV74, 2025-8-28, Vial 1",bark beetles (41 total),Coleoptera,1,Curculionidae,,Scolytinae,,,,,,,,,
sgl176,recent,2025-08-28,clear vane,74,2,no,1,"176, CV74, 2025-8-28, Vial 1",bark beetles (41 total),Coleoptera,1,Curculionidae,,Scolytinae,,,,,,,,,
sgl176,recent,2025-08-28,clear vane,74,2,no,1,"176, CV74, 2025-8-28, Vial 1",bark beetles (41 total),Coleoptera,1,Curculionidae,,Scolytinae,,,,,,,,,
sgl176,recent,2025-08-28,clear vane,74,2,no,1,"176, CV74, 2025-8-28, Vial 1",bark beetles (41 total),Coleoptera,1,Curculionidae,,Scolytinae,,,,,,,,,
sgl176,recent,2025-08-28,clear vane,74,2,no,1,"176, CV74, 2025-8-28, Vial 1",bark beetles (41 total),Coleoptera,1,Curculionidae,,Scolytinae,,,,,,,,,
sgl176,recent,2025-08-28,clear vane,74,2,no,1,"176, CV74, 2025-8-28, Vial 1",bark beetles (41 total),Coleoptera,1,Curculionidae,,Scolytinae,,,,,,,,,
sgl176,recent,2025-08-28,clear vane,74,2,no,1,"176, CV74, 2025-8-28, Vial 1",bark beetles (41 total),Coleoptera,1,Curculionidae,,Scolytinae,,,,,,,,,
sgl176,recent,2025-08-28,clear vane,74,2,no,1,"176, CV74, 2025-8-28, Vial 1",bark beetles (41 total),Coleoptera,1,Curculionidae,,Scolytinae,,,,,,,,,
sgl176,recent,2025-08-28,clear vane,74,2,no,1,"176, CV74, 2025-8-28, Vial 1",bark beetles (41 total),Coleoptera,1,Curculionidae,,Scolytinae,,,,,,,,,
sgl176,recent,2025-08-28,clear vane,74,2,no,1,"176, CV74, 2025-8-28, Vial 1",bark beetles (41 total),Coleoptera,1,Curculionidae,,Scolytinae,,,,,,,,,
sgl176,recent,2025-08-28,clear vane,74,2,no,1,"176, CV74, 2025-8-28, Vial 1",bark beetles (41 total),Coleoptera,1,Curculionidae,,Scolytinae,,,,,,,,,
sgl176,recent,2025-08-28,clear vane,74,2,no,1,"176, CV74, 2025-8-28, Vial 1",bark beetles (41 total),Coleoptera,1,Curculionidae,,Scolytinae,,,,,,,,,
sgl176,recent,2025-08-28,clear vane,74,2,no,1,"176, CV74, 2025-8-28, Vial 1",bark beetles (41 total),Coleoptera,1,Curculionidae,,Scolytinae,,,,,,,,,
sgl176,recent,2025-08-28,clear vane,74,2,no,1,"176, CV74, 2025-8-28, Vial 1",bark beetles (41 total),Coleoptera,1,Curculionidae,,Scolytinae,,,,,,,,,
sgl176,recent,2025-08-28,clear vane,74,2,no,1,"176, CV74, 2025-8-28, Vial 1",bark beetles (41 total),Coleoptera,1,Curculionidae,,Scolytinae,,,,,,,,,
sgl176,recent,2025-08-28,clear vane,74,2,no,1,"176, CV74, 2025-8-28, Vial 1",bark beetles (41 total),Coleoptera,1,Curculionidae,,Scolytinae,,,,,,,,,
sgl176,recent,2025-08-28,clear vane,74,2,no,1,"176, CV74, 2025-8-28, Vial 1",bark beetles (41 total),Coleoptera,1,Curculionidae,,Scolytinae,,,,,,,,,
sgl176,recent,2025-08-28,clear vane,74,2,no,1,"176, CV74, 2025-8-28, Vial 1",bark beetles (41 total),Coleoptera,1,Curculionidae,,Scolytinae,,,,,,,,,
sgl176,recent,2025-08-28,clear vane,74,2,no,1,"176, CV74, 2025-8-28, Vial 1",bark beetles (41 total),Coleoptera,1,Curculionidae,,Scolytinae,,,,,,,,,
sgl176,recent,2025-08-28,clear vane,74,2,no,1,"176, CV74, 2025-8-28, Vial 1",bark beetles (41 total),Coleoptera,1,Curculionidae,,Scolytinae,,,,,,,,,
sgl176,recent,2025-08-28,clear vane,74,2,no,1,"176, CV74, 2025-8-28, Vial 1",bark beetles (41 total),Coleoptera,1,Curculionidae,,Scolytinae,,,,,,,,,
sgl176,recent,2025-08-28,clear vane,74,2,no,1,"176, CV74, 2025-8-28, Vial 1",bark beetles (41 total),Coleoptera,1,Curculionidae,,Scolytinae,,,,,,,,,
sgl176,recent,2025-08-28,clear vane,74,2,no,1,"176, CV74, 2025-8-28, Vial 1",bark beetles (41 total),Coleoptera,1,Curculionidae,,Scolytinae,,,,,,,,,
sgl176,recent,2025-08-28,clear vane,74,2,no,1,"176, CV74, 2025-8-28, Vial 1",bark beetles (41 total),Coleoptera,1,Curculionidae,,Scolytinae,,,,,,,,,
sgl176,recent,2025-08-28,clear vane,74,2,no,1,"176, CV74, 2025-8-28, Vial 1",bark beetles (41 total),Coleoptera,1,Curculionidae,,Scolytinae,,,,,,,,,
sgl176,recent,2025-08-28,clear vane,74,2,no,1,"176, CV74, 2025-8-28, Vial 1",bark beetles (41 total),Coleoptera,1,Curculionidae,,Scolytinae,,,,,,,,,
sgl176,recent,2025-08-28,clear vane,74,2,no,1,"176, CV74, 2025-8-28, Vial 1",bark beetles (41 total),Coleoptera,1,Curculionidae,,Scolytinae,,,,,,,,,
sgl176,recent,2025-08-28,clear vane,74,2,no,1,"176, CV74, 2025-8-28, Vial 1",bark beetles (41 total),Coleoptera,1,Curculionidae,,Scolytinae,,,,,,,,,
sgl176,recent,2025-08-28,clear vane,74,2,no,1,"176, CV74, 2025-8-28, Vial 1",bark beetles (41 total),Coleoptera,1,Curculionidae,,Scolytinae,,,,,,,,,
sgl176,recent,2025-08-28,clear vane,74,2,no,1,"176, CV74, 2025-8-28, Vial 1",bark beetles (41 total),Coleoptera,1,Curculionidae,,Scolytinae,,,,,,,,,
sgl176,recent,2025-08-28,clear vane,74,2,no,1,"176, CV74, 2025-8-28, Vial 1",bark beetles (41 total),Coleoptera,1,Curculionidae,,Scolytinae,,,,,,,,,
sgl176,recent,2025-08-28,clear vane,74,2,no,1,"176, CV74, 2025-8-28, Vial 1",bark beetles (41 total),Coleoptera,1,Curculionidae,,Scolytinae,,,,,,,,,
sgl176,recent,2025-08-28,clear vane,74,2,no,1,"176, CV74, 2025-8-28, Vial 1",bark beetles (41 total),Coleoptera,1,Curculionidae,,Scolytinae,,,,,,,,,
sgl176,recent,2025-08-28,clear vane,74,2,no,1,"176, CV74, 2025-8-28, Vial 1",bark beetles (41 total),Coleoptera,1,Curculionidae,,Scolytinae,,,,,,,,,
sgl176,recent,2025-08-28,clear vane,74,2,no,1,"176, CV74, 2025-8-28, Vial 1",bark beetles (41 total),Coleoptera,1,Curculionidae,,Scolytinae,,,,,,,,,
sgl176,recent,2025-08-28,clear vane,74,2,no,1,"176, CV74, 2025-8-28, Vial 1",bark beetles (41 total),Coleoptera,1,Curculionidae,,Scolytinae,,,,,,,,,
sgl176,recent,2025-08-28,clear vane,74,2,no,1,"176, CV74, 2025-8-28, Vial 1",bark beetles (41 total),Coleoptera,1,Curculionidae,,Scolytinae,,,,,,,,,
sgl176,recent,2025-08-28,clear vane,74,2,no,1,"176, CV74, 2025-8-28, Vial 1",bark beetles (41 total),Coleoptera,1,Curculionidae,,Scolytinae,,,,,,,,,
sgl176,recent,2025-08-28,clear vane,74,2,no,1,"176, CV74, 2025-8-28, Vial 1",bark beetles (41 total),Coleoptera,1,Curculionidae,,Scolytinae,,,,,,,,,
sgl176,recent,2025-08-28,clear vane,74,2,no,1,"176, CV74, 2025-8-28, Vial 1",bark beetles (41 total),Coleoptera,1,Curculionidae,,Scolytinae,,,,,,,,,
,,,,,,,,,,,,,,,,,,,,,,,
sgl176,medium,2025-08-28,clear vane,82,2,no,1,"176, CV82, 2025-8-28, Vial 1",mottled grey cerambycid,Coleoptera,1,Cerambycidae,,,,,,,,,,,
sgl176,medium,2025-08-28,clear vane,82,2,no,1,"176, CV82, 2025-8-28, Vial 1","carabids with dark brown bodies and tan edges, maybe Cymindis limbata (2 total)",Coleoptera,1,Carabidae,,,,,,,,,,,
sgl176,medium,2025-08-28,clear vane,82,2,no,1,"176, CV82, 2025-8-28, Vial 1","carabids with dark brown bodies and tan edges, maybe Cymindis limbata (2 total)",Coleoptera,1,Carabidae,,,,,,,,,,,
sgl176,medium,2025-08-28,clear vane,82,2,no,1,"176, CV82, 2025-8-28, Vial 1","large, brown, slightly setose tenebrionid with comb claw",Coleoptera,1,Tenebrionidae,,,,,,,,,,,
sgl176,medium,2025-08-28,clear vane,82,2,no,1,"176, CV82, 2025-8-28, Vial 1",small dark staphs (5 total),Coleoptera,1,Staphylinidae,,,,,,,,,,,
sgl176,medium,2025-08-28,clear vane,82,2,no,1,"176, CV82, 2025-8-28, Vial 1",small dark staphs (5 total),Coleoptera,1,Staphylinidae,,,,,,,,,,,
sgl176,medium,2025-08-28,clear vane,82,2,no,1,"176, CV82, 2025-8-28, Vial 1",small dark staphs (5 total),Coleoptera,1,Staphylinidae,,,,,,,,,,,
sgl176,medium,2025-08-28,clear vane,82,2,no,1,"176, CV82, 2025-8-28, Vial 1",small dark staphs (5 total),Coleoptera,1,Staphylinidae,,,,,,,,,,,
sgl176,medium,2025-08-28,clear vane,82,2,no,1,"176, CV82, 2025-8-28, Vial 1",small dark staphs (5 total),Coleoptera,1,Staphylinidae,,,,,,,,,,,
sgl176,medium,2025-08-28,clear vane,82,2,no,1,"176, CV82, 2025-8-28, Vial 1",long narrow tan staph,Coleoptera,1,Staphylinidae,,,,,,,,,,,
sgl176,medium,2025-08-28,clear vane,82,2,no,1,"176, CV82, 2025-8-28, Vial 1",small brown ptinid,Coleoptera,1,Ptinidae,,,,,,,,,,,
sgl176,medium,2025-08-28,clear vane,82,2,no,1,"176, CV82, 2025-8-28, Vial 1",slightly larger brown ptinid,Coleoptera,1,Ptinidae,,,,,,,,,,,
sgl176,medium,2025-08-28,clear vane,82,2,no,1,"176, CV82, 2025-8-28, Vial 1",mottled brown and black compact weevils (2 total),Coleoptera,1,Curculionidae,,,,,,,,,,,
sgl176,medium,2025-08-28,clear vane,82,2,no,1,"176, CV82, 2025-8-28, Vial 1",mottled brown and black compact weevils (2 total),Coleoptera,1,Curculionidae,,,,,,,,,,,
sgl176,medium,2025-08-28,clear vane,82,2,no,1,"176, CV82, 2025-8-28, Vial 1","dark clerid with two pairs of large spots on elytra, probs genus Phyllobaenus (2 total)",Coleoptera,1,Cleridae,,,,,,,,,,,
sgl176,medium,2025-08-28,clear vane,82,2,no,1,"176, CV82, 2025-8-28, Vial 1","dark clerid with two pairs of large spots on elytra, probs genus Phyllobaenus (2 total)",Coleoptera,1,Cleridae,,,,,,,,,,,
sgl176,medium,2025-08-28,clear vane,82,2,no,1,"176, CV82, 2025-8-28, Vial 1",light brown nitidulids with extra large terminal antennomere (2 total),Coleoptera,1,Nitidulidae,,,,,,,,,,,
sgl176,medium,2025-08-28,clear vane,82,2,no,1,"176, CV82, 2025-8-28, Vial 1",light brown nitidulids with extra large terminal antennomere (2 total),Coleoptera,1,Nitidulidae,,,,,,,,,,,
sgl176,medium,2025-08-28,clear vane,82,2,no,1,"176, CV82, 2025-8-28, Vial 1",round leiodid,Coleoptera,1,Leiodidae,,Agathidiini,,,,,,,,,
sgl176,medium,2025-08-28,clear vane,82,2,no,1,"176, CV82, 2025-8-28, Vial 1","small grey-black histerid with sculptured, rough body. Not smooth and sleek. Probs genus Onthophilus",Coleoptera,1,Histeridae,,,,,,,,,,,
sgl176,medium,2025-08-28,clear vane,82,2,no,1,"176, CV82, 2025-8-28, Vial 1",bark beetles (8 total),Coleoptera,1,Curculionidae,,Scolytinae,,,,,,,,,
sgl176,medium,2025-08-28,clear vane,82,2,no,1,"176, CV82, 2025-8-28, Vial 1",bark beetles (8 total),Coleoptera,1,Curculionidae,,Scolytinae,,,,,,,,,
sgl176,medium,2025-08-28,clear vane,82,2,no,1,"176, CV82, 2025-8-28, Vial 1",bark beetles (8 total),Coleoptera,1,Curculionidae,,Scolytinae,,,,,,,,,
sgl176,medium,2025-08-28,clear vane,82,2,no,1,"176, CV82, 2025-8-28, Vial 1",bark beetles (8 total),Coleoptera,1,Curculionidae,,Scolytinae,,,,,,,,,
sgl176,medium,2025-08-28,clear vane,82,2,no,1,"176, CV82, 2025-8-28, Vial 1",bark beetles (8 total),Coleoptera,1,Curculionidae,,Scolytinae,,,,,,,,,
sgl176,medium,2025-08-28,clear vane,82,2,no,1,"176, CV82, 2025-8-28, Vial 1",bark beetles (8 total),Coleoptera,1,Curculionidae,,Scolytinae,,,,,,,,,
sgl176,medium,2025-08-28,clear vane,82,2,no,1,"176, CV82, 2025-8-28, Vial 1",bark beetles (8 total),Coleoptera,1,Curculionidae,,Scolytinae,,,,,,,,,
sgl176,medium,2025-08-28,clear vane,82,2,no,1,"176, CV82, 2025-8-28, Vial 1",bark beetles (8 total),Coleoptera,1,Curculionidae,,Scolytinae,,,,,,,,,
,,,,,,,,,,,,,,,,,,,,,,,
sgl176,unburned,2025-08-28,clear vane,87,2,no,1,"176, CV87, 2025-8-28, Vial 1",large brown elaterid,Coleoptera,1,Elateridae,,,,,,,,,,,
sgl176,unburned,2025-08-28,clear vane,87,2,no,1,"176, CV87, 2025-8-28, Vial 1",tan serrated pronotum latridiid,Coleoptera,1,Latridiidae,,,,,,,,,,,
sgl176,unburned,2025-08-28,clear vane,87,2,no,1,"176, CV87, 2025-8-28, Vial 1","dark clerid with two pairs of large pale spots, probs genus Phyllobaenus",Coleoptera,1,Cleridae,,,,,,,,,,,
sgl176,unburned,2025-08-28,clear vane,87,2,no,1,"176, CV87, 2025-8-28, Vial 1","brown melandryid-esque tetratomid with pale pair of spots on shoulders, probs genus Hallomenus (3 total)",Coleoptera,1,Tetratomidae,,,,,,,,,,,
sgl176,unburned,2025-08-28,clear vane,87,2,no,1,"176, CV87, 2025-8-28, Vial 1","brown melandryid-esque tetratomid with pale pair of spots on shoulders, probs genus Hallomenus (3 total)",Coleoptera,1,Tetratomidae,,,,,,,,,,,
sgl176,unburned,2025-08-28,clear vane,87,2,no,1,"176, CV87, 2025-8-28, Vial 1","brown melandryid-esque tetratomid with pale pair of spots on shoulders, probs genus Hallomenus (3 total)",Coleoptera,1,Tetratomidae,,,,,,,,,,,
sgl176,unburned,2025-08-28,clear vane,87,2,no,1,"176, CV87, 2025-8-28, Vial 1","all brown endomychid, maybe genus Epipocus or Danae (2 total)",Coleoptera,1,Endomychidae,,,,,,,,,,,
sgl176,unburned,2025-08-28,clear vane,87,2,no,1,"176, CV87, 2025-8-28, Vial 1","all brown endomychid, maybe genus Epipocus or Danae (2 total)",Coleoptera,1,Endomychidae,,,,,,,,,,,
sgl176,unburned,2025-08-28,clear vane,87,2,no,1,"176, CV87, 2025-8-28, Vial 1",small black staphs (4 total),Coleoptera,1,Staphylinidae,,,,,,,,,,,
sgl176,unburned,2025-08-28,clear vane,87,2,no,1,"176, CV87, 2025-8-28, Vial 1",small black staphs (4 total),Coleoptera,1,Staphylinidae,,,,,,,,,,,
sgl176,unburned,2025-08-28,clear vane,87,2,no,1,"176, CV87, 2025-8-28, Vial 1",small black staphs (4 total),Coleoptera,1,Staphylinidae,,,,,,,,,,,
sgl176,unburned,2025-08-28,clear vane,87,2,no,1,"176, CV87, 2025-8-28, Vial 1",small black staphs (4 total),Coleoptera,1,Staphylinidae,,,,,,,,,,,
sgl176,unburned,2025-08-28,clear vane,87,2,no,1,"176, CV87, 2025-8-28, Vial 1",pale larva,Coleoptera,1,Unknown,Juvenile,,,,,,,,,,
sgl176,unburned,2025-08-28,clear vane,87,2,no,1,"176, CV87, 2025-8-28, Vial 1",bark beetles (2 total),Coleoptera,1,Curculionidae,,Scolytinae,,,,,,,,,
sgl176,unburned,2025-08-28,clear vane,87,2,no,1,"176, CV87, 2025-8-28, Vial 1",bark beetles (2 total),Coleoptera,1,Curculionidae,,Scolytinae,,,,,,,,,
,,,,,,,,,,,,,,,,,,,,,,,
sgl322,recent,2025-06-09,clear vane,1,1,no,1,"322, CV1, 2025-6-9, Vial 1","mid size black and yellow syrphid with red eyes, medial veins ending so that they run parallel to wing margin (turn up at the end)",Diptera,1,Syrphidae,,,,flies start here,,,,,,,
sgl322,recent,2025-06-09,clear vane,1,1,no,1,"322, CV1, 2025-6-9, Vial 1","black robber fly with yellow legs, R1+2+3 vein means only 3 R veins reach the margin, but the mustache (mystax) is present and the beak is strong",Diptera,1,Asilidae,,,,,,,,,,,
sgl322,recent,2025-06-09,clear vane,1,1,no,1,"322, CV1, 2025-6-9, Vial 1",large grey fly with bristles all over,Diptera,1,Tachinidae,,,,,,,,,,,
sgl322,recent,2025-06-09,clear vane,1,1,no,1,"322, CV1, 2025-6-9, Vial 1",dolichopodid with mostly brown body. dm+b vein touching last complete veins are the giveaway,Diptera,1,Dolichopodidae,,,,,,,,,,,
sgl322,recent,2025-06-09,clear vane,1,1,no,1,"322, CV1, 2025-6-9, Vial 1","lonchaeid, ID'd by dark brown/black halteres, bristles on anepisternum, Dolichopodid-esque wing",Diptera,1,Lonchaeidae,,,,,,,,,,,
sgl322,recent,2025-06-09,clear vane,1,1,no,1,"322, CV1, 2025-6-9, Vial 1",mid size drosophilid-looking fly with some wing patterning. Useful ID feature is the unbroken costa. Dolichopodid-esque wing,Diptera,1,Lauxaniidae,,,,,,,,,,,
sgl322,recent,2025-06-09,clear vane,1,1,no,1,"separate vial - 322, CV1, 2025-6-9","Hard ID. camouflage-patterned tan and brown legs, with a brown body. Fly has its ptilinum inflated. ",Diptera,1,Heleomyzidae,maybe Periscelididae?,,,,,,,,,Possibly:,Keying:
sgl322,recent,2025-06-09,clear vane,1,1,no,1,"322, CV1, 2025-6-9, Vial 1","phorid with very inflated white abdomen, dark brown head and thorax, legs not thickened for jumping, but wing in a very simple way and veination just like phorid veination. Wings folded flat over abdomen.",Diptera,1,Phoridae,,,,,,,,,,Tephritidae,poss split at start of key seven. You said that there are no vibrissa
sgl322,recent,2025-06-09,clear vane,1,1,no,1,"322, CV1, 2025-6-9, Vial 1",pale tan fly with brown patterning and white eyes,Diptera,1,Lauxaniidae,,,,,,,,,,Pallopteridae,"poss split at cost broken/unbroken in key 8. You went with costa broken, but could be wrong"
sgl322,recent,2025-06-09,clear vane,1,1,no,1,"322, CV1, 2025-6-9, Vial 1",dark fly with beetle-like rectangular antennomeres and ocelli present,Diptera,1,Scatopsidae,,,,,,,,,,Ulidiidae,"moving on to the ""costa unbroken"" path since not sure that it's ulidiid or pallopterid"
sgl322,recent,2025-06-09,clear vane,1,1,no,1,"322, CV1, 2025-6-9, Vial 1","metalic dark green fly, dolichopodid",Diptera,1,Dolichopodidae,,,,,,,,,,Clusiidae,"poss split at yes/no preapical tibia bristles. You chose to go down the ""yes preapical bristles"" path"
sgl322,recent,2025-06-09,clear vane,1,1,no,1,"322, CV1, 2025-6-9, Vial 1","black shiny pronotum with tipulid-esque abdomen, antennae only 7-segmented but may have broken off. Wings slightly dark, eyes connected above antennae by ""bridge"", long forked M vein",Diptera,1,Sciaridae,,,,,,,,,,,"left off atfirst green-only couplet after it split with grey-blue. continue with ""cheek partly..."" or ""eye small and cheek setulose..."" after lunch"
sgl322,recent,2025-06-09,clear vane,1,1,no,1,"322, CV1, 2025-6-9, Vial 1","pale and tan mycetophilid, eyes clearly not meeting above antennae",Diptera,1,Mycetophilidae,,,,,,,,,,,"Went down the wrong path, it does indeed have vibrissa"
sgl322,recent,2025-06-09,clear vane,1,1,no,1,"322, CV1, 2025-6-9, Vial 1","dark and pale mycetophilids with dark head and thorax, clearly no eye bridge, no m-cu (3 totla)",Diptera,1,Mycetophilidae,,,,,,,,,,,poss split at green and dark blue of key 7. You are going down the costa broken path
sgl322,recent,2025-06-09,clear vane,1,1,no,1,"322, CV1, 2025-6-9, Vial 1","dark and pale mycetophilids with dark head and thorax, clearly no eye bridge, no m-cu (3 totla)",Diptera,1,Mycetophilidae,,,,,,,,,,,keyed out as Heleomyzidae in Key 7. I think the bristles along the costa are not long enough. It may be a different family.
sgl322,recent,2025-06-09,clear vane,1,1,no,1,"322, CV1, 2025-6-9, Vial 1","dark and pale mycetophilids with dark head and thorax, clearly no eye bridge, no m-cu (3 totla)",Diptera,1,Mycetophilidae,,,,,,,,,,,instead going down the green side of the orange/green split at key 7
sgl322,recent,2025-06-09,clear vane,1,1,no,1,"322, CV1, 2025-6-9, Vial 1","phorids, has phorid enlarged femora and simplified veination (22 total)",Diptera,1,Phoridae,,,,,,,,,,,"Sticking with Heleomyzidae, but I am keeping this one aside just in case"
sgl322,recent,2025-06-09,clear vane,1,1,no,1,"322, CV1, 2025-6-9, Vial 1","phorids, has phorid enlarged femora and simplified veination (22 total)",Diptera,1,Phoridae,,,,,,,,,,,
sgl322,recent,2025-06-09,clear vane,1,1,no,1,"322, CV1, 2025-6-9, Vial 1","phorids, has phorid enlarged femora and simplified veination (22 total)",Diptera,1,Phoridae,,,,,,,,,,,
sgl322,recent,2025-06-09,clear vane,1,1,no,1,"322, CV1, 2025-6-9, Vial 1","phorids, has phorid enlarged femora and simplified veination (22 total)",Diptera,1,Phoridae,,,,,,,,,,,
sgl322,recent,2025-06-09,clear vane,1,1,no,1,"322, CV1, 2025-6-9, Vial 1","phorids, has phorid enlarged femora and simplified veination (22 total)",Diptera,1,Phoridae,,,,,,,,,,,
sgl322,recent,2025-06-09,clear vane,1,1,no,1,"322, CV1, 2025-6-9, Vial 1","phorids, has phorid enlarged femora and simplified veination (22 total)",Diptera,1,Phoridae,,,,,,,,,,,
sgl322,recent,2025-06-09,clear vane,1,1,no,1,"322, CV1, 2025-6-9, Vial 1","phorids, has phorid enlarged femora and simplified veination (22 total)",Diptera,1,Phoridae,,,,,,,,,,,
sgl322,recent,2025-06-09,clear vane,1,1,no,1,"322, CV1, 2025-6-9, Vial 1","phorids, has phorid enlarged femora and simplified veination (22 total)",Diptera,1,Phoridae,,,,,,,,,,,
sgl322,recent,2025-06-09,clear vane,1,1,no,1,"322, CV1, 2025-6-9, Vial 1","phorids, has phorid enlarged femora and simplified veination (22 total)",Diptera,1,Phoridae,,,,,,,,,,,
sgl322,recent,2025-06-09,clear vane,1,1,no,1,"322, CV1, 2025-6-9, Vial 1","phorids, has phorid enlarged femora and simplified veination (22 total)",Diptera,1,Phoridae,,,,,,,,,,,
sgl322,recent,2025-06-09,clear vane,1,1,no,1,"322, CV1, 2025-6-9, Vial 1","phorids, has phorid enlarged femora and simplified veination (22 total)",Diptera,1,Phoridae,,,,,,,,,,,
sgl322,recent,2025-06-09,clear vane,1,1,no,1,"322, CV1, 2025-6-9, Vial 1","phorids, has phorid enlarged femora and simplified veination (22 total)",Diptera,1,Phoridae,,,,,,,,,,,
sgl322,recent,2025-06-09,clear vane,1,1,no,1,"322, CV1, 2025-6-9, Vial 1","phorids, has phorid enlarged femora and simplified veination (22 total)",Diptera,1,Phoridae,,,,,,,,,,,
sgl322,recent,2025-06-09,clear vane,1,1,no,1,"322, CV1, 2025-6-9, Vial 1","phorids, has phorid enlarged femora and simplified veination (22 total)",Diptera,1,Phoridae,,key splits,,,,,,,,,
sgl322,recent,2025-06-09,clear vane,1,1,no,1,"322, CV1, 2025-6-9, Vial 1","phorids, has phorid enlarged femora and simplified veination (22 total)",Diptera,1,Phoridae,Possbly:,Poss split at start of key 5. You said that the subcosta is not reaching costa,,,,,,,,,
sgl322,recent,2025-06-09,clear vane,1,1,no,1,"322, CV1, 2025-6-9, Vial 1","phorids, has phorid enlarged femora and simplified veination (22 total)",Diptera,1,Phoridae,Ephydridae,"keying out as ephydridae, but it doesn't totally look like an ephydrid in body shape and color",,,,,,,,,
sgl322,recent,2025-06-09,clear vane,1,1,no,1,"322, CV1, 2025-6-9, Vial 1","phorids, has phorid enlarged femora and simplified veination (22 total)",Diptera,1,Phoridae,Drosophilidae,"Moving on to the other side of the ephydridae split, just to see where else it could go",,,,,,,,,
sgl322,recent,2025-06-09,clear vane,1,1,no,1,"322, CV1, 2025-6-9, Vial 1","phorids, has phorid enlarged femora and simplified veination (22 total)",Diptera,1,Phoridae,Diastatidae,,,,,,,,,,
sgl322,recent,2025-06-09,clear vane,1,1,no,1,"322, CV1, 2025-6-9, Vial 1","phorids, has phorid enlarged femora and simplified veination (22 total)",Diptera,1,Phoridae,Features:,,,,,,,,,,
sgl322,recent,2025-06-09,clear vane,1,1,no,1,"322, CV1, 2025-6-9, Vial 1","phorids, has phorid enlarged femora and simplified veination (22 total)",Diptera,1,Phoridae,converging postocellar bristles,,,,,,,,,,
sgl322,recent,2025-06-09,clear vane,1,1,no,1,"322, CV1, 2025-6-9, Vial 1","phorids, has phorid enlarged femora and simplified veination (22 total)",Diptera,1,Phoridae,"mostly hairs on dorsal part of arista, but on preapical hair at venter of arista",,,,,,,,,,
sgl322,recent,2025-06-09,clear vane,1,1,no,1,"322, CV1, 2025-6-9, Vial 1","phorids, has phorid enlarged femora and simplified veination (22 total)",Diptera,1,Phoridae,no bristles on anepisternum,,,,,,,,,,
sgl322,recent,2025-06-09,clear vane,1,1,no,1,"322, CV1, 2025-6-9, Vial 1",mycetophilid with pale abdomen and dark head and thorax,Diptera,1,Mycetophilidae,subcostal and humeral breaks,,,,,,,,,,
sgl322,recent,2025-06-09,clear vane,1,1,no,1,"322, CV1, 2025-6-9, Vial 1",Hard ID. Flies that are maybe either drosophilids or ephydrids (2 total),Diptera,1,Drosophilidae,incomplete subocsta,,,,,,,,,,
sgl322,recent,2025-06-09,clear vane,1,1,no,1,"322, CV1, 2025-6-9, Vial 1",Hard ID. Flies that are maybe either drosophilids or ephydrids (2 total),Diptera,1,Drosophilidae,mix of forward and backward leaning bristles,,,,,,,,,,
sgl322,recent,2025-06-09,clear vane,1,1,no,1,"322, CV1, 2025-6-9, Vial 1","REALLY HARD ID, humpbacked tan flies with no raptorial legs, unbranched R4+5, tiny speck on base of foretibia probs the gland, meaning it is Hybotidae (2 total). No super long anal cell/cup",Diptera,1,Hybotidae,,,,,,,,,,,
sgl322,recent,2025-06-09,clear vane,1,1,no,1,"322, CV1, 2025-6-9, Vial 1","REALLY HARD ID, humpbacked tan flies with no raptorial legs, unbranched R4+5, tiny speck on base of foretibia probs the gland, meaning it is Hybotidae (2 total). No super long anal cell/cup",Diptera,1,Hybotidae,,,,,,,,,,,
sgl322,recent,2025-06-09,clear vane,1,1,no,1,"322, CV1, 2025-6-9, Vial 1","Hard ID. Raptorial forelegs and wirey (thicker than the usual arista) arista. Unbranched R4+5, no gland at base of foretibia, slightly humpbacked, tan flies (3 total)",Diptera,1,Empididae,,,,,,,,,,,
sgl322,recent,2025-06-09,clear vane,1,1,no,1,"322, CV1, 2025-6-9, Vial 1","Hard ID. Raptorial forelegs and wirey (thicker than the usual arista) arista. Unbranched R4+5, no gland at base of foretibia, slightly humpbacked, tan flies (3 total)",Diptera,1,Empididae,,,,,,,,,,,
sgl322,recent,2025-06-09,clear vane,1,1,no,1,"322, CV1, 2025-6-9, Vial 1","Hard ID. Raptorial forelegs and wirey (thicker than the usual arista) arista. Unbranched R4+5, no gland at base of foretibia, slightly humpbacked, tan flies (3 total)",Diptera,1,Empididae,,,,,,,,,,,
sgl322,recent,2025-06-09,clear vane,1,1,no,1,"322, CV1, 2025-6-9, Vial 1","pale and tan long legged small fly, eyes wrap around top of head, no ocelli, tarsi broke off, filiform antennae with some bead-like enlargements (2 total)",Diptera,1,Cecidomyiidae,,,,,,,,,,,
sgl322,recent,2025-06-09,clear vane,1,1,no,1,"322, CV1, 2025-6-9, Vial 1","pale and tan long legged small fly, eyes wrap around top of head, no ocelli, tarsi broke off, filiform antennae with some bead-like enlargements (2 total)",Diptera,1,Cecidomyiidae,,,,,,,,,,,
sgl322,recent,2025-06-09,clear vane,1,1,no,1,"322, CV1, 2025-6-9, Vial 1","pale cecidomyiids (4 tarosmeres, eyes wrap to top of head, no ocelli, reduced wing veination), 4 total",Diptera,1,Cecidomyiidae,,,,,,,,,,,
sgl322,recent,2025-06-09,clear vane,1,1,no,1,"322, CV1, 2025-6-9, Vial 1","pale cecidomyiids (4 tarosmeres, eyes wrap to top of head, no ocelli, reduced wing veination), 4 total",Diptera,1,Cecidomyiidae,,,,,,,,,,,
sgl322,recent,2025-06-09,clear vane,1,1,no,1,"322, CV1, 2025-6-9, Vial 1","pale cecidomyiids (4 tarosmeres, eyes wrap to top of head, no ocelli, reduced wing veination), 4 total",Diptera,1,Cecidomyiidae,,,,,,,,,,,
sgl322,recent,2025-06-09,clear vane,1,1,no,1,"322, CV1, 2025-6-9, Vial 1","pale cecidomyiids (4 tarosmeres, eyes wrap to top of head, no ocelli, reduced wing veination), 4 total",Diptera,1,Cecidomyiidae,,,,,,,,,,,
sgl322,recent,2025-06-09,clear vane,1,1,no,1,"322, CV1, 2025-6-9, Vial 1","dark, stocky ceratopogind with bead-like first half of antennae and then filiform second half of antennae",Diptera,1,Ceratopogonidae,,,,,,,,,,,
sgl322,recent,2025-06-09,clear vane,1,1,no,1,"322, CV1, 2025-6-9, Vial 1","sciarids, eyes meeting on top of head, ocell present, clear fork of R vein, tiny tibial spurs (4 total)",Diptera,1,Sciaridae,,,,,,,,,,,
sgl322,recent,2025-06-09,clear vane,1,1,no,1,"322, CV1, 2025-6-9, Vial 1","sciarids, eyes meeting on top of head, ocell present, clear fork of R vein, tiny tibial spurs (4 total)",Diptera,1,Sciaridae,,,,,,,,,,,
sgl322,recent,2025-06-09,clear vane,1,1,no,1,"322, CV1, 2025-6-9, Vial 1","sciarids, eyes meeting on top of head, ocell present, clear fork of R vein, tiny tibial spurs (4 total)",Diptera,1,Sciaridae,,,,,,,,,,,
sgl322,recent,2025-06-09,clear vane,1,1,no,1,"322, CV1, 2025-6-9, Vial 1","sciarids, eyes meeting on top of head, ocell present, clear fork of R vein, tiny tibial spurs (4 total)",Diptera,1,Sciaridae,,,,,,,,,,,
sgl322,recent,2025-06-09,clear vane,1,1,no,1,"322, CV1, 2025-6-9, Vial 1","chironomid, postscutellum with suture down the middle, too many wing veins for cecidomyiid, but looks like a cecidomyiid",Diptera,1,Chironomidae,,,,,,,,,,,
sgl322,recent,2025-06-09,clear vane,1,1,no,1,"322, CV1, 2025-6-9, Vial 1","chironomid, postscutellum with groove down middle, no ocelli",Diptera,1,Chironomidae,,,,,,,,,,,
sgl322,recent,2025-06-09,clear vane,1,1,no,1,"separate vial - 322, CV1, 2025-6-9","cecidomyiid, ocelli visible, 5 visible tarsomeres. Marshall key claims that not all cecidomyiids have just 4 tarsomeres and I guess not all of them lack ocelli",Diptera,1,Cecidomyiidae,,,,,,,,,,,
sgl322,recent,2025-06-09,clear vane,1,1,no,1,"separate vial - 322, CV1, 2025-6-9","Hard ID, missing abdomenlacking ocelli, eyes meet at top of head, keyed out in Marshall's as chironmid",Diptera,1,Chironomidae,,,,,,,,,,,
sgl322,recent,2025-06-09,clear vane,1,1,no,1,"322, CV1, 2025-6-9, Vial 1",headless tan fly with raptorial forelegs and no gland visible at base of foretibiae,Diptera,1,Empididae,,,,,,,,,,,
sgl322,recent,2025-06-09,clear vane,1,1,no,1,"322, CV1, 2025-6-9, Vial 1","drosophilid, bristles on face check out, subcostal and humeral breaks, subcosta doesn't reach margin, wing veination matches up well",Diptera,1,Drosophilidae,,,,,,,,,,,
sgl322,recent,2025-06-09,clear vane,1,1,no,1,"322, CV1, 2025-6-9, Vial 1","another drosophilid, this one darker but still brown",Diptera,1,Drosophilidae,,,,,,,,,,,
,,,,,,,,,,,,,,,,,,,,,,,
sgl322,medium,2025-06-10,clear vane,7,1,no,1,"322, CV7, 2025-6-10, Vial 1",phorids (17 total),Diptera,1,Phoridae,,,,,,,,,,,
sgl322,medium,2025-06-10,clear vane,7,1,no,1,"322, CV7, 2025-6-10, Vial 1",phorids (17 total),Diptera,1,Phoridae,,,,,,,,,,,
sgl322,medium,2025-06-10,clear vane,7,1,no,1,"322, CV7, 2025-6-10, Vial 1",phorids (17 total),Diptera,1,Phoridae,,,,,,,,,,,
sgl322,medium,2025-06-10,clear vane,7,1,no,1,"322, CV7, 2025-6-10, Vial 1",phorids (17 total),Diptera,1,Phoridae,,,,,,,,,,,
sgl322,medium,2025-06-10,clear vane,7,1,no,1,"322, CV7, 2025-6-10, Vial 1",phorids (17 total),Diptera,1,Phoridae,,,,,,,,,,,
sgl322,medium,2025-06-10,clear vane,7,1,no,1,"322, CV7, 2025-6-10, Vial 1",phorids (17 total),Diptera,1,Phoridae,,,,,,,,,,,
sgl322,medium,2025-06-10,clear vane,7,1,no,1,"322, CV7, 2025-6-10, Vial 1",phorids (17 total),Diptera,1,Phoridae,,,,,,,,,,,
sgl322,medium,2025-06-10,clear vane,7,1,no,1,"322, CV7, 2025-6-10, Vial 1",phorids (17 total),Diptera,1,Phoridae,,,,,,,,,,,
sgl322,medium,2025-06-10,clear vane,7,1,no,1,"322, CV7, 2025-6-10, Vial 1",phorids (17 total),Diptera,1,Phoridae,,,,,,,,,,,
sgl322,medium,2025-06-10,clear vane,7,1,no,1,"322, CV7, 2025-6-10, Vial 1",phorids (17 total),Diptera,1,Phoridae,,,,,,,,,,,
sgl322,medium,2025-06-10,clear vane,7,1,no,1,"322, CV7, 2025-6-10, Vial 1",phorids (17 total),Diptera,1,Phoridae,,,,,,,,,,,
sgl322,medium,2025-06-10,clear vane,7,1,no,1,"322, CV7, 2025-6-10, Vial 1",phorids (17 total),Diptera,1,Phoridae,,,,,,,,,,,
sgl322,medium,2025-06-10,clear vane,7,1,no,1,"322, CV7, 2025-6-10, Vial 1",phorids (17 total),Diptera,1,Phoridae,,,,,,,,,,,
sgl322,medium,2025-06-10,clear vane,7,1,no,1,"322, CV7, 2025-6-10, Vial 1",phorids (17 total),Diptera,1,Phoridae,,,,,,,,,,,
sgl322,medium,2025-06-10,clear vane,7,1,no,1,"322, CV7, 2025-6-10, Vial 1",phorids (17 total),Diptera,1,Phoridae,,,,,,,,,,,
sgl322,medium,2025-06-10,clear vane,7,1,no,1,"322, CV7, 2025-6-10, Vial 1",phorids (17 total),Diptera,1,Phoridae,,,,,,,,,,,
sgl322,medium,2025-06-10,clear vane,7,1,no,1,"322, CV7, 2025-6-10, Vial 1",phorids (17 total),Diptera,1,Phoridae,,,,,,,,,,,
sgl322,medium,2025-06-10,clear vane,7,1,no,1,"322, CV7, 2025-6-10, Vial 1","metallic green dolichopodids, subcosta looks complete but I guess it isn't. Every other dolichopodid feature is there for sure (11 total)",Diptera,1,Dolichopodidae,,,,,,,,,,,
sgl322,medium,2025-06-10,clear vane,7,1,no,1,"322, CV7, 2025-6-10, Vial 1","metallic green dolichopodids, subcosta looks complete but I guess it isn't. Every other dolichopodid feature is there for sure (11 total)",Diptera,1,Dolichopodidae,,,,,,,,,,,
sgl322,medium,2025-06-10,clear vane,7,1,no,1,"322, CV7, 2025-6-10, Vial 1","metallic green dolichopodids, subcosta looks complete but I guess it isn't. Every other dolichopodid feature is there for sure (11 total)",Diptera,1,Dolichopodidae,,,,,,,,,,,
sgl322,medium,2025-06-10,clear vane,7,1,no,1,"322, CV7, 2025-6-10, Vial 1","metallic green dolichopodids, subcosta looks complete but I guess it isn't. Every other dolichopodid feature is there for sure (11 total)",Diptera,1,Dolichopodidae,,,,,,,,,,,
sgl322,medium,2025-06-10,clear vane,7,1,no,1,"322, CV7, 2025-6-10, Vial 1","metallic green dolichopodids, subcosta looks complete but I guess it isn't. Every other dolichopodid feature is there for sure (11 total)",Diptera,1,Dolichopodidae,,,,,,,,,,,
sgl322,medium,2025-06-10,clear vane,7,1,no,1,"322, CV7, 2025-6-10, Vial 1","metallic green dolichopodids, subcosta looks complete but I guess it isn't. Every other dolichopodid feature is there for sure (11 total)",Diptera,1,Dolichopodidae,,,,,,,,,,,
sgl322,medium,2025-06-10,clear vane,7,1,no,1,"322, CV7, 2025-6-10, Vial 1","metallic green dolichopodids, subcosta looks complete but I guess it isn't. Every other dolichopodid feature is there for sure (11 total)",Diptera,1,Dolichopodidae,,,,,,,,,,,
sgl322,medium,2025-06-10,clear vane,7,1,no,1,"322, CV7, 2025-6-10, Vial 1","metallic green dolichopodids, subcosta looks complete but I guess it isn't. Every other dolichopodid feature is there for sure (11 total)",Diptera,1,Dolichopodidae,,,,,,,,,,,
sgl322,medium,2025-06-10,clear vane,7,1,no,1,"322, CV7, 2025-6-10, Vial 1","metallic green dolichopodids, subcosta looks complete but I guess it isn't. Every other dolichopodid feature is there for sure (11 total)",Diptera,1,Dolichopodidae,,,,,,,,,,,
sgl322,medium,2025-06-10,clear vane,7,1,no,1,"322, CV7, 2025-6-10, Vial 1","metallic green dolichopodids, subcosta looks complete but I guess it isn't. Every other dolichopodid feature is there for sure (11 total)",Diptera,1,Dolichopodidae,,,,,,,,,,,
sgl322,medium,2025-06-10,clear vane,7,1,no,1,"322, CV7, 2025-6-10, Vial 1","metallic green dolichopodids, subcosta looks complete but I guess it isn't. Every other dolichopodid feature is there for sure (11 total)",Diptera,1,Dolichopodidae,,,,,,,,,,,
sgl322,medium,2025-06-10,clear vane,7,1,no,1,"322, CV7, 2025-6-10, Vial 1",black and yellow syrphids with obvious syrphid-esque wing veination (5 total),Diptera,1,Syrphidae,,,,,,,,,,,
sgl322,medium,2025-06-10,clear vane,7,1,no,1,"322, CV7, 2025-6-10, Vial 1",black and yellow syrphids with obvious syrphid-esque wing veination (5 total),Diptera,1,Syrphidae,,,,,,,,,,,
sgl322,medium,2025-06-10,clear vane,7,1,no,1,"322, CV7, 2025-6-10, Vial 1",black and yellow syrphids with obvious syrphid-esque wing veination (5 total),Diptera,1,Syrphidae,,,,,,,,,,,
sgl322,medium,2025-06-10,clear vane,7,1,no,1,"322, CV7, 2025-6-10, Vial 1",black and yellow syrphids with obvious syrphid-esque wing veination (5 total),Diptera,1,Syrphidae,,,,,,,,,,,
sgl322,medium,2025-06-10,clear vane,7,1,no,1,"322, CV7, 2025-6-10, Vial 1",black and yellow syrphids with obvious syrphid-esque wing veination (5 total),Diptera,1,Syrphidae,,,,,,,,,,,
sgl322,medium,2025-06-10,clear vane,7,1,no,1,"322, CV7, 2025-6-10, Vial 1","metallic green calliphorid, two notopleural sutures, bristles on meron, M vein reaches costa to form a closed cell similar to syrphids",Diptera,1,Calliphoridae,,,,,,,,,,,
sgl322,medium,2025-06-10,clear vane,7,1,no,1,"322, CV7, 2025-6-10, Vial 1","weird Mycetophilid with cone-like antennae and huge palps, probs genus Cordyla",Diptera,1,Mycetophilidae,,,,,,,,,,,
sgl322,medium,2025-06-10,clear vane,7,1,no,1,"322, CV7, 2025-6-10, Vial 1",maggots (2 total),Diptera,1,Unknown,Juvenile,,,,,,,,,,
sgl322,medium,2025-06-10,clear vane,7,1,no,1,"322, CV7, 2025-6-10, Vial 1",maggots (2 total),Diptera,1,Unknown,Juvenile,,,,,,,,,,
sgl322,medium,2025-06-10,clear vane,7,1,no,1,"322, CV7, 2025-6-10, Vial 1","mycetophilids with dark bodies and pale legs, and of course huge coxae (6 total)",Diptera,1,Mycetophilidae,,,,,,,,,,,
sgl322,medium,2025-06-10,clear vane,7,1,no,1,"322, CV7, 2025-6-10, Vial 1","mycetophilids with dark bodies and pale legs, and of course huge coxae (6 total)",Diptera,1,Mycetophilidae,,,,,,,,,,,
sgl322,medium,2025-06-10,clear vane,7,1,no,1,"322, CV7, 2025-6-10, Vial 1","mycetophilids with dark bodies and pale legs, and of course huge coxae (6 total)",Diptera,1,Mycetophilidae,,,,,,,,,,,
sgl322,medium,2025-06-10,clear vane,7,1,no,1,"322, CV7, 2025-6-10, Vial 1","mycetophilids with dark bodies and pale legs, and of course huge coxae (6 total)",Diptera,1,Mycetophilidae,,,,,,,,,,,
sgl322,medium,2025-06-10,clear vane,7,1,no,1,"322, CV7, 2025-6-10, Vial 1","mycetophilids with dark bodies and pale legs, and of course huge coxae (6 total)",Diptera,1,Mycetophilidae,,,,,,,,,,,
sgl322,medium,2025-06-10,clear vane,7,1,no,1,"322, CV7, 2025-6-10, Vial 1","mycetophilids with dark bodies and pale legs, and of course huge coxae (6 total)",Diptera,1,Mycetophilidae,,,,,,,,,,,
sgl322,medium,2025-06-10,clear vane,7,1,no,1,"322, CV7, 2025-6-10, Vial 1","hybotid from previous trap with humpbacked appearance, tiny thorn-like arista, and slightly visible gland at base of foretibia, near the elbow pit (2 total), maybe genus Anthalia?",Diptera,1,Hybotidae,,,,,,,,,,,
sgl322,medium,2025-06-10,clear vane,7,1,no,1,"322, CV7, 2025-6-10, Vial 1","hybotid from previous trap with humpbacked appearance, tiny thorn-like arista, and slightly visible gland at base of foretibia, near the elbow pit (2 total), maybe genus Anthalia?",Diptera,1,Hybotidae,,,,,,,,,,,
sgl322,medium,2025-06-10,clear vane,7,1,no,1,"322, CV7, 2025-6-10, Vial 1","hybotid with yellow legs, dark head and thorax, raptorial mid legs and slightly raptorial forelegs, gland on foretibia easy to see (on inner/head-side edge of base of tibia)",Diptera,1,Hybotidae,,,,,,,,,,,
sgl322,medium,2025-06-10,clear vane,7,1,no,1,"322, CV7, 2025-6-10, Vial 1","drosophilids, vibrissa present, proclinate bristles up front and reclinate towards the back, subcosta thick but incomplete, humeral and subcostal breaks, veination matches (6 total)",Diptera,1,Drosophilidae,,,,,,,,,,,
sgl322,medium,2025-06-10,clear vane,7,1,no,1,"322, CV7, 2025-6-10, Vial 1","drosophilids, vibrissa present, proclinate bristles up front and reclinate towards the back, subcosta thick but incomplete, humeral and subcostal breaks, veination matches (6 total)",Diptera,1,Drosophilidae,,,,,,,,,,,
sgl322,medium,2025-06-10,clear vane,7,1,no,1,"322, CV7, 2025-6-10, Vial 1","drosophilids, vibrissa present, proclinate bristles up front and reclinate towards the back, subcosta thick but incomplete, humeral and subcostal breaks, veination matches (6 total)",Diptera,1,Drosophilidae,,,,,,,,,,,
sgl322,medium,2025-06-10,clear vane,7,1,no,1,"322, CV7, 2025-6-10, Vial 1","drosophilids, vibrissa present, proclinate bristles up front and reclinate towards the back, subcosta thick but incomplete, humeral and subcostal breaks, veination matches (6 total)",Diptera,1,Drosophilidae,,,,,,,,,,,
sgl322,medium,2025-06-10,clear vane,7,1,no,1,"322, CV7, 2025-6-10, Vial 1","drosophilids, vibrissa present, proclinate bristles up front and reclinate towards the back, subcosta thick but incomplete, humeral and subcostal breaks, veination matches (6 total)",Diptera,1,Drosophilidae,,,,,,,,,,,
sgl322,medium,2025-06-10,clear vane,7,1,no,1,"322, CV7, 2025-6-10, Vial 1","drosophilids, vibrissa present, proclinate bristles up front and reclinate towards the back, subcosta thick but incomplete, humeral and subcostal breaks, veination matches (6 total)",Diptera,1,Drosophilidae,,,,,,,,,,,
sgl322,medium,2025-06-10,clear vane,7,1,no,1,"322, CV7, 2025-6-10, Vial 1","tan empidids with dark heads and slightly pretty green eyes, clearly forked R4+5 (2 total)",Diptera,1,Empididae,,,,,,,,,,,
sgl322,medium,2025-06-10,clear vane,7,1,no,1,"322, CV7, 2025-6-10, Vial 1","tan empidids with dark heads and slightly pretty green eyes, clearly forked R4+5 (2 total)",Diptera,1,Empididae,,,,,,,,,,,
sgl322,medium,2025-06-10,clear vane,7,1,no,1,"322, CV7, 2025-6-10, Vial 1","dark chironomids with legs like mosquitoes, longitudinal groove on postscutellum and veination match chironimds (2 total)",Diptera,1,Chironomidae,,,,,,,,,,,
sgl322,medium,2025-06-10,clear vane,7,1,no,1,"322, CV7, 2025-6-10, Vial 1","dark chironomids with legs like mosquitoes, longitudinal groove on postscutellum and veination match chironimds (2 total)",Diptera,1,Chironomidae,,,,,,,,,,,
sgl322,medium,2025-06-10,clear vane,7,1,no,1,"322, CV7, 2025-6-10, Vial 1",phorid missing abdomen,Diptera,1,Phoridae,,,,,,,,,,,
sgl322,medium,2025-06-10,clear vane,7,1,no,1,"322, CV7, 2025-6-10, Vial 1","simuliid, cigar shaped antennae and unique costa, wide wide wing",Diptera,1,Simuliidae,,,,,,,,,,,
sgl322,medium,2025-06-10,clear vane,7,1,no,1,"322, CV7, 2025-6-10, Vial 1",pale tan chironomids (3 total),Diptera,1,Chironomidae,,,,,,,,,,,
sgl322,medium,2025-06-10,clear vane,7,1,no,1,"322, CV7, 2025-6-10, Vial 1",pale tan chironomids (3 total),Diptera,1,Chironomidae,,,,,,,,,,,
sgl322,medium,2025-06-10,clear vane,7,1,no,1,"322, CV7, 2025-6-10, Vial 1",pale tan chironomids (3 total),Diptera,1,Chironomidae,,,,,,,,,,,
sgl322,medium,2025-06-10,clear vane,7,1,no,1,"322, CV7, 2025-6-10, Vial 1","ceratopogind, costal and radial veins don't reach wing tip (but do reach anterior margin), no groove down the postscutellum",Diptera,1,Ceratopogonidae,,,,,,,,,,,
sgl322,medium,2025-06-10,clear vane,7,1,no,1,"322, CV7, 2025-6-10, Vial 1","cecidomyiids, smaller tarsomere 1 and tarsomere 2 super long, very simple wing veination, small and delicate (5 total)",Diptera,1,Cecidomyiidae,,,,,,,,,,,
sgl322,medium,2025-06-10,clear vane,7,1,no,1,"322, CV7, 2025-6-10, Vial 1","cecidomyiids, smaller tarsomere 1 and tarsomere 2 super long, very simple wing veination, small and delicate (5 total)",Diptera,1,Cecidomyiidae,,,,,,,,,,,
sgl322,medium,2025-06-10,clear vane,7,1,no,1,"322, CV7, 2025-6-10, Vial 1","cecidomyiids, smaller tarsomere 1 and tarsomere 2 super long, very simple wing veination, small and delicate (5 total)",Diptera,1,Cecidomyiidae,,,,,,,,,,,
sgl322,medium,2025-06-10,clear vane,7,1,no,1,"322, CV7, 2025-6-10, Vial 1","cecidomyiids, smaller tarsomere 1 and tarsomere 2 super long, very simple wing veination, small and delicate (5 total)",Diptera,1,Cecidomyiidae,,,,,,,,,,,
sgl322,medium,2025-06-10,clear vane,7,1,no,1,"322, CV7, 2025-6-10, Vial 1","cecidomyiids, smaller tarsomere 1 and tarsomere 2 super long, very simple wing veination, small and delicate (5 total)",Diptera,1,Cecidomyiidae,,,,,,,,,,,
sgl322,medium,2025-06-10,clear vane,7,1,no,1,"322, CV7, 2025-6-10, Vial 1","pale tan chironomid, long abdomen relative to body, but has other chironomid features and clearly grooved postscutellum",Diptera,1,Chironomidae,,,,,,,,,,,
sgl322,medium,2025-06-10,clear vane,7,1,no,1,"322, CV7, 2025-6-10, Vial 1","dark chironomid, grooved postscutellum, radial veins reach edge of wing",Diptera,1,Chironomidae,,,,,,,,,,,
sgl322,medium,2025-06-10,clear vane,7,1,no,1,"322, CV7, 2025-6-10, Vial 1","Hard ID, lauxaniid. Two pairs orbital bristles, post-ocellar bristles convergent, no vibrissa (only small hairs, no real bristles). No humeral break and a very very weak subcostal break, if one at all",Diptera,1,Lauxaniidae,,,,,,,,,,,
,,,,,,,,,,,,,,,,,,,,,,,
sgl322,unburned,2025-06-10,clear vane,13,1,no,1,"322, CV13, 2025-6-10, Vial 1","huge antenna fly, keroplatid, maybe genus Macrocera",Diptera,1,Keroplatidae,,,,,,,,,,,
sgl322,unburned,2025-06-10,clear vane,13,1,no,1,"322, CV13, 2025-6-10, Vial 1",phorids (11 total),Diptera,1,Phoridae,,,,,,,,,,,
sgl322,unburned,2025-06-10,clear vane,13,1,no,1,"322, CV13, 2025-6-10, Vial 1",phorids (11 total),Diptera,1,Phoridae,,,,,,,,,,,
sgl322,unburned,2025-06-10,clear vane,13,1,no,1,"322, CV13, 2025-6-10, Vial 1",phorids (11 total),Diptera,1,Phoridae,,,,,,,,,,,
sgl322,unburned,2025-06-10,clear vane,13,1,no,1,"322, CV13, 2025-6-10, Vial 1",phorids (11 total),Diptera,1,Phoridae,,,,,,,,,,,
sgl322,unburned,2025-06-10,clear vane,13,1,no,1,"322, CV13, 2025-6-10, Vial 1",phorids (11 total),Diptera,1,Phoridae,,,,,,,,,,,
sgl322,unburned,2025-06-10,clear vane,13,1,no,1,"322, CV13, 2025-6-10, Vial 1",phorids (11 total),Diptera,1,Phoridae,,,,,,,,,,,
sgl322,unburned,2025-06-10,clear vane,13,1,no,1,"322, CV13, 2025-6-10, Vial 1",phorids (11 total),Diptera,1,Phoridae,,,,,,,,,,,
sgl322,unburned,2025-06-10,clear vane,13,1,no,1,"322, CV13, 2025-6-10, Vial 1",phorids (11 total),Diptera,1,Phoridae,,,,,,,,,,,
sgl322,unburned,2025-06-10,clear vane,13,1,no,1,"322, CV13, 2025-6-10, Vial 1",phorids (11 total),Diptera,1,Phoridae,,,,,,,,,,,
sgl322,unburned,2025-06-10,clear vane,13,1,no,1,"322, CV13, 2025-6-10, Vial 1",phorids (11 total),Diptera,1,Phoridae,,,,,,,,,,,
sgl322,unburned,2025-06-10,clear vane,13,1,no,1,"322, CV13, 2025-6-10, Vial 1",phorids (11 total),Diptera,1,Phoridae,,,,,,,,,,,
sgl322,unburned,2025-06-10,clear vane,13,1,no,1,"322, CV13, 2025-6-10, Vial 1",black and yellow syrphid,Diptera,1,Syrphidae,,,,,,,,,,,
sgl322,unburned,2025-06-10,clear vane,13,1,no,1,"322, CV13, 2025-6-10, Vial 1",shiny dark green dolichopodids (12 total),Diptera,1,Dolichopodidae,,,,,,,,,,,
sgl322,unburned,2025-06-10,clear vane,13,1,no,1,"322, CV13, 2025-6-10, Vial 1",shiny dark green dolichopodids (12 total),Diptera,1,Dolichopodidae,,,,,,,,,,,
sgl322,unburned,2025-06-10,clear vane,13,1,no,1,"322, CV13, 2025-6-10, Vial 1",shiny dark green dolichopodids (12 total),Diptera,1,Dolichopodidae,,,,,,,,,,,
sgl322,unburned,2025-06-10,clear vane,13,1,no,1,"322, CV13, 2025-6-10, Vial 1",shiny dark green dolichopodids (12 total),Diptera,1,Dolichopodidae,,,,,,,,,,,
sgl322,unburned,2025-06-10,clear vane,13,1,no,1,"322, CV13, 2025-6-10, Vial 1",shiny dark green dolichopodids (12 total),Diptera,1,Dolichopodidae,,,,,,,,,,,
sgl322,unburned,2025-06-10,clear vane,13,1,no,1,"322, CV13, 2025-6-10, Vial 1",shiny dark green dolichopodids (12 total),Diptera,1,Dolichopodidae,,,,,,,,,,,
sgl322,unburned,2025-06-10,clear vane,13,1,no,1,"322, CV13, 2025-6-10, Vial 1",shiny dark green dolichopodids (12 total),Diptera,1,Dolichopodidae,,,,,,,,,,,
sgl322,unburned,2025-06-10,clear vane,13,1,no,1,"322, CV13, 2025-6-10, Vial 1",shiny dark green dolichopodids (12 total),Diptera,1,Dolichopodidae,,,,,,,,,,,
sgl322,unburned,2025-06-10,clear vane,13,1,no,1,"322, CV13, 2025-6-10, Vial 1",shiny dark green dolichopodids (12 total),Diptera,1,Dolichopodidae,,,,,,,,,,,
sgl322,unburned,2025-06-10,clear vane,13,1,no,1,"322, CV13, 2025-6-10, Vial 1",shiny dark green dolichopodids (12 total),Diptera,1,Dolichopodidae,,,,,,,,,,,
sgl322,unburned,2025-06-10,clear vane,13,1,no,1,"322, CV13, 2025-6-10, Vial 1",shiny dark green dolichopodids (12 total),Diptera,1,Dolichopodidae,,,,,,,,,,,
sgl322,unburned,2025-06-10,clear vane,13,1,no,1,"322, CV13, 2025-6-10, Vial 1",shiny dark green dolichopodids (12 total),Diptera,1,Dolichopodidae,,,,,,,,,,,
sgl322,unburned,2025-06-10,clear vane,13,1,no,1,"322, CV13, 2025-6-10, Vial 1",smaller shiny dark green dolichopodids (2 total),Diptera,1,Dolichopodidae,,,,,,,,,,,
sgl322,unburned,2025-06-10,clear vane,13,1,no,1,"322, CV13, 2025-6-10, Vial 1",smaller shiny dark green dolichopodids (2 total),Diptera,1,Dolichopodidae,,,,,,,,,,,
sgl322,unburned,2025-06-10,clear vane,13,1,no,1,"322, CV13, 2025-6-10, Vial 1",mycetophilids with clear large coxae and R4 connecting to R1 like a crossvein (14 total),Diptera,1,Mycetophilidae,,,,,,,,,,,
sgl322,unburned,2025-06-10,clear vane,13,1,no,1,"322, CV13, 2025-6-10, Vial 1",mycetophilids with clear large coxae and R4 connecting to R1 like a crossvein (14 total),Diptera,1,Mycetophilidae,,,,,,,,,,,
sgl322,unburned,2025-06-10,clear vane,13,1,no,1,"322, CV13, 2025-6-10, Vial 1",mycetophilids with clear large coxae and R4 connecting to R1 like a crossvein (14 total),Diptera,1,Mycetophilidae,,,,,,,,,,,
sgl322,unburned,2025-06-10,clear vane,13,1,no,1,"322, CV13, 2025-6-10, Vial 1",mycetophilids with clear large coxae and R4 connecting to R1 like a crossvein (14 total),Diptera,1,Mycetophilidae,,,,,,,,,,,
sgl322,unburned,2025-06-10,clear vane,13,1,no,1,"322, CV13, 2025-6-10, Vial 1",mycetophilids with clear large coxae and R4 connecting to R1 like a crossvein (14 total),Diptera,1,Mycetophilidae,,,,,,,,,,,
sgl322,unburned,2025-06-10,clear vane,13,1,no,1,"322, CV13, 2025-6-10, Vial 1",mycetophilids with clear large coxae and R4 connecting to R1 like a crossvein (14 total),Diptera,1,Mycetophilidae,,,,,,,,,,,
sgl322,unburned,2025-06-10,clear vane,13,1,no,1,"322, CV13, 2025-6-10, Vial 1",mycetophilids with clear large coxae and R4 connecting to R1 like a crossvein (14 total),Diptera,1,Mycetophilidae,,,,,,,,,,,
sgl322,unburned,2025-06-10,clear vane,13,1,no,1,"322, CV13, 2025-6-10, Vial 1",mycetophilids with clear large coxae and R4 connecting to R1 like a crossvein (14 total),Diptera,1,Mycetophilidae,,,,,,,,,,,
sgl322,unburned,2025-06-10,clear vane,13,1,no,1,"322, CV13, 2025-6-10, Vial 1",mycetophilids with clear large coxae and R4 connecting to R1 like a crossvein (14 total),Diptera,1,Mycetophilidae,,,,,,,,,,,
sgl322,unburned,2025-06-10,clear vane,13,1,no,1,"322, CV13, 2025-6-10, Vial 1",mycetophilids with clear large coxae and R4 connecting to R1 like a crossvein (14 total),Diptera,1,Mycetophilidae,,,,,,,,,,,
sgl322,unburned,2025-06-10,clear vane,13,1,no,1,"322, CV13, 2025-6-10, Vial 1",mycetophilids with clear large coxae and R4 connecting to R1 like a crossvein (14 total),Diptera,1,Mycetophilidae,,,,,,,,,,,
sgl322,unburned,2025-06-10,clear vane,13,1,no,1,"322, CV13, 2025-6-10, Vial 1",mycetophilids with clear large coxae and R4 connecting to R1 like a crossvein (14 total),Diptera,1,Mycetophilidae,,,,,,,,,,,
sgl322,unburned,2025-06-10,clear vane,13,1,no,1,"322, CV13, 2025-6-10, Vial 1",mycetophilids with clear large coxae and R4 connecting to R1 like a crossvein (14 total),Diptera,1,Mycetophilidae,,,,,,,,,,,
sgl322,unburned,2025-06-10,clear vane,13,1,no,1,"322, CV13, 2025-6-10, Vial 1",mycetophilids with clear large coxae and R4 connecting to R1 like a crossvein (14 total),Diptera,1,Mycetophilidae,,,,,,,,,,,
sgl322,unburned,2025-06-10,clear vane,13,1,no,1,"separate vial - 322, CV13, 2025-6-10, Vial 1","Hard ID,dark hybotid fly, hump-backed, no branched R4+5, barely a visible gland on inner base of foretibia",Diptera,1,Hybotidae,,,,,,,,,,,
sgl322,unburned,2025-06-10,clear vane,13,1,no,1,"322, CV13, 2025-6-10, Vial 1","rhagionid. R1 and R2+3 distinctly separated at margin of wing, has empodium, body rhagionid-shaped",Diptera,1,Rhagionidae,,,,,,,,,,,
sgl322,unburned,2025-06-10,clear vane,13,1,no,1,"separate vial - 322, CV13, 2025-6-10","Hard ID, keying out as lauxaniid but I would like to see a clusiid at some point to compare the pedicels of my fly to that of a clusiid",Diptera,1,Lauxaniidae,,,,,,,,,,,
sgl322,unburned,2025-06-10,clear vane,13,1,no,1,"322, CV13, 2025-6-10, Vial 1",orange lauxaniid with reddish eyes,Diptera,1,Lauxaniidae,,,,,,,,,,,
sgl322,unburned,2025-06-10,clear vane,13,1,no,1,"322, CV13, 2025-6-10, Vial 1",maggots (3 total),Diptera,1,Unknown,Juvenile,,,,,,,,,,
sgl322,unburned,2025-06-10,clear vane,13,1,no,1,"322, CV13, 2025-6-10, Vial 1",maggots (3 total),Diptera,1,Unknown,Juvenile,,,,,,,,,,
sgl322,unburned,2025-06-10,clear vane,13,1,no,1,"322, CV13, 2025-6-10, Vial 1",maggots (3 total),Diptera,1,Unknown,Juvenile,,,,,,,,,,
sgl322,unburned,2025-06-10,clear vane,13,1,no,1,"322, CV13, 2025-6-10, Vial 1",mid size sciard,Diptera,1,Sciaridae,,,,,,,,,,,
sgl322,unburned,2025-06-10,clear vane,13,1,no,1,"322, CV13, 2025-6-10, Vial 1",smaller sciard,Diptera,1,Sciaridae,,,,,,,,,,,
sgl322,unburned,2025-06-10,clear vane,13,1,no,1,"separate vial - 322, CV13, 2025-6-10","hard ID, chloropid, but no kink in dm/bm cell, no large ocellar triangle, and there appears to be a very very weak humeral break. But the arista is bare, the coloration is chloropid-esque, the shape is chloropid-esque",Diptera,1,Chloropidae,,,,,,,,,,,
sgl322,unburned,2025-06-10,clear vane,13,1,no,1,"322, CV13, 2025-6-10, Vial 1","weird phorid, dark head and thorax, very pale abdomen lacking any sclerites, larger size for a phorid, head not incredibly bristly, but wings and antennae very clearly phorid wings and antennae. Perhaps genus Gymnophora",Diptera,1,Phoridae,,,,,,,,,,,
sgl322,unburned,2025-06-10,clear vane,13,1,no,1,"separate vial - 322, CV13, 2025-6-10","hard ID, milichiid looks good. Elbowed proboscis, front two pairs of orbitals point inward, posterior orbitals point outward or backward, all black fly. Putting in separate vial just in case, but Milichiid looks good here.",Diptera,1,Milichiidae,,,,,,,,,,,
sgl322,unburned,2025-06-10,clear vane,13,1,no,1,"322, CV13, 2025-6-10, Vial 1",pale tan chironomids (5 total),Diptera,1,Chironomidae,,,,,,,,,,,
sgl322,unburned,2025-06-10,clear vane,13,1,no,1,"322, CV13, 2025-6-10, Vial 1",pale tan chironomids (5 total),Diptera,1,Chironomidae,,,,,,,,,,,
sgl322,unburned,2025-06-10,clear vane,13,1,no,1,"322, CV13, 2025-6-10, Vial 1",pale tan chironomids (5 total),Diptera,1,Chironomidae,,,,,,,,,,,
sgl322,unburned,2025-06-10,clear vane,13,1,no,1,"322, CV13, 2025-6-10, Vial 1",pale tan chironomids (5 total),Diptera,1,Chironomidae,,,,,,,,,,,
sgl322,unburned,2025-06-10,clear vane,13,1,no,1,"322, CV13, 2025-6-10, Vial 1",pale tan chironomids (5 total),Diptera,1,Chironomidae,,,,,,,,,,,
sgl322,unburned,2025-06-10,clear vane,13,1,no,1,"322, CV13, 2025-6-10, Vial 1","pale, wispy cecidomyiids of differing sizes (5 total)",Diptera,1,Cecidomyiidae,,,,,,,,,,,
sgl322,unburned,2025-06-10,clear vane,13,1,no,1,"322, CV13, 2025-6-10, Vial 1","pale, wispy cecidomyiids of differing sizes (5 total)",Diptera,1,Cecidomyiidae,,,,,,,,,,,
sgl322,unburned,2025-06-10,clear vane,13,1,no,1,"322, CV13, 2025-6-10, Vial 1","pale, wispy cecidomyiids of differing sizes (5 total)",Diptera,1,Cecidomyiidae,,,,,,,,,,,
sgl322,unburned,2025-06-10,clear vane,13,1,no,1,"322, CV13, 2025-6-10, Vial 1","pale, wispy cecidomyiids of differing sizes (5 total)",Diptera,1,Cecidomyiidae,,,,,,,,,,,
sgl322,unburned,2025-06-10,clear vane,13,1,no,1,"322, CV13, 2025-6-10, Vial 1","pale, wispy cecidomyiids of differing sizes (5 total)",Diptera,1,Cecidomyiidae,,,,,,,,,,,
sgl322,unburned,2025-06-10,clear vane,13,1,no,1,"322, CV13, 2025-6-10, Vial 1","pale empidid with raptorial forelegs, R4+5 branched",Diptera,1,Empididae,,,,,,,,,,,
sgl322,unburned,2025-06-10,clear vane,13,1,no,1,"322, CV13, 2025-6-10, Vial 1",brown drosophilid,Diptera,1,Drosophilidae,,,,,,,,,,,
,,,,,,,,,,,,,,,,,,,,,,,
besf,recent,2025-07-03,clear vane,19,1,no,1,"besf, CV19, 2025-7-3, Vial 1",phorids (17 total),Diptera,1,Phoridae,,,,,,,,,,,
besf,recent,2025-07-03,clear vane,19,1,no,1,"besf, CV19, 2025-7-3, Vial 1",phorids (17 total),Diptera,1,Phoridae,,,,,,,,,,,
besf,recent,2025-07-03,clear vane,19,1,no,1,"besf, CV19, 2025-7-3, Vial 1",phorids (17 total),Diptera,1,Phoridae,,,,,,,,,,,
besf,recent,2025-07-03,clear vane,19,1,no,1,"besf, CV19, 2025-7-3, Vial 1",phorids (17 total),Diptera,1,Phoridae,,,,,,,,,,,
besf,recent,2025-07-03,clear vane,19,1,no,1,"besf, CV19, 2025-7-3, Vial 1",phorids (17 total),Diptera,1,Phoridae,,,,,,,,,,,
besf,recent,2025-07-03,clear vane,19,1,no,1,"besf, CV19, 2025-7-3, Vial 1",phorids (17 total),Diptera,1,Phoridae,,,,,,,,,,,
besf,recent,2025-07-03,clear vane,19,1,no,1,"besf, CV19, 2025-7-3, Vial 1",phorids (17 total),Diptera,1,Phoridae,,,,,,,,,,,
besf,recent,2025-07-03,clear vane,19,1,no,1,"besf, CV19, 2025-7-3, Vial 1",phorids (17 total),Diptera,1,Phoridae,,,,,,,,,,,
besf,recent,2025-07-03,clear vane,19,1,no,1,"besf, CV19, 2025-7-3, Vial 1",phorids (17 total),Diptera,1,Phoridae,,,,,,,,,,,
besf,recent,2025-07-03,clear vane,19,1,no,1,"besf, CV19, 2025-7-3, Vial 1",phorids (17 total),Diptera,1,Phoridae,,,,,,,,,,,
besf,recent,2025-07-03,clear vane,19,1,no,1,"besf, CV19, 2025-7-3, Vial 1",phorids (17 total),Diptera,1,Phoridae,,,,,,,,,,,
besf,recent,2025-07-03,clear vane,19,1,no,1,"besf, CV19, 2025-7-3, Vial 1",phorids (17 total),Diptera,1,Phoridae,,,,,,,,,,,
besf,recent,2025-07-03,clear vane,19,1,no,1,"besf, CV19, 2025-7-3, Vial 1",phorids (17 total),Diptera,1,Phoridae,,,,,,,,,,,
besf,recent,2025-07-03,clear vane,19,1,no,1,"besf, CV19, 2025-7-3, Vial 1",phorids (17 total),Diptera,1,Phoridae,,,,,,,,,,,
besf,recent,2025-07-03,clear vane,19,1,no,1,"besf, CV19, 2025-7-3, Vial 1",phorids (17 total),Diptera,1,Phoridae,,,,,,,,,,,
besf,recent,2025-07-03,clear vane,19,1,no,1,"besf, CV19, 2025-7-3, Vial 1",phorids (17 total),Diptera,1,Phoridae,,,,,,,,,,,
besf,recent,2025-07-03,clear vane,19,1,no,1,"besf, CV19, 2025-7-3, Vial 1",phorids (17 total),Diptera,1,Phoridae,,,,,,,,,,,
besf,recent,2025-07-03,clear vane,19,1,no,1,"besf, CV19, 2025-7-3, Vial 1",syphridae (8 total),Diptera,1,Syrphidae,,,,,,,,,,,
besf,recent,2025-07-03,clear vane,19,1,no,1,"besf, CV19, 2025-7-3, Vial 1",syphridae (8 total),Diptera,1,Syrphidae,,,,,,,,,,,
besf,recent,2025-07-03,clear vane,19,1,no,1,"besf, CV19, 2025-7-3, Vial 1",syphridae (8 total),Diptera,1,Syrphidae,,,,,,,,,,,
besf,recent,2025-07-03,clear vane,19,1,no,1,"besf, CV19, 2025-7-3, Vial 1",syphridae (8 total),Diptera,1,Syrphidae,,,,,,,,,,,
besf,recent,2025-07-03,clear vane,19,1,no,1,"besf, CV19, 2025-7-3, Vial 1",syphridae (8 total),Diptera,1,Syrphidae,,,,,,,,,,,
besf,recent,2025-07-03,clear vane,19,1,no,1,"besf, CV19, 2025-7-3, Vial 1",syphridae (8 total),Diptera,1,Syrphidae,,,,,,,,,,,
besf,recent,2025-07-03,clear vane,19,1,no,1,"besf, CV19, 2025-7-3, Vial 1",syphridae (8 total),Diptera,1,Syrphidae,,,,,,,,,,,
besf,recent,2025-07-03,clear vane,19,1,no,1,"besf, CV19, 2025-7-3, Vial 1",syphridae (8 total),Diptera,1,Syrphidae,,,,,,,,,,,
besf,recent,2025-07-03,clear vane,19,1,no,1,"besf, CV19, 2025-7-3, Vial 1",mycetophilids (4 total),Diptera,1,Mycetophilidae,,,,,,,,,,,
besf,recent,2025-07-03,clear vane,19,1,no,1,"besf, CV19, 2025-7-3, Vial 1",mycetophilids (4 total),Diptera,1,Mycetophilidae,,,,,,,,,,,
besf,recent,2025-07-03,clear vane,19,1,no,1,"besf, CV19, 2025-7-3, Vial 1",mycetophilids (4 total),Diptera,1,Mycetophilidae,,,,,,,,,,,
besf,recent,2025-07-03,clear vane,19,1,no,1,"besf, CV19, 2025-7-3, Vial 1",mycetophilids (4 total),Diptera,1,Mycetophilidae,,,,,,,,,,,
besf,recent,2025-07-03,clear vane,19,1,no,1,"besf, CV19, 2025-7-3, Vial 1",another mycetophilid,Diptera,1,Mycetophilidae,,,,,,,,,,,
besf,recent,2025-07-03,clear vane,19,1,no,1,"besf, CV19, 2025-7-3, Vial 1","mycetophilid-esque sciarid, but the eye bridge is there and the M1-M2 fork is easier to see",Diptera,1,Sciaridae,,,,,,,,,,,
besf,recent,2025-07-03,clear vane,19,1,no,1,"besf, CV19, 2025-7-3, Vial 1",darker sciarid,Diptera,1,Sciaridae,,,,,,,,,,,
besf,recent,2025-07-03,clear vane,19,1,no,1,"besf, CV19, 2025-7-3, Vial 1",shiny blue muscid. Could tell it wasn't caliphorid because of the bare meron. Had all features and keyed well to muscid,Diptera,1,Muscidae,,,,,,,,,,,
besf,recent,2025-07-03,clear vane,19,1,no,1,"separate vial - besf, CV19, 2025-7-3","hard ID. dark blue-black flies without strong patterning. Keyed out as callophorids, but perhaps they could be tachinids? (5 total)",Diptera,1,Calliphoridae,,,,,,,,,,,
besf,recent,2025-07-03,clear vane,19,1,no,1,"separate vial - besf, CV19, 2025-7-3","hard ID. dark blue-black flies without strong patterning. Keyed out as callophorids, but perhaps they could be tachinids? (5 total)",Diptera,1,Calliphoridae,,,,,,,,,,,
besf,recent,2025-07-03,clear vane,19,1,no,1,"separate vial - besf, CV19, 2025-7-3","hard ID. dark blue-black flies without strong patterning. Keyed out as callophorids, but perhaps they could be tachinids? (5 total)",Diptera,1,Calliphoridae,,,,,,,,,,,
besf,recent,2025-07-03,clear vane,19,1,no,1,"separate vial - besf, CV19, 2025-7-3","hard ID. dark blue-black flies without strong patterning. Keyed out as callophorids, but perhaps they could be tachinids? (5 total)",Diptera,1,Calliphoridae,,,,,,,,,,,
besf,recent,2025-07-03,clear vane,19,1,no,1,"separate vial - besf, CV19, 2025-7-3","hard ID. dark blue-black flies without strong patterning. Keyed out as callophorids, but perhaps they could be tachinids? (5 total)",Diptera,1,Calliphoridae,,,,,,,,,,,
besf,recent,2025-07-03,clear vane,19,1,no,1,"besf, CV19, 2025-7-3, Vial 1","musicid with grey body, yellow-tinged wings, yellow-orange legs",Diptera,1,Muscidae,,,,,,,,,,,
besf,recent,2025-07-03,clear vane,19,1,no,1,"besf, CV19, 2025-7-3, Vial 1","long proboscis, long bristles, long legs, pale acalyptrate with long and thick antennal seg 3 and sorta short arista",Diptera,1,Conopidae,,Stylogastrinae,,,,,,,,,
besf,recent,2025-07-03,clear vane,19,1,no,1,"besf, CV19, 2025-7-3, Vial 1","anisopodid, patterned wings, discal cell visible",Diptera,1,Anisopodidae,,,,,,,,,,,
besf,recent,2025-07-03,clear vane,19,1,no,1,"besf, CV19, 2025-7-3, Vial 1",obvious hump jutting out below the scutellum. Convex subscutellum paired with bristles on meron,Diptera,1,Tachinidae,,,,,,,,,,,
besf,recent,2025-07-03,clear vane,19,1,no,1,"separate vial - besf, CV19, 2025-7-3","hard ID, muscid but you thought it could be a fanniid because of the straight distal half of subcosta, weak transverse suture on scutum. The wings are ragged because you ripped them apart by accident",Diptera,1,Muscidae,,,,,,,,,,,
besf,recent,2025-07-03,clear vane,19,1,no,1,"separate vial - besf, CV19, 2025-7-3","hard ID, black humpacked fly, definitly Empidoidea, tiniest speck of what could be a gland on the inner base of the foretibia. Matches up to the other weird hybotid with horn-like final antennomere from previous IDs (arista not a thin thread)",Diptera,1,Hybotidae,,,,,,,,,,,
besf,recent,2025-07-03,clear vane,19,1,no,1,"besf, CV19, 2025-7-3, Vial 1","hard ID, muscid that looks close to fanniid, but the subcosta is not gradual enough",Diptera,1,Muscidae,,,,,,,,,,,
besf,recent,2025-07-03,clear vane,19,1,no,1,"besf, CV19, 2025-7-3, Vial 1",mid size black muscid with yellow legs,Diptera,1,Muscidae,,,,,,,,,,,
besf,recent,2025-07-03,clear vane,19,1,no,1,"separate vial - besf, CV19, 2025-7-3","hard ID, I think an actual fanniid? The wings are intact",Diptera,1,Fanniidae,,,,,,,,,,,
besf,recent,2025-07-03,clear vane,19,1,no,1,"besf, CV19, 2025-7-3, Vial 1","dark mid size muscids with slightly narrow body, subcosta not diverging early enough for me to think that it was a fanniid (9 total)",Diptera,1,Muscidae,,,,,,,,,,,
besf,recent,2025-07-03,clear vane,19,1,no,1,"besf, CV19, 2025-7-3, Vial 1","dark mid size muscids with slightly narrow body, subcosta not diverging early enough for me to think that it was a fanniid (9 total)",Diptera,1,Muscidae,,,,,,,,,,,
besf,recent,2025-07-03,clear vane,19,1,no,1,"besf, CV19, 2025-7-3, Vial 1","dark mid size muscids with slightly narrow body, subcosta not diverging early enough for me to think that it was a fanniid (9 total)",Diptera,1,Muscidae,,,,,,,,,,,
besf,recent,2025-07-03,clear vane,19,1,no,1,"besf, CV19, 2025-7-3, Vial 1","dark mid size muscids with slightly narrow body, subcosta not diverging early enough for me to think that it was a fanniid (9 total)",Diptera,1,Muscidae,,,,,,,,,,,
besf,recent,2025-07-03,clear vane,19,1,no,1,"besf, CV19, 2025-7-3, Vial 1","dark mid size muscids with slightly narrow body, subcosta not diverging early enough for me to think that it was a fanniid (9 total)",Diptera,1,Muscidae,,,,,,,,,,,
besf,recent,2025-07-03,clear vane,19,1,no,1,"besf, CV19, 2025-7-3, Vial 1","dark mid size muscids with slightly narrow body, subcosta not diverging early enough for me to think that it was a fanniid (9 total)",Diptera,1,Muscidae,,,,,,,,,,,
besf,recent,2025-07-03,clear vane,19,1,no,1,"besf, CV19, 2025-7-3, Vial 1","dark mid size muscids with slightly narrow body, subcosta not diverging early enough for me to think that it was a fanniid (9 total)",Diptera,1,Muscidae,,,,,,,,,,,
besf,recent,2025-07-03,clear vane,19,1,no,1,"besf, CV19, 2025-7-3, Vial 1","dark mid size muscids with slightly narrow body, subcosta not diverging early enough for me to think that it was a fanniid (9 total)",Diptera,1,Muscidae,,,,,,,,,,,
besf,recent,2025-07-03,clear vane,19,1,no,1,"besf, CV19, 2025-7-3, Vial 1","dark mid size muscids with slightly narrow body, subcosta not diverging early enough for me to think that it was a fanniid (9 total)",Diptera,1,Muscidae,,,,,,,,,,,
besf,recent,2025-07-03,clear vane,19,1,no,1,"besf, CV19, 2025-7-3, Vial 1","fern-like bipectinate antennae, probs genus Rhipidia",Diptera,1,Tipulidae,,Limoniidae?,,,,,,,,,
besf,recent,2025-07-03,clear vane,19,1,no,1,"besf, CV19, 2025-7-3, Vial 1",tipulid with delicate moniliform antennae,Diptera,1,Tipulidae,,,,,,,,,,,
besf,recent,2025-07-03,clear vane,19,1,no,1,"besf, CV19, 2025-7-3, Vial 1","pale tan crane flies, irridescent orange-green eyes, two anal veins reach margin (2 total)",Diptera,1,Tipulidae,,,,,,,,,,,
besf,recent,2025-07-03,clear vane,19,1,no,1,"besf, CV19, 2025-7-3, Vial 1","pale tan crane flies, irridescent orange-green eyes, two anal veins reach margin (2 total)",Diptera,1,Tipulidae,,,,,,,,,,,
besf,recent,2025-07-03,clear vane,19,1,no,1,"besf, CV19, 2025-7-3, Vial 1",drosophilids (27 total),Diptera,1,Drosophilidae,,,,,,,,,,,
besf,recent,2025-07-03,clear vane,19,1,no,1,"besf, CV19, 2025-7-3, Vial 1",drosophilids (27 total),Diptera,1,Drosophilidae,,,,,,,,,,,
besf,recent,2025-07-03,clear vane,19,1,no,1,"besf, CV19, 2025-7-3, Vial 1",drosophilids (27 total),Diptera,1,Drosophilidae,,,,,,,,,,,
besf,recent,2025-07-03,clear vane,19,1,no,1,"besf, CV19, 2025-7-3, Vial 1",drosophilids (27 total),Diptera,1,Drosophilidae,,,,,,,,,,,
besf,recent,2025-07-03,clear vane,19,1,no,1,"besf, CV19, 2025-7-3, Vial 1",drosophilids (27 total),Diptera,1,Drosophilidae,,,,,,,,,,,
besf,recent,2025-07-03,clear vane,19,1,no,1,"besf, CV19, 2025-7-3, Vial 1",drosophilids (27 total),Diptera,1,Drosophilidae,,,,,,,,,,,
besf,recent,2025-07-03,clear vane,19,1,no,1,"besf, CV19, 2025-7-3, Vial 1",drosophilids (27 total),Diptera,1,Drosophilidae,,,,,,,,,,,
besf,recent,2025-07-03,clear vane,19,1,no,1,"besf, CV19, 2025-7-3, Vial 1",drosophilids (27 total),Diptera,1,Drosophilidae,,,,,,,,,,,
besf,recent,2025-07-03,clear vane,19,1,no,1,"besf, CV19, 2025-7-3, Vial 1",drosophilids (27 total),Diptera,1,Drosophilidae,,,,,,,,,,,
besf,recent,2025-07-03,clear vane,19,1,no,1,"besf, CV19, 2025-7-3, Vial 1",drosophilids (27 total),Diptera,1,Drosophilidae,,,,,,,,,,,
besf,recent,2025-07-03,clear vane,19,1,no,1,"besf, CV19, 2025-7-3, Vial 1",drosophilids (27 total),Diptera,1,Drosophilidae,,,,,,,,,,,
besf,recent,2025-07-03,clear vane,19,1,no,1,"besf, CV19, 2025-7-3, Vial 1",drosophilids (27 total),Diptera,1,Drosophilidae,,,,,,,,,,,
besf,recent,2025-07-03,clear vane,19,1,no,1,"besf, CV19, 2025-7-3, Vial 1",drosophilids (27 total),Diptera,1,Drosophilidae,,,,,,,,,,,
besf,recent,2025-07-03,clear vane,19,1,no,1,"besf, CV19, 2025-7-3, Vial 1",drosophilids (27 total),Diptera,1,Drosophilidae,,,,,,,,,,,
besf,recent,2025-07-03,clear vane,19,1,no,1,"besf, CV19, 2025-7-3, Vial 1",drosophilids (27 total),Diptera,1,Drosophilidae,,,,,,,,,,,
besf,recent,2025-07-03,clear vane,19,1,no,1,"besf, CV19, 2025-7-3, Vial 1",drosophilids (27 total),Diptera,1,Drosophilidae,,,,,,,,,,,
besf,recent,2025-07-03,clear vane,19,1,no,1,"besf, CV19, 2025-7-3, Vial 1",drosophilids (27 total),Diptera,1,Drosophilidae,,,,,,,,,,,
besf,recent,2025-07-03,clear vane,19,1,no,1,"besf, CV19, 2025-7-3, Vial 1",drosophilids (27 total),Diptera,1,Drosophilidae,,,,,,,,,,,
besf,recent,2025-07-03,clear vane,19,1,no,1,"besf, CV19, 2025-7-3, Vial 1",drosophilids (27 total),Diptera,1,Drosophilidae,,,,,,,,,,,
besf,recent,2025-07-03,clear vane,19,1,no,1,"besf, CV19, 2025-7-3, Vial 1",drosophilids (27 total),Diptera,1,Drosophilidae,,,,,,,,,,,
besf,recent,2025-07-03,clear vane,19,1,no,1,"besf, CV19, 2025-7-3, Vial 1",drosophilids (27 total),Diptera,1,Drosophilidae,,,,,,,,,,,
besf,recent,2025-07-03,clear vane,19,1,no,1,"besf, CV19, 2025-7-3, Vial 1",drosophilids (27 total),Diptera,1,Drosophilidae,,,,,,,,,,,
besf,recent,2025-07-03,clear vane,19,1,no,1,"besf, CV19, 2025-7-3, Vial 1",drosophilids (27 total),Diptera,1,Drosophilidae,,,,,,,,,,,
besf,recent,2025-07-03,clear vane,19,1,no,1,"besf, CV19, 2025-7-3, Vial 1",drosophilids (27 total),Diptera,1,Drosophilidae,,,,,,,,,,,
besf,recent,2025-07-03,clear vane,19,1,no,1,"besf, CV19, 2025-7-3, Vial 1",drosophilids (27 total),Diptera,1,Drosophilidae,,,,,,,,,,,
besf,recent,2025-07-03,clear vane,19,1,no,1,"besf, CV19, 2025-7-3, Vial 1",drosophilids (27 total),Diptera,1,Drosophilidae,,,,,,,,,,,
besf,recent,2025-07-03,clear vane,19,1,no,1,"besf, CV19, 2025-7-3, Vial 1",drosophilids (27 total),Diptera,1,Drosophilidae,,,,,,,,,,,
besf,recent,2025-07-03,clear vane,19,1,no,1,"besf, CV19, 2025-7-3, Vial 1",dolichopodids (3 total),Diptera,1,Dolichopodidae,,,,,,,,,,,
besf,recent,2025-07-03,clear vane,19,1,no,1,"besf, CV19, 2025-7-3, Vial 1",dolichopodids (3 total),Diptera,1,Dolichopodidae,,,,,,,,,,,
besf,recent,2025-07-03,clear vane,19,1,no,1,"besf, CV19, 2025-7-3, Vial 1",dolichopodids (3 total),Diptera,1,Dolichopodidae,,,,,,,,,,,
besf,recent,2025-07-03,clear vane,19,1,no,1,"besf, CV19, 2025-7-3, Vial 1","ephydrids, dark flies with hairs only on dorsal side of arista, humeral and subcostal break, incomplete subcosta (27 total)",Diptera,1,Ephydridae,,,,,,,,,,,
besf,recent,2025-07-03,clear vane,19,1,no,1,"besf, CV19, 2025-7-3, Vial 1","ephydrids, dark flies with hairs only on dorsal side of arista, humeral and subcostal break, incomplete subcosta (27 total)",Diptera,1,Ephydridae,,,,,,,,,,,
besf,recent,2025-07-03,clear vane,19,1,no,1,"besf, CV19, 2025-7-3, Vial 1","ephydrids, dark flies with hairs only on dorsal side of arista, humeral and subcostal break, incomplete subcosta (27 total)",Diptera,1,Ephydridae,,,,,,,,,,,
besf,recent,2025-07-03,clear vane,19,1,no,1,"besf, CV19, 2025-7-3, Vial 1","ephydrids, dark flies with hairs only on dorsal side of arista, humeral and subcostal break, incomplete subcosta (27 total)",Diptera,1,Ephydridae,,,,,,,,,,,
besf,recent,2025-07-03,clear vane,19,1,no,1,"besf, CV19, 2025-7-3, Vial 1","ephydrids, dark flies with hairs only on dorsal side of arista, humeral and subcostal break, incomplete subcosta (27 total)",Diptera,1,Ephydridae,,,,,,,,,,,
besf,recent,2025-07-03,clear vane,19,1,no,1,"besf, CV19, 2025-7-3, Vial 1","ephydrids, dark flies with hairs only on dorsal side of arista, humeral and subcostal break, incomplete subcosta (27 total)",Diptera,1,Ephydridae,,,,,,,,,,,
besf,recent,2025-07-03,clear vane,19,1,no,1,"besf, CV19, 2025-7-3, Vial 1","ephydrids, dark flies with hairs only on dorsal side of arista, humeral and subcostal break, incomplete subcosta (27 total)",Diptera,1,Ephydridae,,,,,,,,,,,
besf,recent,2025-07-03,clear vane,19,1,no,1,"besf, CV19, 2025-7-3, Vial 1","ephydrids, dark flies with hairs only on dorsal side of arista, humeral and subcostal break, incomplete subcosta (27 total)",Diptera,1,Ephydridae,,,,,,,,,,,
besf,recent,2025-07-03,clear vane,19,1,no,1,"besf, CV19, 2025-7-3, Vial 1","ephydrids, dark flies with hairs only on dorsal side of arista, humeral and subcostal break, incomplete subcosta (27 total)",Diptera,1,Ephydridae,,,,,,,,,,,
besf,recent,2025-07-03,clear vane,19,1,no,1,"besf, CV19, 2025-7-3, Vial 1","ephydrids, dark flies with hairs only on dorsal side of arista, humeral and subcostal break, incomplete subcosta (27 total)",Diptera,1,Ephydridae,,,,,,,,,,,
besf,recent,2025-07-03,clear vane,19,1,no,1,"besf, CV19, 2025-7-3, Vial 1","ephydrids, dark flies with hairs only on dorsal side of arista, humeral and subcostal break, incomplete subcosta (27 total)",Diptera,1,Ephydridae,,,,,,,,,,,
besf,recent,2025-07-03,clear vane,19,1,no,1,"besf, CV19, 2025-7-3, Vial 1","ephydrids, dark flies with hairs only on dorsal side of arista, humeral and subcostal break, incomplete subcosta (27 total)",Diptera,1,Ephydridae,,,,,,,,,,,
besf,recent,2025-07-03,clear vane,19,1,no,1,"besf, CV19, 2025-7-3, Vial 1","ephydrids, dark flies with hairs only on dorsal side of arista, humeral and subcostal break, incomplete subcosta (27 total)",Diptera,1,Ephydridae,,,,,,,,,,,
besf,recent,2025-07-03,clear vane,19,1,no,1,"besf, CV19, 2025-7-3, Vial 1","ephydrids, dark flies with hairs only on dorsal side of arista, humeral and subcostal break, incomplete subcosta (27 total)",Diptera,1,Ephydridae,,,,,,,,,,,
besf,recent,2025-07-03,clear vane,19,1,no,1,"besf, CV19, 2025-7-3, Vial 1","ephydrids, dark flies with hairs only on dorsal side of arista, humeral and subcostal break, incomplete subcosta (27 total)",Diptera,1,Ephydridae,,,,,,,,,,,
besf,recent,2025-07-03,clear vane,19,1,no,1,"besf, CV19, 2025-7-3, Vial 1","ephydrids, dark flies with hairs only on dorsal side of arista, humeral and subcostal break, incomplete subcosta (27 total)",Diptera,1,Ephydridae,,,,,,,,,,,
besf,recent,2025-07-03,clear vane,19,1,no,1,"besf, CV19, 2025-7-3, Vial 1","ephydrids, dark flies with hairs only on dorsal side of arista, humeral and subcostal break, incomplete subcosta (27 total)",Diptera,1,Ephydridae,,,,,,,,,,,
besf,recent,2025-07-03,clear vane,19,1,no,1,"besf, CV19, 2025-7-3, Vial 1","ephydrids, dark flies with hairs only on dorsal side of arista, humeral and subcostal break, incomplete subcosta (27 total)",Diptera,1,Ephydridae,,,,,,,,,,,
besf,recent,2025-07-03,clear vane,19,1,no,1,"besf, CV19, 2025-7-3, Vial 1","ephydrids, dark flies with hairs only on dorsal side of arista, humeral and subcostal break, incomplete subcosta (27 total)",Diptera,1,Ephydridae,,,,,,,,,,,
besf,recent,2025-07-03,clear vane,19,1,no,1,"besf, CV19, 2025-7-3, Vial 1","ephydrids, dark flies with hairs only on dorsal side of arista, humeral and subcostal break, incomplete subcosta (27 total)",Diptera,1,Ephydridae,,,,,,,,,,,
besf,recent,2025-07-03,clear vane,19,1,no,1,"besf, CV19, 2025-7-3, Vial 1","ephydrids, dark flies with hairs only on dorsal side of arista, humeral and subcostal break, incomplete subcosta (27 total)",Diptera,1,Ephydridae,,,,,,,,,,,
besf,recent,2025-07-03,clear vane,19,1,no,1,"besf, CV19, 2025-7-3, Vial 1","ephydrids, dark flies with hairs only on dorsal side of arista, humeral and subcostal break, incomplete subcosta (27 total)",Diptera,1,Ephydridae,,,,,,,,,,,
besf,recent,2025-07-03,clear vane,19,1,no,1,"besf, CV19, 2025-7-3, Vial 1","ephydrids, dark flies with hairs only on dorsal side of arista, humeral and subcostal break, incomplete subcosta (27 total)",Diptera,1,Ephydridae,,,,,,,,,,,
besf,recent,2025-07-03,clear vane,19,1,no,1,"besf, CV19, 2025-7-3, Vial 1","ephydrids, dark flies with hairs only on dorsal side of arista, humeral and subcostal break, incomplete subcosta (27 total)",Diptera,1,Ephydridae,,,,,,,,,,,
besf,recent,2025-07-03,clear vane,19,1,no,1,"besf, CV19, 2025-7-3, Vial 1","ephydrids, dark flies with hairs only on dorsal side of arista, humeral and subcostal break, incomplete subcosta (27 total)",Diptera,1,Ephydridae,,,,,,,,,,,
besf,recent,2025-07-03,clear vane,19,1,no,1,"besf, CV19, 2025-7-3, Vial 1","ephydrids, dark flies with hairs only on dorsal side of arista, humeral and subcostal break, incomplete subcosta (27 total)",Diptera,1,Ephydridae,,,,,,,,,,,
besf,recent,2025-07-03,clear vane,19,1,no,1,"besf, CV19, 2025-7-3, Vial 1","ephydrids, dark flies with hairs only on dorsal side of arista, humeral and subcostal break, incomplete subcosta (27 total)",Diptera,1,Ephydridae,,,,,,,,,,,
besf,recent,2025-07-03,clear vane,19,1,no,1,"separate vial - besf, CV19, 2025-7-3","hard ID. dark and smooth fly wth no humeral break, yes subcostal break, no vibrissa. Supposedly a chloropid, which Codey helped you ID. Putting it in the ""revisit vial"" in case you learn anything new",Diptera,1,Chloropidae,,,,,,,,,,,
besf,recent,2025-07-03,clear vane,19,1,no,1,"besf, CV19, 2025-7-3, Vial 1",dark hybotid with stripy-ish abdomen. No branched R4+5 and slightly visible gland on foretibia base,Diptera,1,Hybotidae,,,,,,,,,,,
besf,recent,2025-07-03,clear vane,19,1,no,1,"besf, CV19, 2025-7-3, Vial 1",another dark hybotid with stripey abdomen. tibial glands very weak,Diptera,1,Hybotidae,,,,,,,,,,,
besf,recent,2025-07-03,clear vane,19,1,no,1,"separate vial - besf, CV19, 2025-7-3","Codey said this is a cecidomyiid, especially with that tiny first tarsomere. keyed out this fly as chironomid, but it doesn't have suture down postscutellum and its eyes are touching. But the wing veination and body appearance matches chironomids. Putting in vial to revisit",Diptera,1,Cecidomyiidae,,,,,,,,,,,
besf,recent,2025-07-03,clear vane,19,1,no,1,"besf, CV19, 2025-7-3, Vial 1","dark chloropid wtih super weak ocellar triangle, but it's visible. Kink in CuA1 is a little visible too",Diptera,1,Chloropidae,,,,,,,,,,,
besf,recent,2025-07-03,clear vane,19,1,no,1,"besf, CV19, 2025-7-3, Vial 1",pale yellow fly with a two spots on each wing and a slightly larger head than the other drosophilids,Diptera,1,Drosophilidae,,,,,,,,,,,
besf,recent,2025-07-03,clear vane,19,1,no,1,"besf, CV19, 2025-7-3, Vial 1",dark orange drosophilid with missing abdomen,Diptera,1,Drosophilidae,,,,,,,,,,,
besf,recent,2025-07-03,clear vane,19,1,no,1,"besf, CV19, 2025-7-3, Vial 1","chloropid with dark head and thorax, but pale white abdomen. CuA1 kink and ocellar triangle easy to distinguish",Diptera,1,Chloropidae,,,,,,,,,,,
besf,recent,2025-07-03,clear vane,19,1,no,1,"besf, CV19, 2025-7-3, Vial 1","bristly brown fly, short and chunky first tarsomere of hind leg, M veins fade before reaching wing margi",Diptera,1,Sphaeroceridae,,,,,,,,,,,
besf,recent,2025-07-03,clear vane,19,1,no,1,"separate vial - besf, CV19, 2025-7-3","fly that didn't fit in any group well along the key. The kink and lack of humeral break, and slight ocellar triangle make me think chloropid. This fly has a bit more bristles on the thorax than the chloropids I'm used to. Going in vial to revisit",Diptera,1,Chloropidae,,,,,,,,,,,
besf,recent,2025-07-03,clear vane,19,1,no,1,"besf, CV19, 2025-7-3, Vial 1",sphaerocerids with short and stout first hind tarsomere. Yellow legged. 4 total,Diptera,1,Sphaeroceridae,,,,,,,,,,,
besf,recent,2025-07-03,clear vane,19,1,no,1,"besf, CV19, 2025-7-3, Vial 1",sphaerocerids with short and stout first hind tarsomere. Yellow legged. 4 total,Diptera,1,Sphaeroceridae,,,,,,,,,,,
besf,recent,2025-07-03,clear vane,19,1,no,1,"besf, CV19, 2025-7-3, Vial 1",sphaerocerids with short and stout first hind tarsomere. Yellow legged. 4 total,Diptera,1,Sphaeroceridae,,,,,,,,,,,
besf,recent,2025-07-03,clear vane,19,1,no,1,"besf, CV19, 2025-7-3, Vial 1",sphaerocerids with short and stout first hind tarsomere. Yellow legged. 4 total,Diptera,1,Sphaeroceridae,,,,,,,,,,,
besf,recent,2025-07-03,clear vane,19,1,no,1,"besf, CV19, 2025-7-3, Vial 1","mid-size cecidomyiids, most with all but the (short) first tarsomere broken off. Wing veination simple. 21 total",Diptera,1,Cecidomyiidae,,,,,,,,,,,
besf,recent,2025-07-03,clear vane,19,1,no,1,"besf, CV19, 2025-7-3, Vial 1","mid-size cecidomyiids, most with all but the (short) first tarsomere broken off. Wing veination simple. 21 total",Diptera,1,Cecidomyiidae,,,,,,,,,,,
besf,recent,2025-07-03,clear vane,19,1,no,1,"besf, CV19, 2025-7-3, Vial 1","mid-size cecidomyiids, most with all but the (short) first tarsomere broken off. Wing veination simple. 21 total",Diptera,1,Cecidomyiidae,,,,,,,,,,,
besf,recent,2025-07-03,clear vane,19,1,no,1,"besf, CV19, 2025-7-3, Vial 1","mid-size cecidomyiids, most with all but the (short) first tarsomere broken off. Wing veination simple. 21 total",Diptera,1,Cecidomyiidae,,,,,,,,,,,
besf,recent,2025-07-03,clear vane,19,1,no,1,"besf, CV19, 2025-7-3, Vial 1","mid-size cecidomyiids, most with all but the (short) first tarsomere broken off. Wing veination simple. 21 total",Diptera,1,Cecidomyiidae,,,,,,,,,,,
besf,recent,2025-07-03,clear vane,19,1,no,1,"besf, CV19, 2025-7-3, Vial 1","mid-size cecidomyiids, most with all but the (short) first tarsomere broken off. Wing veination simple. 21 total",Diptera,1,Cecidomyiidae,,,,,,,,,,,
besf,recent,2025-07-03,clear vane,19,1,no,1,"besf, CV19, 2025-7-3, Vial 1","mid-size cecidomyiids, most with all but the (short) first tarsomere broken off. Wing veination simple. 21 total",Diptera,1,Cecidomyiidae,,,,,,,,,,,
besf,recent,2025-07-03,clear vane,19,1,no,1,"besf, CV19, 2025-7-3, Vial 1","mid-size cecidomyiids, most with all but the (short) first tarsomere broken off. Wing veination simple. 21 total",Diptera,1,Cecidomyiidae,,,,,,,,,,,
besf,recent,2025-07-03,clear vane,19,1,no,1,"besf, CV19, 2025-7-3, Vial 1","mid-size cecidomyiids, most with all but the (short) first tarsomere broken off. Wing veination simple. 21 total",Diptera,1,Cecidomyiidae,,,,,,,,,,,
besf,recent,2025-07-03,clear vane,19,1,no,1,"besf, CV19, 2025-7-3, Vial 1","mid-size cecidomyiids, most with all but the (short) first tarsomere broken off. Wing veination simple. 21 total",Diptera,1,Cecidomyiidae,,,,,,,,,,,
besf,recent,2025-07-03,clear vane,19,1,no,1,"besf, CV19, 2025-7-3, Vial 1","mid-size cecidomyiids, most with all but the (short) first tarsomere broken off. Wing veination simple. 21 total",Diptera,1,Cecidomyiidae,,,,,,,,,,,
besf,recent,2025-07-03,clear vane,19,1,no,1,"besf, CV19, 2025-7-3, Vial 1","mid-size cecidomyiids, most with all but the (short) first tarsomere broken off. Wing veination simple. 21 total",Diptera,1,Cecidomyiidae,,,,,,,,,,,
besf,recent,2025-07-03,clear vane,19,1,no,1,"besf, CV19, 2025-7-3, Vial 1","mid-size cecidomyiids, most with all but the (short) first tarsomere broken off. Wing veination simple. 21 total",Diptera,1,Cecidomyiidae,,,,,,,,,,,
besf,recent,2025-07-03,clear vane,19,1,no,1,"besf, CV19, 2025-7-3, Vial 1","mid-size cecidomyiids, most with all but the (short) first tarsomere broken off. Wing veination simple. 21 total",Diptera,1,Cecidomyiidae,,,,,,,,,,,
besf,recent,2025-07-03,clear vane,19,1,no,1,"besf, CV19, 2025-7-3, Vial 1","mid-size cecidomyiids, most with all but the (short) first tarsomere broken off. Wing veination simple. 21 total",Diptera,1,Cecidomyiidae,,,,,,,,,,,
besf,recent,2025-07-03,clear vane,19,1,no,1,"besf, CV19, 2025-7-3, Vial 1","mid-size cecidomyiids, most with all but the (short) first tarsomere broken off. Wing veination simple. 21 total",Diptera,1,Cecidomyiidae,,,,,,,,,,,
besf,recent,2025-07-03,clear vane,19,1,no,1,"besf, CV19, 2025-7-3, Vial 1","mid-size cecidomyiids, most with all but the (short) first tarsomere broken off. Wing veination simple. 21 total",Diptera,1,Cecidomyiidae,,,,,,,,,,,
besf,recent,2025-07-03,clear vane,19,1,no,1,"besf, CV19, 2025-7-3, Vial 1","mid-size cecidomyiids, most with all but the (short) first tarsomere broken off. Wing veination simple. 21 total",Diptera,1,Cecidomyiidae,,,,,,,,,,,
besf,recent,2025-07-03,clear vane,19,1,no,1,"besf, CV19, 2025-7-3, Vial 1","mid-size cecidomyiids, most with all but the (short) first tarsomere broken off. Wing veination simple. 21 total",Diptera,1,Cecidomyiidae,,,,,,,,,,,
besf,recent,2025-07-03,clear vane,19,1,no,1,"besf, CV19, 2025-7-3, Vial 1","mid-size cecidomyiids, most with all but the (short) first tarsomere broken off. Wing veination simple. 21 total",Diptera,1,Cecidomyiidae,,,,,,,,,,,
besf,recent,2025-07-03,clear vane,19,1,no,1,"besf, CV19, 2025-7-3, Vial 1","mid-size cecidomyiids, most with all but the (short) first tarsomere broken off. Wing veination simple. 21 total",Diptera,1,Cecidomyiidae,,,,,,,,,,,
besf,recent,2025-07-03,clear vane,19,1,no,1,"besf, CV19, 2025-7-3, Vial 1","dark chironomids, no ocelli and clear postscutellum groove (4 total)",Diptera,1,Chironomidae,,,,,,,,,,,
besf,recent,2025-07-03,clear vane,19,1,no,1,"besf, CV19, 2025-7-3, Vial 1","dark chironomids, no ocelli and clear postscutellum groove (4 total)",Diptera,1,Chironomidae,,,,,,,,,,,
besf,recent,2025-07-03,clear vane,19,1,no,1,"besf, CV19, 2025-7-3, Vial 1","dark chironomids, no ocelli and clear postscutellum groove (4 total)",Diptera,1,Chironomidae,,,,,,,,,,,
besf,recent,2025-07-03,clear vane,19,1,no,1,"besf, CV19, 2025-7-3, Vial 1","dark chironomids, no ocelli and clear postscutellum groove (4 total)",Diptera,1,Chironomidae,,,,,,,,,,,
besf,recent,2025-07-03,clear vane,19,1,no,1,"besf, CV19, 2025-7-3, Vial 1",delicate sciarids (7 total),Diptera,1,Sciaridae,,,,,,,,,,,
besf,recent,2025-07-03,clear vane,19,1,no,1,"besf, CV19, 2025-7-3, Vial 1",delicate sciarids (7 total),Diptera,1,Sciaridae,,,,,,,,,,,
besf,recent,2025-07-03,clear vane,19,1,no,1,"besf, CV19, 2025-7-3, Vial 1",delicate sciarids (7 total),Diptera,1,Sciaridae,,,,,,,,,,,
besf,recent,2025-07-03,clear vane,19,1,no,1,"besf, CV19, 2025-7-3, Vial 1",delicate sciarids (7 total),Diptera,1,Sciaridae,,,,,,,,,,,
besf,recent,2025-07-03,clear vane,19,1,no,1,"besf, CV19, 2025-7-3, Vial 1",delicate sciarids (7 total),Diptera,1,Sciaridae,,,,,,,,,,,
besf,recent,2025-07-03,clear vane,19,1,no,1,"besf, CV19, 2025-7-3, Vial 1",delicate sciarids (7 total),Diptera,1,Sciaridae,,,,,,,,,,,
besf,recent,2025-07-03,clear vane,19,1,no,1,"besf, CV19, 2025-7-3, Vial 1",delicate sciarids (7 total),Diptera,1,Sciaridae,,,,,,,,,,,
besf,recent,2025-07-03,clear vane,19,1,no,1,"besf, CV19, 2025-7-3, Vial 1","tiny flies with simple wing veination, lack ocellim but no clearly small tarsomere 1. Still a cecidomyiid. 9 total",Diptera,1,Cecidomyiidae,,,,,,,,,,,
besf,recent,2025-07-03,clear vane,19,1,no,1,"besf, CV19, 2025-7-3, Vial 1","tiny flies with simple wing veination, lack ocellim but no clearly small tarsomere 1. Still a cecidomyiid. 9 total",Diptera,1,Cecidomyiidae,,,,,,,,,,,
besf,recent,2025-07-03,clear vane,19,1,no,1,"besf, CV19, 2025-7-3, Vial 1","tiny flies with simple wing veination, lack ocellim but no clearly small tarsomere 1. Still a cecidomyiid. 9 total",Diptera,1,Cecidomyiidae,,,,,,,,,,,
besf,recent,2025-07-03,clear vane,19,1,no,1,"besf, CV19, 2025-7-3, Vial 1","tiny flies with simple wing veination, lack ocellim but no clearly small tarsomere 1. Still a cecidomyiid. 9 total",Diptera,1,Cecidomyiidae,,,,,,,,,,,
besf,recent,2025-07-03,clear vane,19,1,no,1,"besf, CV19, 2025-7-3, Vial 1","tiny flies with simple wing veination, lack ocellim but no clearly small tarsomere 1. Still a cecidomyiid. 9 total",Diptera,1,Cecidomyiidae,,,,,,,,,,,
besf,recent,2025-07-03,clear vane,19,1,no,1,"besf, CV19, 2025-7-3, Vial 1","tiny flies with simple wing veination, lack ocellim but no clearly small tarsomere 1. Still a cecidomyiid. 9 total",Diptera,1,Cecidomyiidae,,,,,,,,,,,
besf,recent,2025-07-03,clear vane,19,1,no,1,"besf, CV19, 2025-7-3, Vial 1","tiny flies with simple wing veination, lack ocellim but no clearly small tarsomere 1. Still a cecidomyiid. 9 total",Diptera,1,Cecidomyiidae,,,,,,,,,,,
besf,recent,2025-07-03,clear vane,19,1,no,1,"besf, CV19, 2025-7-3, Vial 1","tiny flies with simple wing veination, lack ocellim but no clearly small tarsomere 1. Still a cecidomyiid. 9 total",Diptera,1,Cecidomyiidae,,,,,,,,,,,
besf,recent,2025-07-03,clear vane,19,1,no,1,"besf, CV19, 2025-7-3, Vial 1","tiny flies with simple wing veination, lack ocellim but no clearly small tarsomere 1. Still a cecidomyiid. 9 total",Diptera,1,Cecidomyiidae,,,,,,,,,,,
besf,recent,2025-07-03,clear vane,19,1,no,1,"besf, CV19, 2025-7-3, Vial 1",small black fly with stout and short first hind tarsomere,Diptera,1,Sphaeroceridae,,,,,,,,,,,
,,,,,,,,,,,,,,,,,,,,,,,
besf,medium,2025-07-03,clear vane,25,1,no,1,"besf, CV25, 2025-7-3, Vial 1",,,,,,,,left off here,,,,,,,
